Record Length,14000
Sample Interval,CH1:0.0000000020000 CH2:0.0000000020000
Vertical Units,CH1:V CH2:V,,,
Vertical Scale,CH1:2.00 CH2:10.00,,,
Vertical Offset,CH1:0.00 CH2:0.00,,,
Horizontal Units,us,,,
Horizontal Scale,2.0000000000,,,
Model Number,SDS1202X-E,,,
Serial Number,SDS1EBAX1R1121,,,
Software Version,5.1.3.8R2,,,
Source,CH1,CH2
Second,Volt,Volt
 0.00000000000,4.64000,3.60000
 0.00000000200,4.72000,4.00000
 0.00000000400,4.64000,3.60000
 0.00000000600,4.72000,3.60000
 0.00000000800,4.64000,4.00000
 0.00000001000,4.64000,3.60000
 0.00000001200,4.72000,4.00000
 0.00000001400,4.64000,3.60000
 0.00000001600,4.72000,3.60000
 0.00000001800,4.64000,4.00000
 0.00000002000,4.72000,3.60000
 0.00000002200,4.80000,4.00000
 0.00000002400,4.72000,3.60000
 0.00000002600,4.64000,3.60000
 0.00000002800,4.72000,4.00000
 0.00000003000,4.72000,3.60000
 0.00000003200,4.72000,3.60000
 0.00000003400,4.72000,3.60000
 0.00000003600,4.72000,3.60000
 0.00000003800,4.88000,4.00000
 0.00000004000,4.72000,3.60000
 0.00000004200,4.80000,3.60000
 0.00000004400,4.64000,4.00000
 0.00000004600,4.80000,3.60000
 0.00000004800,4.64000,4.00000
 0.00000005000,4.64000,3.60000
 0.00000005200,4.72000,4.00000
 0.00000005400,4.72000,4.00000
 0.00000005600,4.64000,3.60000
 0.00000005800,4.72000,4.00000
 0.00000006000,4.64000,3.60000
 0.00000006200,4.64000,4.00000
 0.00000006400,4.64000,4.00000
 0.00000006600,4.64000,3.60000
 0.00000006800,4.64000,3.60000
 0.00000007000,4.64000,3.60000
 0.00000007200,4.72000,4.00000
 0.00000007400,4.64000,4.00000
 0.00000007600,4.64000,3.60000
 0.00000007800,4.64000,3.60000
 0.00000008000,4.64000,3.60000
 0.00000008200,4.72000,4.00000
 0.00000008400,4.80000,3.60000
 0.00000008600,4.64000,3.60000
 0.00000008800,4.64000,4.00000
 0.00000009000,4.72000,3.60000
 0.00000009200,4.72000,3.60000
 0.00000009400,4.80000,3.60000
 0.00000009600,4.72000,3.60000
 0.00000009800,4.72000,4.00000
 0.00000010000,4.64000,4.00000
 0.00000010200,4.80000,3.60000
 0.00000010400,4.72000,3.60000
 0.00000010600,4.72000,3.60000
 0.00000010800,4.80000,4.00000
 0.00000011000,4.72000,4.00000
 0.00000011200,4.72000,4.00000
 0.00000011400,4.72000,3.60000
 0.00000011600,4.64000,3.60000
 0.00000011800,4.80000,4.00000
 0.00000012000,4.64000,4.00000
 0.00000012200,4.72000,4.00000
 0.00000012400,4.72000,4.00000
 0.00000012600,4.64000,3.60000
 0.00000012800,4.64000,4.00000
 0.00000013000,4.64000,4.00000
 0.00000013200,4.72000,3.60000
 0.00000013400,4.72000,4.00000
 0.00000013600,4.72000,3.60000
 0.00000013800,4.72000,4.00000
 0.00000014000,4.72000,4.00000
 0.00000014200,4.72000,3.60000
 0.00000014400,4.72000,4.00000
 0.00000014600,4.64000,3.60000
 0.00000014800,4.64000,4.00000
 0.00000015000,4.72000,4.00000
 0.00000015200,4.72000,3.60000
 0.00000015400,4.72000,4.00000
 0.00000015600,4.72000,4.00000
 0.00000015800,4.72000,4.00000
 0.00000016000,4.72000,4.00000
 0.00000016200,4.72000,3.60000
 0.00000016400,4.80000,3.60000
 0.00000016600,4.64000,4.00000
 0.00000016800,4.72000,3.60000
 0.00000017000,4.64000,4.00000
 0.00000017200,4.80000,3.60000
 0.00000017400,4.80000,3.60000
 0.00000017600,4.64000,4.00000
 0.00000017800,4.64000,3.60000
 0.00000018000,4.64000,4.00000
 0.00000018200,4.72000,3.60000
 0.00000018400,4.72000,3.60000
 0.00000018600,4.56000,4.00000
 0.00000018800,4.64000,4.00000
 0.00000019000,4.64000,4.00000
 0.00000019200,4.72000,3.60000
 0.00000019400,4.64000,3.60000
 0.00000019600,4.64000,3.60000
 0.00000019800,4.64000,4.00000
 0.00000020000,4.64000,3.60000
 0.00000020200,4.72000,3.60000
 0.00000020400,4.72000,3.60000
 0.00000020600,4.72000,3.60000
 0.00000020800,4.72000,4.00000
 0.00000021000,4.64000,3.60000
 0.00000021200,4.72000,4.00000
 0.00000021400,4.80000,3.60000
 0.00000021600,4.72000,3.60000
 0.00000021800,4.64000,4.00000
 0.00000022000,4.64000,4.00000
 0.00000022200,4.72000,4.00000
 0.00000022400,4.80000,3.60000
 0.00000022600,4.80000,3.60000
 0.00000022800,4.80000,3.60000
 0.00000023000,4.72000,4.00000
 0.00000023200,4.72000,4.00000
 0.00000023400,4.80000,3.60000
 0.00000023600,4.72000,3.60000
 0.00000023800,4.80000,3.60000
 0.00000024000,4.72000,4.00000
 0.00000024200,4.72000,4.00000
 0.00000024400,4.64000,4.00000
 0.00000024600,4.72000,3.60000
 0.00000024800,4.64000,4.00000
 0.00000025000,4.64000,4.00000
 0.00000025200,4.64000,4.00000
 0.00000025400,4.64000,4.00000
 0.00000025600,4.64000,3.60000
 0.00000025800,4.64000,4.00000
 0.00000026000,4.72000,3.60000
 0.00000026200,4.72000,4.00000
 0.00000026400,4.80000,4.00000
 0.00000026600,4.72000,3.60000
 0.00000026800,4.72000,4.00000
 0.00000027000,4.72000,3.60000
 0.00000027200,4.72000,4.00000
 0.00000027400,4.72000,4.00000
 0.00000027600,4.72000,4.00000
 0.00000027800,4.72000,4.00000
 0.00000028000,4.80000,4.00000
 0.00000028200,4.72000,4.00000
 0.00000028400,4.80000,4.00000
 0.00000028600,4.72000,4.00000
 0.00000028800,4.72000,4.00000
 0.00000029000,4.72000,4.00000
 0.00000029200,4.72000,3.60000
 0.00000029400,4.80000,4.00000
 0.00000029600,4.80000,4.00000
 0.00000029800,4.64000,4.00000
 0.00000030000,4.80000,4.00000
 0.00000030200,4.64000,3.60000
 0.00000030400,4.64000,3.60000
 0.00000030600,4.72000,4.00000
 0.00000030800,4.64000,3.60000
 0.00000031000,4.72000,4.00000
 0.00000031200,4.64000,4.00000
 0.00000031400,4.64000,3.60000
 0.00000031600,4.72000,4.00000
 0.00000031800,4.64000,3.60000
 0.00000032000,4.72000,4.00000
 0.00000032200,4.56000,4.00000
 0.00000032400,4.64000,3.60000
 0.00000032600,4.72000,4.00000
 0.00000032800,4.72000,3.60000
 0.00000033000,4.64000,4.00000
 0.00000033200,4.72000,4.00000
 0.00000033400,4.64000,3.60000
 0.00000033600,4.72000,3.60000
 0.00000033800,4.64000,3.60000
 0.00000034000,4.72000,3.60000
 0.00000034200,4.72000,4.00000
 0.00000034400,4.80000,3.60000
 0.00000034600,4.80000,3.60000
 0.00000034800,4.72000,4.00000
 0.00000035000,4.88000,3.60000
 0.00000035200,4.72000,4.00000
 0.00000035400,4.80000,3.60000
 0.00000035600,4.64000,3.60000
 0.00000035800,4.80000,4.00000
 0.00000036000,4.72000,4.00000
 0.00000036200,4.72000,4.00000
 0.00000036400,4.64000,4.00000
 0.00000036600,4.64000,3.60000
 0.00000036800,4.72000,4.00000
 0.00000037000,4.64000,4.00000
 0.00000037200,4.64000,3.60000
 0.00000037400,4.64000,4.00000
 0.00000037600,4.72000,3.60000
 0.00000037800,4.56000,4.00000
 0.00000038000,4.72000,3.60000
 0.00000038200,4.64000,3.60000
 0.00000038400,4.64000,3.60000
 0.00000038600,4.72000,3.60000
 0.00000038800,4.72000,3.60000
 0.00000039000,4.72000,3.60000
 0.00000039200,4.64000,4.00000
 0.00000039400,4.64000,3.60000
 0.00000039600,4.72000,4.00000
 0.00000039800,4.72000,3.60000
 0.00000040000,4.72000,3.60000
 0.00000040200,4.64000,4.00000
 0.00000040400,4.72000,4.00000
 0.00000040600,4.64000,4.00000
 0.00000040800,4.80000,3.60000
 0.00000041000,4.72000,3.60000
 0.00000041200,4.72000,3.60000
 0.00000041400,4.80000,4.00000
 0.00000041600,4.72000,4.00000
 0.00000041800,4.80000,3.60000
 0.00000042000,4.72000,4.00000
 0.00000042200,4.72000,3.60000
 0.00000042400,4.72000,3.60000
 0.00000042600,4.72000,4.00000
 0.00000042800,4.64000,4.00000
 0.00000043000,4.72000,4.00000
 0.00000043200,4.72000,3.60000
 0.00000043400,4.64000,3.60000
 0.00000043600,4.72000,4.00000
 0.00000043800,4.72000,4.00000
 0.00000044000,4.64000,3.60000
 0.00000044200,4.64000,3.60000
 0.00000044400,4.64000,4.00000
 0.00000044600,4.72000,4.00000
 0.00000044800,4.56000,4.00000
 0.00000045000,4.72000,3.60000
 0.00000045200,4.72000,4.00000
 0.00000045400,4.72000,4.00000
 0.00000045600,4.64000,4.00000
 0.00000045800,4.72000,4.00000
 0.00000046000,4.80000,4.00000
 0.00000046200,4.80000,4.00000
 0.00000046400,4.80000,4.00000
 0.00000046600,4.80000,4.00000
 0.00000046800,4.72000,4.00000
 0.00000047000,4.80000,4.00000
 0.00000047200,4.64000,4.00000
 0.00000047400,4.72000,4.00000
 0.00000047600,4.64000,4.00000
 0.00000047800,4.80000,4.00000
 0.00000048000,4.72000,4.00000
 0.00000048200,4.72000,4.00000
 0.00000048400,4.80000,4.00000
 0.00000048600,4.80000,4.00000
 0.00000048800,4.72000,4.00000
 0.00000049000,4.72000,4.00000
 0.00000049200,4.72000,3.60000
 0.00000049400,4.72000,4.00000
 0.00000049600,4.72000,4.00000
 0.00000049800,4.72000,4.00000
 0.00000050000,4.72000,4.00000
 0.00000050200,4.72000,3.60000
 0.00000050400,4.72000,3.60000
 0.00000050600,4.56000,4.00000
 0.00000050800,4.72000,4.00000
 0.00000051000,4.72000,4.00000
 0.00000051200,4.72000,3.60000
 0.00000051400,4.64000,3.60000
 0.00000051600,4.72000,4.00000
 0.00000051800,4.72000,4.00000
 0.00000052000,4.80000,3.60000
 0.00000052200,4.64000,3.60000
 0.00000052400,4.72000,3.60000
 0.00000052600,4.64000,4.00000
 0.00000052800,4.72000,3.60000
 0.00000053000,4.64000,3.60000
 0.00000053200,4.72000,3.60000
 0.00000053400,4.64000,3.60000
 0.00000053600,4.80000,3.60000
 0.00000053800,4.64000,3.60000
 0.00000054000,4.64000,3.60000
 0.00000054200,4.80000,3.60000
 0.00000054400,4.80000,3.60000
 0.00000054600,4.72000,3.60000
 0.00000054800,4.64000,4.00000
 0.00000055000,4.64000,3.60000
 0.00000055200,4.64000,4.00000
 0.00000055400,4.72000,3.60000
 0.00000055600,4.64000,3.60000
 0.00000055800,4.64000,4.00000
 0.00000056000,4.72000,4.00000
 0.00000056200,4.64000,4.00000
 0.00000056400,4.64000,3.60000
 0.00000056600,4.64000,3.60000
 0.00000056800,4.72000,4.00000
 0.00000057000,4.72000,4.00000
 0.00000057200,4.64000,3.60000
 0.00000057400,4.64000,3.60000
 0.00000057600,4.64000,4.00000
 0.00000057800,4.64000,4.00000
 0.00000058000,4.64000,3.60000
 0.00000058200,4.64000,3.60000
 0.00000058400,4.72000,3.60000
 0.00000058600,4.72000,4.00000
 0.00000058800,4.72000,3.60000
 0.00000059000,4.72000,3.60000
 0.00000059200,4.72000,3.60000
 0.00000059400,4.64000,3.60000
 0.00000059600,4.64000,3.60000
 0.00000059800,4.80000,3.60000
 0.00000060000,4.80000,3.60000
 0.00000060200,4.72000,3.60000
 0.00000060400,4.80000,4.00000
 0.00000060600,4.64000,3.60000
 0.00000060800,4.72000,3.60000
 0.00000061000,4.80000,3.60000
 0.00000061200,4.72000,3.60000
 0.00000061400,4.72000,4.00000
 0.00000061600,4.72000,4.00000
 0.00000061800,4.72000,3.60000
 0.00000062000,4.72000,3.60000
 0.00000062200,4.72000,3.60000
 0.00000062400,4.64000,4.00000
 0.00000062600,4.72000,4.00000
 0.00000062800,4.64000,4.00000
 0.00000063000,4.72000,3.60000
 0.00000063200,4.72000,4.00000
 0.00000063400,4.72000,4.00000
 0.00000063600,4.72000,4.00000
 0.00000063800,4.72000,4.00000
 0.00000064000,4.72000,3.60000
 0.00000064200,4.72000,4.00000
 0.00000064400,4.72000,4.00000
 0.00000064600,4.80000,4.00000
 0.00000064800,4.72000,3.60000
 0.00000065000,4.64000,3.60000
 0.00000065200,4.64000,4.00000
 0.00000065400,4.80000,4.00000
 0.00000065600,4.72000,3.60000
 0.00000065800,4.72000,3.60000
 0.00000066000,4.64000,4.00000
 0.00000066200,4.72000,4.00000
 0.00000066400,4.72000,4.00000
 0.00000066600,4.72000,3.60000
 0.00000066800,4.72000,3.60000
 0.00000067000,4.64000,4.00000
 0.00000067200,4.72000,4.00000
 0.00000067400,4.72000,4.00000
 0.00000067600,4.64000,3.60000
 0.00000067800,4.72000,3.60000
 0.00000068000,4.72000,4.00000
 0.00000068200,4.64000,4.00000
 0.00000068400,4.64000,4.00000
 0.00000068600,4.64000,3.60000
 0.00000068800,4.64000,3.60000
 0.00000069000,4.72000,4.00000
 0.00000069200,4.56000,3.60000
 0.00000069400,4.72000,4.00000
 0.00000069600,4.72000,4.00000
 0.00000069800,4.72000,3.60000
 0.00000070000,4.72000,3.60000
 0.00000070200,4.64000,3.60000
 0.00000070400,4.72000,4.00000
 0.00000070600,4.72000,4.00000
 0.00000070800,4.72000,3.60000
 0.00000071000,4.80000,3.60000
 0.00000071200,4.80000,4.00000
 0.00000071400,4.64000,4.00000
 0.00000071600,4.72000,4.00000
 0.00000071800,4.64000,3.60000
 0.00000072000,4.64000,3.60000
 0.00000072200,4.72000,4.00000
 0.00000072400,4.64000,3.60000
 0.00000072600,4.80000,4.00000
 0.00000072800,4.80000,4.00000
 0.00000073000,4.72000,3.60000
 0.00000073200,4.80000,3.60000
 0.00000073400,4.72000,3.60000
 0.00000073600,4.80000,4.00000
 0.00000073800,4.72000,4.00000
 0.00000074000,4.72000,3.60000
 0.00000074200,4.72000,3.60000
 0.00000074400,4.72000,4.00000
 0.00000074600,4.72000,4.00000
 0.00000074800,4.72000,4.00000
 0.00000075000,4.80000,3.60000
 0.00000075200,4.64000,4.00000
 0.00000075400,4.72000,4.00000
 0.00000075600,4.64000,4.00000
 0.00000075800,4.72000,4.00000
 0.00000076000,4.64000,4.00000
 0.00000076200,4.72000,4.00000
 0.00000076400,4.80000,3.60000
 0.00000076600,4.72000,4.00000
 0.00000076800,4.80000,4.00000
 0.00000077000,4.72000,4.00000
 0.00000077200,4.72000,3.60000
 0.00000077400,4.80000,3.60000
 0.00000077600,4.80000,4.00000
 0.00000077800,4.72000,4.00000
 0.00000078000,4.72000,4.00000
 0.00000078200,4.80000,3.60000
 0.00000078400,4.80000,4.00000
 0.00000078600,4.72000,4.00000
 0.00000078800,4.64000,4.00000
 0.00000079000,4.80000,4.00000
 0.00000079200,4.80000,4.00000
 0.00000079400,4.72000,4.00000
 0.00000079600,4.72000,3.60000
 0.00000079800,4.80000,4.00000
 0.00000080000,4.64000,4.00000
 0.00000080200,4.72000,4.00000
 0.00000080400,4.72000,3.60000
 0.00000080600,4.56000,3.60000
 0.00000080800,4.72000,3.60000
 0.00000081000,4.64000,4.00000
 0.00000081200,4.64000,3.60000
 0.00000081400,4.72000,3.60000
 0.00000081600,4.72000,3.60000
 0.00000081800,4.72000,3.60000
 0.00000082000,4.64000,4.00000
 0.00000082200,4.72000,3.60000
 0.00000082400,4.72000,4.00000
 0.00000082600,4.72000,3.60000
 0.00000082800,4.72000,4.00000
 0.00000083000,4.72000,4.00000
 0.00000083200,4.72000,4.00000
 0.00000083400,4.72000,4.00000
 0.00000083600,4.72000,3.60000
 0.00000083800,4.72000,4.00000
 0.00000084000,4.80000,3.60000
 0.00000084200,4.72000,4.00000
 0.00000084400,4.80000,3.60000
 0.00000084600,4.80000,3.60000
 0.00000084800,4.72000,3.60000
 0.00000085000,4.72000,3.60000
 0.00000085200,4.80000,4.00000
 0.00000085400,4.80000,3.60000
 0.00000085600,4.80000,4.00000
 0.00000085800,4.64000,3.60000
 0.00000086000,4.80000,4.00000
 0.00000086200,4.72000,4.00000
 0.00000086400,4.80000,3.60000
 0.00000086600,4.80000,4.00000
 0.00000086800,4.72000,4.00000
 0.00000087000,4.64000,4.00000
 0.00000087200,4.72000,3.60000
 0.00000087400,4.64000,3.60000
 0.00000087600,4.64000,3.60000
 0.00000087800,4.72000,4.00000
 0.00000088000,4.64000,3.60000
 0.00000088200,4.72000,3.60000
 0.00000088400,4.72000,4.00000
 0.00000088600,4.64000,3.60000
 0.00000088800,4.72000,3.60000
 0.00000089000,4.64000,3.60000
 0.00000089200,4.72000,3.60000
 0.00000089400,4.72000,4.00000
 0.00000089600,4.72000,3.60000
 0.00000089800,4.64000,3.60000
 0.00000090000,4.72000,4.00000
 0.00000090200,4.64000,3.60000
 0.00000090400,4.64000,3.60000
 0.00000090600,4.72000,3.60000
 0.00000090800,4.72000,3.60000
 0.00000091000,4.80000,4.00000
 0.00000091200,4.72000,3.60000
 0.00000091400,4.72000,3.60000
 0.00000091600,4.80000,4.00000
 0.00000091800,4.80000,3.60000
 0.00000092000,4.72000,4.00000
 0.00000092200,4.72000,3.60000
 0.00000092400,4.64000,4.00000
 0.00000092600,4.72000,4.00000
 0.00000092800,4.64000,4.00000
 0.00000093000,4.64000,4.00000
 0.00000093200,4.64000,4.00000
 0.00000093400,4.72000,4.00000
 0.00000093600,4.72000,3.60000
 0.00000093800,4.64000,4.00000
 0.00000094000,4.64000,4.00000
 0.00000094200,4.72000,4.00000
 0.00000094400,4.72000,4.00000
 0.00000094600,4.64000,3.60000
 0.00000094800,4.64000,3.60000
 0.00000095000,4.72000,4.00000
 0.00000095200,4.72000,3.60000
 0.00000095400,4.72000,4.00000
 0.00000095600,4.72000,4.00000
 0.00000095800,4.72000,3.60000
 0.00000096000,4.72000,4.00000
 0.00000096200,4.72000,3.60000
 0.00000096400,4.80000,3.60000
 0.00000096600,4.72000,4.00000
 0.00000096800,4.64000,3.60000
 0.00000097000,4.72000,4.00000
 0.00000097200,4.80000,4.00000
 0.00000097400,4.80000,3.60000
 0.00000097600,4.80000,3.60000
 0.00000097800,4.64000,3.60000
 0.00000098000,4.72000,4.00000
 0.00000098200,4.72000,4.00000
 0.00000098400,4.80000,3.60000
 0.00000098600,4.72000,3.60000
 0.00000098800,4.64000,4.00000
 0.00000099000,4.72000,4.00000
 0.00000099200,4.72000,4.00000
 0.00000099400,4.72000,3.60000
 0.00000099600,4.72000,3.60000
 0.00000099800,4.72000,4.00000
 0.00000100000,4.64000,3.60000
 0.00000100200,4.56000,4.00000
 0.00000100400,4.72000,4.00000
 0.00000100600,4.72000,3.60000
 0.00000100800,4.72000,3.60000
 0.00000101000,4.72000,3.60000
 0.00000101200,4.72000,4.00000
 0.00000101400,4.72000,4.00000
 0.00000101600,4.72000,3.60000
 0.00000101800,4.64000,3.60000
 0.00000102000,4.64000,4.00000
 0.00000102200,4.72000,4.00000
 0.00000102400,4.72000,3.60000
 0.00000102600,4.72000,3.60000
 0.00000102800,4.72000,4.00000
 0.00000103000,4.72000,4.00000
 0.00000103200,4.80000,4.00000
 0.00000103400,4.72000,3.60000
 0.00000103600,4.64000,3.60000
 0.00000103800,4.80000,4.00000
 0.00000104000,4.64000,4.00000
 0.00000104200,4.64000,4.00000
 0.00000104400,4.80000,4.00000
 0.00000104600,4.64000,3.60000
 0.00000104800,4.72000,3.60000
 0.00000105000,4.72000,4.00000
 0.00000105200,4.64000,3.60000
 0.00000105400,4.72000,4.00000
 0.00000105600,4.72000,3.60000
 0.00000105800,4.72000,3.60000
 0.00000106000,4.64000,4.00000
 0.00000106200,4.64000,3.60000
 0.00000106400,4.64000,4.00000
 0.00000106600,4.72000,3.60000
 0.00000106800,4.72000,3.60000
 0.00000107000,4.72000,4.00000
 0.00000107200,4.64000,4.00000
 0.00000107400,4.64000,4.00000
 0.00000107600,4.72000,4.00000
 0.00000107800,4.80000,3.60000
 0.00000108000,4.64000,4.00000
 0.00000108200,4.64000,4.00000
 0.00000108400,4.72000,4.00000
 0.00000108600,4.72000,4.00000
 0.00000108800,4.80000,3.60000
 0.00000109000,4.80000,4.00000
 0.00000109200,4.72000,3.60000
 0.00000109400,4.80000,4.00000
 0.00000109600,4.64000,4.00000
 0.00000109800,4.80000,3.60000
 0.00000110000,4.64000,4.00000
 0.00000110200,4.72000,3.60000
 0.00000110400,4.72000,4.00000
 0.00000110600,4.64000,4.00000
 0.00000110800,4.64000,4.00000
 0.00000111000,4.64000,4.00000
 0.00000111200,4.72000,3.60000
 0.00000111400,4.56000,4.00000
 0.00000111600,4.72000,3.60000
 0.00000111800,4.64000,4.00000
 0.00000112000,4.72000,3.60000
 0.00000112200,4.72000,3.60000
 0.00000112400,4.64000,3.60000
 0.00000112600,4.72000,3.60000
 0.00000112800,4.72000,4.00000
 0.00000113000,4.64000,3.60000
 0.00000113200,4.72000,4.00000
 0.00000113400,4.64000,3.60000
 0.00000113600,4.64000,3.60000
 0.00000113800,4.80000,4.00000
 0.00000114000,4.72000,3.60000
 0.00000114200,4.72000,4.00000
 0.00000114400,4.72000,4.00000
 0.00000114600,4.72000,3.60000
 0.00000114800,4.72000,4.00000
 0.00000115000,4.64000,3.60000
 0.00000115200,4.72000,4.00000
 0.00000115400,4.72000,4.00000
 0.00000115600,4.72000,3.60000
 0.00000115800,4.80000,4.00000
 0.00000116000,4.72000,3.60000
 0.00000116200,4.72000,4.00000
 0.00000116400,4.72000,4.00000
 0.00000116600,4.80000,3.60000
 0.00000116800,4.64000,4.00000
 0.00000117000,4.72000,3.60000
 0.00000117200,4.72000,4.00000
 0.00000117400,4.72000,4.00000
 0.00000117600,4.72000,3.60000
 0.00000117800,4.72000,4.00000
 0.00000118000,4.64000,4.00000
 0.00000118200,4.72000,4.00000
 0.00000118400,4.64000,4.00000
 0.00000118600,4.72000,3.60000
 0.00000118800,4.56000,4.00000
 0.00000119000,4.64000,4.00000
 0.00000119200,4.72000,4.00000
 0.00000119400,4.72000,4.00000
 0.00000119600,4.64000,3.60000
 0.00000119800,4.72000,4.00000
 0.00000120000,4.80000,4.00000
 0.00000120200,4.64000,4.00000
 0.00000120400,4.64000,3.60000
 0.00000120600,4.72000,3.60000
 0.00000120800,4.72000,3.60000
 0.00000121000,4.72000,4.00000
 0.00000121200,4.64000,3.60000
 0.00000121400,4.64000,3.60000
 0.00000121600,4.72000,3.60000
 0.00000121800,4.64000,3.60000
 0.00000122000,4.72000,3.60000
 0.00000122200,4.64000,3.60000
 0.00000122400,4.72000,3.60000
 0.00000122600,4.72000,3.60000
 0.00000122800,4.64000,3.60000
 0.00000123000,4.80000,3.60000
 0.00000123200,4.72000,4.00000
 0.00000123400,4.56000,3.60000
 0.00000123600,4.64000,4.00000
 0.00000123800,4.64000,3.60000
 0.00000124000,4.64000,3.60000
 0.00000124200,4.64000,4.00000
 0.00000124400,4.64000,3.60000
 0.00000124600,4.56000,4.00000
 0.00000124800,4.72000,3.60000
 0.00000125000,4.72000,3.60000
 0.00000125200,4.72000,3.60000
 0.00000125400,4.72000,3.60000
 0.00000125600,4.64000,4.00000
 0.00000125800,4.72000,3.60000
 0.00000126000,4.72000,4.00000
 0.00000126200,4.72000,3.60000
 0.00000126400,4.72000,3.60000
 0.00000126600,4.64000,4.00000
 0.00000126800,4.64000,4.00000
 0.00000127000,4.80000,4.00000
 0.00000127200,4.64000,3.60000
 0.00000127400,4.64000,3.60000
 0.00000127600,4.80000,4.00000
 0.00000127800,4.72000,4.00000
 0.00000128000,4.64000,3.60000
 0.00000128200,4.72000,3.60000
 0.00000128400,4.64000,3.60000
 0.00000128600,4.72000,4.00000
 0.00000128800,4.72000,4.00000
 0.00000129000,4.72000,3.60000
 0.00000129200,4.72000,4.00000
 0.00000129400,4.72000,3.60000
 0.00000129600,4.64000,4.00000
 0.00000129800,4.64000,4.00000
 0.00000130000,4.64000,3.60000
 0.00000130200,4.72000,4.00000
 0.00000130400,4.64000,3.60000
 0.00000130600,4.64000,4.00000
 0.00000130800,4.72000,4.00000
 0.00000131000,4.72000,3.60000
 0.00000131200,4.64000,4.00000
 0.00000131400,4.72000,3.60000
 0.00000131600,4.64000,4.00000
 0.00000131800,4.72000,4.00000
 0.00000132000,4.64000,4.00000
 0.00000132200,4.72000,4.00000
 0.00000132400,4.64000,4.00000
 0.00000132600,4.72000,4.00000
 0.00000132800,4.80000,4.00000
 0.00000133000,4.72000,4.00000
 0.00000133200,4.72000,3.60000
 0.00000133400,4.80000,4.00000
 0.00000133600,4.80000,4.00000
 0.00000133800,4.72000,4.00000
 0.00000134000,4.64000,3.60000
 0.00000134200,4.72000,3.60000
 0.00000134400,4.80000,4.00000
 0.00000134600,4.72000,4.00000
 0.00000134800,4.64000,4.00000
 0.00000135000,4.64000,3.60000
 0.00000135200,4.72000,3.60000
 0.00000135400,4.64000,4.00000
 0.00000135600,4.64000,3.60000
 0.00000135800,4.72000,4.00000
 0.00000136000,4.72000,3.60000
 0.00000136200,4.72000,3.60000
 0.00000136400,4.72000,3.60000
 0.00000136600,4.64000,3.60000
 0.00000136800,4.64000,3.60000
 0.00000137000,4.64000,3.60000
 0.00000137200,4.72000,3.60000
 0.00000137400,4.72000,3.60000
 0.00000137600,4.72000,3.60000
 0.00000137800,4.72000,3.60000
 0.00000138000,4.72000,4.00000
 0.00000138200,4.80000,3.60000
 0.00000138400,4.64000,3.60000
 0.00000138600,4.72000,3.60000
 0.00000138800,4.64000,4.00000
 0.00000139000,4.72000,4.00000
 0.00000139200,4.64000,4.00000
 0.00000139400,4.72000,3.60000
 0.00000139600,4.72000,4.00000
 0.00000139800,4.72000,4.00000
 0.00000140000,4.80000,4.00000
 0.00000140200,4.80000,4.00000
 0.00000140400,4.72000,3.60000
 0.00000140600,4.72000,4.00000
 0.00000140800,4.64000,4.00000
 0.00000141000,4.72000,4.00000
 0.00000141200,4.64000,4.00000
 0.00000141400,4.80000,3.60000
 0.00000141600,4.72000,3.60000
 0.00000141800,4.64000,4.00000
 0.00000142000,4.72000,4.00000
 0.00000142200,4.64000,4.00000
 0.00000142400,4.72000,3.60000
 0.00000142600,4.56000,3.60000
 0.00000142800,4.32000,3.60000
 0.00000143000,3.92000,4.00000
 0.00000143200,3.36000,3.60000
 0.00000143400,2.96000,3.60000
 0.00000143600,2.56000,3.60000
 0.00000143800,2.16000,3.60000
 0.00000144000,1.84000,4.00000
 0.00000144200,1.52000,3.60000
 0.00000144400,1.36000,4.00000
 0.00000144600,1.28000,4.00000
 0.00000144800,0.96000,3.60000
 0.00000145000,0.88000,4.00000
 0.00000145200,0.80000,4.00000
 0.00000145400,0.72000,4.00000
 0.00000145600,0.64000,3.60000
 0.00000145800,0.64000,3.60000
 0.00000146000,0.48000,3.60000
 0.00000146200,0.48000,4.00000
 0.00000146400,0.48000,4.00000
 0.00000146600,0.40000,3.60000
 0.00000146800,0.32000,3.60000
 0.00000147000,0.24000,3.60000
 0.00000147200,0.24000,4.00000
 0.00000147400,0.24000,3.60000
 0.00000147600,0.32000,3.60000
 0.00000147800,0.24000,3.60000
 0.00000148000,0.16000,4.00000
 0.00000148200,0.16000,4.00000
 0.00000148400,0.24000,4.00000
 0.00000148600,0.24000,3.60000
 0.00000148800,0.16000,3.60000
 0.00000149000,0.16000,4.00000
 0.00000149200,0.24000,4.00000
 0.00000149400,0.16000,4.00000
 0.00000149600,0.08000,3.60000
 0.00000149800,0.16000,3.60000
 0.00000150000,0.16000,4.00000
 0.00000150200,0.16000,4.00000
 0.00000150400,0.08000,4.00000
 0.00000150600,0.16000,3.60000
 0.00000150800,0.00,4.00000
 0.00000151000,0.08000,4.00000
 0.00000151200,0.00,4.00000
 0.00000151400,0.16000,4.00000
 0.00000151600,0.00,4.00000
 0.00000151800,0.00,4.00000
 0.00000152000,0.08000,4.00000
 0.00000152200,0.08000,4.00000
 0.00000152400,0.00,3.60000
 0.00000152600,0.00,4.00000
 0.00000152800,0.08000,4.00000
 0.00000153000,0.08000,4.00000
 0.00000153200,0.00,3.60000
 0.00000153400,0.00,3.60000
 0.00000153600,0.08000,4.00000
 0.00000153800,0.08000,4.00000
 0.00000154000,0.00,3.60000
 0.00000154200,0.00,3.60000
 0.00000154400,0.00,4.00000
 0.00000154600,0.08000,4.00000
 0.00000154800,0.08000,3.60000
 0.00000155000,0.00,3.60000
 0.00000155200,0.00,4.00000
 0.00000155400,0.00,4.00000
 0.00000155600,0.16000,3.60000
 0.00000155800,0.08000,3.60000
 0.00000156000,0.08000,3.60000
 0.00000156200,0.00,4.00000
 0.00000156400,0.16000,4.00000
 0.00000156600,0.08000,3.60000
 0.00000156800,0.00,3.60000
 0.00000157000,0.00,3.60000
 0.00000157200,0.08000,4.00000
 0.00000157400,0.08000,4.00000
 0.00000157600,0.00,3.60000
 0.00000157800,0.08000,3.60000
 0.00000158000,0.08000,4.00000
 0.00000158200,0.08000,4.00000
 0.00000158400,0.00,4.00000
 0.00000158600,0.08000,3.60000
 0.00000158800,0.08000,4.00000
 0.00000159000,0.00,4.00000
 0.00000159200,0.00,4.00000
 0.00000159400,0.08000,4.00000
 0.00000159600,0.08000,4.00000
 0.00000159800,0.08000,4.00000
 0.00000160000,0.08000,4.00000
 0.00000160200,0.08000,4.00000
 0.00000160400,0.00,4.00000
 0.00000160600,0.00,4.00000
 0.00000160800,0.00,4.00000
 0.00000161000,-0.08000,4.00000
 0.00000161200,-0.08000,4.00000
 0.00000161400,0.00,4.00000
 0.00000161600,0.00,3.60000
 0.00000161800,0.08000,4.00000
 0.00000162000,0.08000,3.60000
 0.00000162200,-0.08000,4.00000
 0.00000162400,0.00,4.00000
 0.00000162600,0.08000,3.60000
 0.00000162800,0.08000,3.60000
 0.00000163000,0.00,3.60000
 0.00000163200,0.00,4.00000
 0.00000163400,0.00,4.00000
 0.00000163600,0.08000,4.00000
 0.00000163800,-0.08000,3.60000
 0.00000164000,0.08000,3.60000
 0.00000164200,0.00,4.00000
 0.00000164400,-0.08000,4.00000
 0.00000164600,0.00,4.00000
 0.00000164800,0.08000,3.60000
 0.00000165000,0.00,3.60000
 0.00000165200,-0.08000,4.00000
 0.00000165400,-0.08000,4.00000
 0.00000165600,-0.08000,3.60000
 0.00000165800,0.00,3.60000
 0.00000166000,-0.08000,3.60000
 0.00000166200,-0.08000,4.00000
 0.00000166400,0.00,3.60000
 0.00000166600,0.00,3.60000
 0.00000166800,0.00,3.60000
 0.00000167000,0.00,3.60000
 0.00000167200,0.08000,4.00000
 0.00000167400,0.00,3.60000
 0.00000167600,0.00,4.00000
 0.00000167800,0.08000,3.60000
 0.00000168000,-0.08000,4.00000
 0.00000168200,-0.08000,4.00000
 0.00000168400,-0.08000,4.00000
 0.00000168600,0.08000,4.00000
 0.00000168800,0.00,4.00000
 0.00000169000,-0.08000,4.00000
 0.00000169200,0.00,4.00000
 0.00000169400,-0.08000,4.00000
 0.00000169600,-0.08000,4.00000
 0.00000169800,0.00,4.00000
 0.00000170000,-0.08000,3.60000
 0.00000170200,-0.08000,4.00000
 0.00000170400,-0.08000,4.00000
 0.00000170600,0.00,4.00000
 0.00000170800,-0.08000,3.60000
 0.00000171000,-0.08000,3.60000
 0.00000171200,0.00,4.00000
 0.00000171400,-0.08000,4.00000
 0.00000171600,0.08000,3.60000
 0.00000171800,-0.08000,3.60000
 0.00000172000,-0.08000,3.60000
 0.00000172200,0.00,4.00000
 0.00000172400,0.00,3.60000
 0.00000172600,0.00,3.60000
 0.00000172800,0.00,4.00000
 0.00000173000,-0.08000,3.60000
 0.00000173200,0.00,4.00000
 0.00000173400,0.00,3.60000
 0.00000173600,-0.08000,3.60000
 0.00000173800,-0.08000,4.00000
 0.00000174000,0.00,4.00000
 0.00000174200,-0.08000,4.00000
 0.00000174400,-0.08000,3.60000
 0.00000174600,0.00,3.60000
 0.00000174800,-0.08000,3.60000
 0.00000175000,0.08000,4.00000
 0.00000175200,0.08000,3.60000
 0.00000175400,0.00,3.60000
 0.00000175600,0.00,4.00000
 0.00000175800,0.00,3.60000
 0.00000176000,0.08000,4.00000
 0.00000176200,0.00,3.60000
 0.00000176400,0.00,4.00000
 0.00000176600,0.00,4.00000
 0.00000176800,-0.08000,4.00000
 0.00000177000,-0.08000,4.00000
 0.00000177200,-0.08000,4.00000
 0.00000177400,-0.08000,4.00000
 0.00000177600,-0.08000,3.60000
 0.00000177800,0.00,4.00000
 0.00000178000,0.00,4.00000
 0.00000178200,-0.08000,4.00000
 0.00000178400,-0.08000,4.00000
 0.00000178600,0.00,3.60000
 0.00000178800,-0.08000,3.60000
 0.00000179000,0.00,4.00000
 0.00000179200,-0.08000,4.00000
 0.00000179400,0.00,4.00000
 0.00000179600,0.00,4.00000
 0.00000179800,0.00,3.60000
 0.00000180000,0.00,4.00000
 0.00000180200,-0.08000,4.00000
 0.00000180400,0.00,4.00000
 0.00000180600,0.08000,4.00000
 0.00000180800,0.00,3.60000
 0.00000181000,-0.08000,4.00000
 0.00000181200,0.00,4.00000
 0.00000181400,0.08000,4.00000
 0.00000181600,-0.08000,3.60000
 0.00000181800,-0.08000,3.60000
 0.00000182000,-0.08000,4.00000
 0.00000182200,-0.08000,4.00000
 0.00000182400,0.00,3.60000
 0.00000182600,0.00,3.60000
 0.00000182800,0.00,4.00000
 0.00000183000,-0.08000,4.00000
 0.00000183200,-0.08000,4.00000
 0.00000183400,-0.08000,3.60000
 0.00000183600,0.00,3.60000
 0.00000183800,-0.08000,4.00000
 0.00000184000,0.00,3.60000
 0.00000184200,-0.08000,4.00000
 0.00000184400,0.00,4.00000
 0.00000184600,0.00,3.60000
 0.00000184800,-0.08000,4.00000
 0.00000185000,-0.08000,3.60000
 0.00000185200,-0.08000,4.00000
 0.00000185400,0.00,4.00000
 0.00000185600,-0.08000,3.60000
 0.00000185800,0.00,4.00000
 0.00000186000,0.00,3.60000
 0.00000186200,-0.08000,4.00000
 0.00000186400,0.08000,4.00000
 0.00000186600,0.08000,3.60000
 0.00000186800,0.00,3.60000
 0.00000187000,-0.08000,3.60000
 0.00000187200,0.00,4.00000
 0.00000187400,0.08000,4.00000
 0.00000187600,0.00,3.60000
 0.00000187800,0.00,3.60000
 0.00000188000,0.00,4.00000
 0.00000188200,0.00,4.00000
 0.00000188400,0.00,4.00000
 0.00000188600,0.00,3.60000
 0.00000188800,0.08000,3.60000
 0.00000189000,-0.08000,4.00000
 0.00000189200,-0.08000,3.60000
 0.00000189400,0.00,4.00000
 0.00000189600,0.08000,3.60000
 0.00000189800,0.00,3.60000
 0.00000190000,-0.08000,4.00000
 0.00000190200,-0.08000,3.60000
 0.00000190400,0.00,3.60000
 0.00000190600,0.00,3.60000
 0.00000190800,0.08000,3.60000
 0.00000191000,-0.08000,4.00000
 0.00000191200,-0.08000,4.00000
 0.00000191400,0.00,3.60000
 0.00000191600,0.00,3.60000
 0.00000191800,0.00,3.60000
 0.00000192000,0.08000,4.00000
 0.00000192200,0.00,4.00000
 0.00000192400,0.00,4.00000
 0.00000192600,-0.08000,3.60000
 0.00000192800,-0.08000,4.00000
 0.00000193000,0.08000,4.00000
 0.00000193200,0.00,3.60000
 0.00000193400,0.00,4.00000
 0.00000193600,0.00,4.00000
 0.00000193800,0.00,4.00000
 0.00000194000,-0.08000,3.60000
 0.00000194200,0.08000,3.60000
 0.00000194400,0.08000,4.00000
 0.00000194600,-0.08000,4.00000
 0.00000194800,-0.08000,4.00000
 0.00000195000,0.00,3.60000
 0.00000195200,0.00,3.60000
 0.00000195400,0.00,4.00000
 0.00000195600,-0.08000,3.60000
 0.00000195800,0.00,4.00000
 0.00000196000,0.00,4.00000
 0.00000196200,0.00,3.60000
 0.00000196400,0.00,3.60000
 0.00000196600,0.00,3.60000
 0.00000196800,0.00,4.00000
 0.00000197000,0.08000,4.00000
 0.00000197200,-0.08000,3.60000
 0.00000197400,0.00,3.60000
 0.00000197600,0.08000,4.00000
 0.00000197800,-0.08000,4.00000
 0.00000198000,0.00,4.00000
 0.00000198200,-0.08000,3.60000
 0.00000198400,-0.08000,3.60000
 0.00000198600,0.08000,4.00000
 0.00000198800,0.00,4.00000
 0.00000199000,0.00,4.00000
 0.00000199200,0.00,4.00000
 0.00000199400,0.08000,3.60000
 0.00000199600,0.08000,4.00000
 0.00000199800,0.00,4.00000
 0.00000200000,0.00,4.00000
 0.00000200200,0.00,4.00000
 0.00000200400,0.08000,3.60000
 0.00000200600,0.08000,4.00000
 0.00000200800,0.00,4.00000
 0.00000201000,0.08000,4.00000
 0.00000201200,0.00,4.00000
 0.00000201400,0.00,3.60000
 0.00000201600,0.00,4.00000
 0.00000201800,0.00,4.00000
 0.00000202000,-0.08000,4.00000
 0.00000202200,-0.08000,4.00000
 0.00000202400,0.00,4.00000
 0.00000202600,0.00,4.00000
 0.00000202800,0.00,3.60000
 0.00000203000,-0.08000,4.00000
 0.00000203200,0.00,4.00000
 0.00000203400,0.00,4.00000
 0.00000203600,0.00,3.60000
 0.00000203800,-0.08000,3.60000
 0.00000204000,0.00,4.00000
 0.00000204200,0.00,4.00000
 0.00000204400,0.00,3.60000
 0.00000204600,0.00,3.60000
 0.00000204800,0.08000,3.60000
 0.00000205000,0.00,4.00000
 0.00000205200,0.00,3.60000
 0.00000205400,0.00,3.60000
 0.00000205600,0.00,3.60000
 0.00000205800,0.08000,3.60000
 0.00000206000,-0.08000,3.60000
 0.00000206200,0.00,3.60000
 0.00000206400,0.00,4.00000
 0.00000206600,0.00,3.60000
 0.00000206800,0.00,3.60000
 0.00000207000,0.00,3.60000
 0.00000207200,0.08000,3.60000
 0.00000207400,-0.08000,4.00000
 0.00000207600,0.00,3.60000
 0.00000207800,0.08000,3.60000
 0.00000208000,0.00,3.60000
 0.00000208200,0.08000,3.60000
 0.00000208400,0.00,4.00000
 0.00000208600,0.08000,3.60000
 0.00000208800,0.08000,4.00000
 0.00000209000,0.00,3.60000
 0.00000209200,0.00,4.00000
 0.00000209400,0.08000,4.00000
 0.00000209600,0.08000,4.00000
 0.00000209800,0.00,4.00000
 0.00000210000,0.00,4.00000
 0.00000210200,0.00,4.00000
 0.00000210400,0.00,3.60000
 0.00000210600,0.00,4.00000
 0.00000210800,0.00,4.00000
 0.00000211000,0.08000,4.00000
 0.00000211200,0.08000,3.60000
 0.00000211400,0.08000,3.60000
 0.00000211600,-0.08000,4.00000
 0.00000211800,0.00,4.00000
 0.00000212000,0.08000,4.00000
 0.00000212200,0.00,3.60000
 0.00000212400,-0.08000,3.60000
 0.00000212600,-0.08000,4.00000
 0.00000212800,0.00,3.60000
 0.00000213000,-0.08000,4.00000
 0.00000213200,0.08000,3.60000
 0.00000213400,0.00,3.60000
 0.00000213600,0.00,3.60000
 0.00000213800,0.00,3.60000
 0.00000214000,0.08000,3.60000
 0.00000214200,0.00,3.60000
 0.00000214400,-0.08000,3.60000
 0.00000214600,0.00,3.60000
 0.00000214800,-0.08000,4.00000
 0.00000215000,0.08000,3.60000
 0.00000215200,0.00,3.60000
 0.00000215400,-0.08000,3.60000
 0.00000215600,-0.08000,4.00000
 0.00000215800,0.00,4.00000
 0.00000216000,0.08000,4.00000
 0.00000216200,0.08000,3.60000
 0.00000216400,0.00,3.60000
 0.00000216600,-0.08000,4.00000
 0.00000216800,0.00,4.00000
 0.00000217000,0.00,4.00000
 0.00000217200,0.00,3.60000
 0.00000217400,0.00,3.60000
 0.00000217600,0.00,3.60000
 0.00000217800,0.00,4.00000
 0.00000218000,0.08000,3.60000
 0.00000218200,0.00,3.60000
 0.00000218400,0.00,3.60000
 0.00000218600,0.00,3.60000
 0.00000218800,0.08000,3.60000
 0.00000219000,0.08000,3.60000
 0.00000219200,0.08000,3.60000
 0.00000219400,0.00,3.60000
 0.00000219600,0.08000,4.00000
 0.00000219800,0.08000,3.60000
 0.00000220000,0.08000,3.60000
 0.00000220200,0.08000,3.60000
 0.00000220400,-0.08000,4.00000
 0.00000220600,0.00,4.00000
 0.00000220800,-0.08000,4.00000
 0.00000221000,0.00,3.60000
 0.00000221200,0.00,4.00000
 0.00000221400,-0.08000,4.00000
 0.00000221600,-0.08000,3.60000
 0.00000221800,0.00,4.00000
 0.00000222000,0.08000,3.60000
 0.00000222200,0.00,4.00000
 0.00000222400,0.00,4.00000
 0.00000222600,0.00,3.60000
 0.00000222800,0.08000,3.60000
 0.00000223000,0.00,3.60000
 0.00000223200,0.00,3.60000
 0.00000223400,0.00,4.00000
 0.00000223600,0.08000,4.00000
 0.00000223800,0.08000,3.60000
 0.00000224000,0.00,3.60000
 0.00000224200,0.00,3.60000
 0.00000224400,0.08000,4.00000
 0.00000224600,-0.08000,4.00000
 0.00000224800,0.08000,3.60000
 0.00000225000,0.08000,3.60000
 0.00000225200,0.08000,4.00000
 0.00000225400,0.08000,4.00000
 0.00000225600,0.00,4.00000
 0.00000225800,-0.08000,3.60000
 0.00000226000,0.00,4.00000
 0.00000226200,0.00,4.00000
 0.00000226400,0.00,3.60000
 0.00000226600,0.08000,4.00000
 0.00000226800,0.08000,4.00000
 0.00000227000,0.00,4.00000
 0.00000227200,0.08000,4.00000
 0.00000227400,0.08000,3.60000
 0.00000227600,0.00,3.60000
 0.00000227800,0.08000,4.00000
 0.00000228000,0.08000,4.00000
 0.00000228200,0.00,4.00000
 0.00000228400,0.00,4.00000
 0.00000228600,0.00,3.60000
 0.00000228800,-0.08000,3.60000
 0.00000229000,0.08000,4.00000
 0.00000229200,0.08000,4.00000
 0.00000229400,0.00,4.00000
 0.00000229600,0.08000,4.00000
 0.00000229800,0.08000,3.60000
 0.00000230000,0.08000,3.60000
 0.00000230200,0.08000,4.00000
 0.00000230400,0.08000,4.00000
 0.00000230600,0.00,4.00000
 0.00000230800,0.08000,4.00000
 0.00000231000,0.08000,3.60000
 0.00000231200,0.08000,3.60000
 0.00000231400,0.08000,4.00000
 0.00000231600,0.08000,4.00000
 0.00000231800,0.08000,4.00000
 0.00000232000,0.00,4.00000
 0.00000232200,0.00,3.60000
 0.00000232400,0.08000,4.00000
 0.00000232600,0.08000,4.00000
 0.00000232800,0.00,3.60000
 0.00000233000,0.08000,4.00000
 0.00000233200,0.00,4.00000
 0.00000233400,0.08000,4.00000
 0.00000233600,0.08000,4.00000
 0.00000233800,0.08000,3.60000
 0.00000234000,0.08000,4.00000
 0.00000234200,0.00,4.00000
 0.00000234400,0.00,4.00000
 0.00000234600,0.00,4.00000
 0.00000234800,0.08000,3.60000
 0.00000235000,0.08000,4.00000
 0.00000235200,0.08000,3.60000
 0.00000235400,0.08000,4.00000
 0.00000235600,0.00,4.00000
 0.00000235800,0.08000,3.60000
 0.00000236000,0.08000,4.00000
 0.00000236200,0.08000,3.60000
 0.00000236400,0.00,4.00000
 0.00000236600,0.00,4.00000
 0.00000236800,0.00,4.00000
 0.00000237000,0.00,4.00000
 0.00000237200,0.08000,3.60000
 0.00000237400,0.00,4.00000
 0.00000237600,0.00,3.60000
 0.00000237800,0.08000,4.00000
 0.00000238000,0.00,3.60000
 0.00000238200,0.08000,3.60000
 0.00000238400,0.00,4.00000
 0.00000238600,-0.08000,3.60000
 0.00000238800,0.00,4.00000
 0.00000239000,0.00,3.60000
 0.00000239200,0.08000,3.60000
 0.00000239400,0.00,4.00000
 0.00000239600,0.00,3.60000
 0.00000239800,0.00,4.00000
 0.00000240000,0.00,3.60000
 0.00000240200,0.00,3.60000
 0.00000240400,0.00,3.60000
 0.00000240600,0.00,3.60000
 0.00000240800,0.00,3.60000
 0.00000241000,0.00,3.60000
 0.00000241200,0.00,3.60000
 0.00000241400,0.00,3.60000
 0.00000241600,0.00,3.60000
 0.00000241800,0.00,3.60000
 0.00000242000,0.08000,3.60000
 0.00000242200,0.00,3.60000
 0.00000242400,0.08000,3.60000
 0.00000242600,0.00,3.60000
 0.00000242800,0.00,3.60000
 0.00000243000,0.08000,3.60000
 0.00000243200,0.16000,3.60000
 0.00000243400,0.08000,3.60000
 0.00000243600,0.00,4.00000
 0.00000243800,0.00,3.60000
 0.00000244000,0.08000,4.00000
 0.00000244200,0.08000,3.60000
 0.00000244400,0.08000,3.60000
 0.00000244600,0.00,4.00000
 0.00000244800,0.00,4.00000
 0.00000245000,0.00,4.00000
 0.00000245200,0.00,3.60000
 0.00000245400,0.08000,3.60000
 0.00000245600,0.00,3.60000
 0.00000245800,0.00,4.00000
 0.00000246000,0.00,4.00000
 0.00000246200,0.00,3.60000
 0.00000246400,0.08000,3.60000
 0.00000246600,0.00,3.60000
 0.00000246800,0.00,3.60000
 0.00000247000,0.00,4.00000
 0.00000247200,0.00,3.60000
 0.00000247400,-0.08000,3.60000
 0.00000247600,0.08000,3.60000
 0.00000247800,0.00,3.60000
 0.00000248000,0.00,3.60000
 0.00000248200,0.00,3.60000
 0.00000248400,0.00,3.60000
 0.00000248600,0.08000,3.60000
 0.00000248800,0.08000,3.60000
 0.00000249000,0.00,3.60000
 0.00000249200,0.00,4.00000
 0.00000249400,0.00,3.60000
 0.00000249600,0.16000,3.60000
 0.00000249800,0.16000,3.60000
 0.00000250000,0.00,3.60000
 0.00000250200,0.00,4.00000
 0.00000250400,0.08000,4.00000
 0.00000250600,0.00,3.60000
 0.00000250800,0.08000,3.60000
 0.00000251000,0.00,3.60000
 0.00000251200,0.00,3.60000
 0.00000251400,0.16000,4.00000
 0.00000251600,0.00,3.60000
 0.00000251800,0.08000,3.60000
 0.00000252000,0.00,4.00000
 0.00000252200,0.00,3.60000
 0.00000252400,0.08000,4.00000
 0.00000252600,0.00,3.60000
 0.00000252800,0.08000,3.60000
 0.00000253000,0.00,4.00000
 0.00000253200,0.08000,3.60000
 0.00000253400,0.00,4.00000
 0.00000253600,0.08000,3.60000
 0.00000253800,0.00,3.60000
 0.00000254000,0.00,3.60000
 0.00000254200,0.08000,3.60000
 0.00000254400,0.08000,3.60000
 0.00000254600,0.16000,3.60000
 0.00000254800,0.00,4.00000
 0.00000255000,0.00,3.60000
 0.00000255200,0.08000,4.00000
 0.00000255400,0.08000,3.60000
 0.00000255600,0.00,3.60000
 0.00000255800,0.00,4.00000
 0.00000256000,0.16000,4.00000
 0.00000256200,0.00,4.00000
 0.00000256400,0.08000,3.60000
 0.00000256600,0.00,3.60000
 0.00000256800,0.08000,3.60000
 0.00000257000,0.08000,4.00000
 0.00000257200,0.00,3.60000
 0.00000257400,0.00,3.60000
 0.00000257600,0.00,4.00000
 0.00000257800,0.08000,3.60000
 0.00000258000,0.08000,3.60000
 0.00000258200,0.00,3.60000
 0.00000258400,0.00,4.00000
 0.00000258600,0.00,4.00000
 0.00000258800,0.08000,3.60000
 0.00000259000,0.08000,3.60000
 0.00000259200,0.00,3.60000
 0.00000259400,0.00,4.00000
 0.00000259600,0.08000,4.00000
 0.00000259800,0.08000,3.60000
 0.00000260000,0.08000,3.60000
 0.00000260200,0.00,3.60000
 0.00000260400,0.00,4.00000
 0.00000260600,0.00,4.00000
 0.00000260800,0.08000,3.60000
 0.00000261000,0.16000,3.60000
 0.00000261200,0.16000,3.60000
 0.00000261400,0.00,4.00000
 0.00000261600,0.08000,4.00000
 0.00000261800,0.00,3.60000
 0.00000262000,0.08000,3.60000
 0.00000262200,0.08000,3.60000
 0.00000262400,0.16000,3.60000
 0.00000262600,0.08000,4.00000
 0.00000262800,0.08000,4.00000
 0.00000263000,0.08000,3.60000
 0.00000263200,0.08000,4.00000
 0.00000263400,0.08000,3.60000
 0.00000263600,0.00,4.00000
 0.00000263800,0.00,4.00000
 0.00000264000,0.00,4.00000
 0.00000264200,0.00,4.00000
 0.00000264400,0.00,3.60000
 0.00000264600,0.00,4.00000
 0.00000264800,0.08000,3.60000
 0.00000265000,0.08000,4.00000
 0.00000265200,0.00,3.60000
 0.00000265400,0.00,3.60000
 0.00000265600,0.08000,4.00000
 0.00000265800,0.08000,3.60000
 0.00000266000,0.00,3.60000
 0.00000266200,0.00,3.60000
 0.00000266400,0.00,4.00000
 0.00000266600,0.08000,4.00000
 0.00000266800,0.08000,3.60000
 0.00000267000,0.00,3.60000
 0.00000267200,0.00,4.00000
 0.00000267400,0.00,4.00000
 0.00000267600,-0.08000,3.60000
 0.00000267800,0.00,3.60000
 0.00000268000,0.08000,3.60000
 0.00000268200,0.00,4.00000
 0.00000268400,-0.08000,4.00000
 0.00000268600,0.00,3.60000
 0.00000268800,0.00,3.60000
 0.00000269000,-0.08000,3.60000
 0.00000269200,0.00,3.60000
 0.00000269400,-0.08000,4.00000
 0.00000269600,0.08000,3.60000
 0.00000269800,-0.08000,3.60000
 0.00000270000,0.08000,3.60000
 0.00000270200,0.00,3.60000
 0.00000270400,0.00,3.60000
 0.00000270600,0.00,3.60000
 0.00000270800,-0.08000,4.00000
 0.00000271000,0.08000,3.60000
 0.00000271200,-0.08000,4.00000
 0.00000271400,0.08000,3.60000
 0.00000271600,-0.08000,4.00000
 0.00000271800,-0.08000,4.00000
 0.00000272000,0.08000,4.00000
 0.00000272200,0.08000,4.00000
 0.00000272400,-0.08000,3.60000
 0.00000272600,0.08000,4.00000
 0.00000272800,0.00,4.00000
 0.00000273000,0.00,4.00000
 0.00000273200,0.08000,4.00000
 0.00000273400,0.00,3.60000
 0.00000273600,0.08000,3.60000
 0.00000273800,-0.08000,4.00000
 0.00000274000,-0.08000,3.60000
 0.00000274200,0.00,4.00000
 0.00000274400,0.00,4.00000
 0.00000274600,-0.08000,3.60000
 0.00000274800,-0.08000,4.00000
 0.00000275000,-0.08000,3.60000
 0.00000275200,0.08000,3.60000
 0.00000275400,-0.08000,4.00000
 0.00000275600,0.08000,3.60000
 0.00000275800,-0.08000,4.00000
 0.00000276000,-0.08000,3.60000
 0.00000276200,-0.08000,3.60000
 0.00000276400,-0.08000,4.00000
 0.00000276600,0.00,3.60000
 0.00000276800,-0.08000,3.60000
 0.00000277000,-0.08000,3.60000
 0.00000277200,-0.08000,4.00000
 0.00000277400,-0.08000,4.00000
 0.00000277600,-0.08000,3.60000
 0.00000277800,0.00,3.60000
 0.00000278000,0.00,3.60000
 0.00000278200,-0.08000,4.00000
 0.00000278400,-0.08000,4.00000
 0.00000278600,0.00,3.60000
 0.00000278800,-0.16000,3.60000
 0.00000279000,-0.08000,3.60000
 0.00000279200,0.00,4.00000
 0.00000279400,0.00,4.00000
 0.00000279600,-0.08000,4.00000
 0.00000279800,-0.08000,3.60000
 0.00000280000,0.00,4.00000
 0.00000280200,0.00,4.00000
 0.00000280400,-0.08000,3.60000
 0.00000280600,-0.08000,4.00000
 0.00000280800,0.00,4.00000
 0.00000281000,-0.08000,4.00000
 0.00000281200,0.00,3.60000
 0.00000281400,-0.16000,3.60000
 0.00000281600,0.00,3.60000
 0.00000281800,-0.16000,4.00000
 0.00000282000,-0.16000,3.60000
 0.00000282200,-0.08000,3.60000
 0.00000282400,0.00,4.00000
 0.00000282600,-0.16000,3.60000
 0.00000282800,-0.16000,4.00000
 0.00000283000,-0.08000,3.60000
 0.00000283200,-0.16000,4.00000
 0.00000283400,-0.08000,4.00000
 0.00000283600,-0.08000,3.60000
 0.00000283800,-0.16000,4.00000
 0.00000284000,-0.08000,4.00000
 0.00000284200,-0.08000,4.00000
 0.00000284400,-0.08000,3.60000
 0.00000284600,-0.08000,3.60000
 0.00000284800,0.00,4.00000
 0.00000285000,-0.16000,4.00000
 0.00000285200,-0.08000,4.00000
 0.00000285400,-0.08000,3.60000
 0.00000285600,0.00,3.60000
 0.00000285800,-0.08000,4.00000
 0.00000286000,-0.08000,4.00000
 0.00000286200,-0.08000,4.00000
 0.00000286400,-0.16000,4.00000
 0.00000286600,-0.16000,3.60000
 0.00000286800,-0.16000,4.00000
 0.00000287000,-0.08000,4.00000
 0.00000287200,-0.16000,3.60000
 0.00000287400,-0.16000,4.00000
 0.00000287600,-0.16000,4.00000
 0.00000287800,-0.16000,4.00000
 0.00000288000,-0.16000,4.00000
 0.00000288200,-0.16000,3.60000
 0.00000288400,-0.08000,3.60000
 0.00000288600,-0.16000,4.00000
 0.00000288800,-0.08000,3.60000
 0.00000289000,-0.16000,4.00000
 0.00000289200,-0.16000,3.60000
 0.00000289400,-0.08000,3.60000
 0.00000289600,-0.08000,4.00000
 0.00000289800,-0.08000,3.60000
 0.00000290000,-0.08000,4.00000
 0.00000290200,-0.24000,3.60000
 0.00000290400,-0.16000,4.00000
 0.00000290600,-0.16000,4.00000
 0.00000290800,-0.16000,3.60000
 0.00000291000,-0.16000,4.00000
 0.00000291200,-0.08000,4.00000
 0.00000291400,-0.16000,4.00000
 0.00000291600,-0.08000,3.60000
 0.00000291800,-0.16000,3.60000
 0.00000292000,-0.16000,3.60000
 0.00000292200,-0.08000,4.00000
 0.00000292400,0.00,3.60000
 0.00000292600,-0.08000,3.60000
 0.00000292800,-0.16000,4.00000
 0.00000293000,-0.16000,3.60000
 0.00000293200,-0.16000,4.00000
 0.00000293400,-0.16000,3.60000
 0.00000293600,-0.24000,3.60000
 0.00000293800,-0.16000,4.00000
 0.00000294000,-0.16000,4.00000
 0.00000294200,-0.24000,4.00000
 0.00000294400,-0.16000,3.60000
 0.00000294600,-0.08000,3.60000
 0.00000294800,-0.24000,3.60000
 0.00000295000,-0.24000,4.00000
 0.00000295200,-0.16000,4.00000
 0.00000295400,-0.24000,3.60000
 0.00000295600,-0.08000,3.60000
 0.00000295800,-0.16000,3.60000
 0.00000296000,-0.16000,3.60000
 0.00000296200,-0.16000,4.00000
 0.00000296400,-0.16000,3.60000
 0.00000296600,-0.16000,3.60000
 0.00000296800,-0.16000,4.00000
 0.00000297000,-0.16000,3.60000
 0.00000297200,-0.24000,4.00000
 0.00000297400,-0.16000,3.60000
 0.00000297600,-0.24000,3.60000
 0.00000297800,-0.16000,4.00000
 0.00000298000,-0.24000,4.00000
 0.00000298200,-0.24000,4.00000
 0.00000298400,-0.16000,4.00000
 0.00000298600,-0.16000,3.60000
 0.00000298800,-0.16000,3.60000
 0.00000299000,-0.16000,4.00000
 0.00000299200,-0.16000,4.00000
 0.00000299400,-0.24000,4.00000
 0.00000299600,-0.24000,4.00000
 0.00000299800,-0.16000,3.60000
 0.00000300000,-0.16000,4.00000
 0.00000300200,-0.16000,4.00000
 0.00000300400,-0.24000,4.00000
 0.00000300600,-0.24000,4.00000
 0.00000300800,-0.16000,4.00000
 0.00000301000,-0.24000,4.00000
 0.00000301200,-0.24000,3.60000
 0.00000301400,-0.24000,4.00000
 0.00000301600,-0.16000,3.60000
 0.00000301800,-0.08000,4.00000
 0.00000302000,-0.16000,3.60000
 0.00000302200,-0.24000,3.60000
 0.00000302400,-0.24000,4.00000
 0.00000302600,-0.16000,3.60000
 0.00000302800,-0.16000,3.60000
 0.00000303000,-0.24000,3.60000
 0.00000303200,-0.16000,4.00000
 0.00000303400,-0.24000,4.00000
 0.00000303600,-0.16000,4.00000
 0.00000303800,-0.16000,3.60000
 0.00000304000,-0.16000,3.60000
 0.00000304200,-0.16000,4.00000
 0.00000304400,-0.24000,4.00000
 0.00000304600,-0.16000,4.00000
 0.00000304800,-0.08000,4.00000
 0.00000305000,-0.24000,3.60000
 0.00000305200,-0.16000,4.00000
 0.00000305400,-0.24000,4.00000
 0.00000305600,-0.24000,3.60000
 0.00000305800,-0.24000,4.00000
 0.00000306000,-0.16000,3.60000
 0.00000306200,-0.24000,4.00000
 0.00000306400,-0.16000,3.60000
 0.00000306600,-0.32000,3.60000
 0.00000306800,-0.16000,4.00000
 0.00000307000,-0.24000,3.60000
 0.00000307200,-0.24000,3.60000
 0.00000307400,-0.24000,3.60000
 0.00000307600,-0.24000,4.00000
 0.00000307800,-0.16000,4.00000
 0.00000308000,-0.24000,4.00000
 0.00000308200,-0.24000,3.60000
 0.00000308400,-0.32000,4.00000
 0.00000308600,-0.24000,4.00000
 0.00000308800,-0.16000,4.00000
 0.00000309000,-0.16000,4.00000
 0.00000309200,-0.24000,4.00000
 0.00000309400,-0.24000,4.00000
 0.00000309600,-0.24000,4.00000
 0.00000309800,-0.32000,4.00000
 0.00000310000,-0.24000,3.60000
 0.00000310200,-0.24000,4.00000
 0.00000310400,-0.24000,3.60000
 0.00000310600,-0.16000,4.00000
 0.00000310800,-0.24000,3.60000
 0.00000311000,-0.24000,3.60000
 0.00000311200,-0.16000,4.00000
 0.00000311400,-0.24000,3.60000
 0.00000311600,-0.16000,3.60000
 0.00000311800,-0.24000,3.60000
 0.00000312000,-0.32000,3.60000
 0.00000312200,-0.16000,4.00000
 0.00000312400,-0.32000,3.60000
 0.00000312600,-0.16000,3.60000
 0.00000312800,-0.32000,4.00000
 0.00000313000,-0.32000,3.60000
 0.00000313200,-0.16000,4.00000
 0.00000313400,-0.32000,3.60000
 0.00000313600,-0.32000,3.60000
 0.00000313800,-0.24000,4.00000
 0.00000314000,-0.24000,4.00000
 0.00000314200,-0.24000,4.00000
 0.00000314400,-0.24000,3.60000
 0.00000314600,-0.24000,3.60000
 0.00000314800,-0.24000,4.00000
 0.00000315000,-0.24000,4.00000
 0.00000315200,-0.32000,3.60000
 0.00000315400,-0.32000,3.60000
 0.00000315600,-0.16000,4.00000
 0.00000315800,-0.32000,4.00000
 0.00000316000,-0.32000,3.60000
 0.00000316200,-0.16000,3.60000
 0.00000316400,-0.32000,4.00000
 0.00000316600,-0.24000,4.00000
 0.00000316800,-0.32000,4.00000
 0.00000317000,-0.24000,3.60000
 0.00000317200,-0.24000,4.00000
 0.00000317400,-0.32000,4.00000
 0.00000317600,-0.24000,3.60000
 0.00000317800,-0.24000,4.00000
 0.00000318000,-0.32000,3.60000
 0.00000318200,-0.24000,4.00000
 0.00000318400,-0.16000,4.00000
 0.00000318600,-0.24000,3.60000
 0.00000318800,-0.32000,3.60000
 0.00000319000,-0.32000,3.60000
 0.00000319200,-0.32000,4.00000
 0.00000319400,-0.24000,4.00000
 0.00000319600,-0.24000,4.00000
 0.00000319800,-0.24000,3.60000
 0.00000320000,-0.32000,4.00000
 0.00000320200,-0.24000,4.00000
 0.00000320400,-0.32000,3.60000
 0.00000320600,-0.24000,4.00000
 0.00000320800,-0.32000,4.00000
 0.00000321000,-0.24000,4.00000
 0.00000321200,-0.32000,4.00000
 0.00000321400,-0.24000,3.60000
 0.00000321600,-0.32000,4.00000
 0.00000321800,-0.32000,4.00000
 0.00000322000,-0.32000,4.00000
 0.00000322200,-0.32000,4.00000
 0.00000322400,-0.32000,3.60000
 0.00000322600,-0.24000,4.00000
 0.00000322800,-0.16000,4.00000
 0.00000323000,-0.24000,4.00000
 0.00000323200,-0.32000,4.00000
 0.00000323400,-0.24000,3.60000
 0.00000323600,-0.32000,3.60000
 0.00000323800,-0.24000,4.00000
 0.00000324000,-0.32000,4.00000
 0.00000324200,-0.24000,4.00000
 0.00000324400,-0.24000,4.00000
 0.00000324600,-0.24000,3.60000
 0.00000324800,-0.32000,4.00000
 0.00000325000,-0.32000,4.00000
 0.00000325200,-0.32000,4.00000
 0.00000325400,-0.32000,4.00000
 0.00000325600,-0.24000,3.60000
 0.00000325800,-0.32000,4.00000
 0.00000326000,-0.32000,4.00000
 0.00000326200,-0.32000,4.00000
 0.00000326400,-0.32000,4.00000
 0.00000326600,-0.32000,3.60000
 0.00000326800,-0.32000,3.60000
 0.00000327000,-0.40000,4.00000
 0.00000327200,-0.32000,3.60000
 0.00000327400,-0.24000,4.00000
 0.00000327600,-0.24000,3.60000
 0.00000327800,-0.32000,3.60000
 0.00000328000,-0.24000,4.00000
 0.00000328200,-0.32000,3.60000
 0.00000328400,-0.16000,3.60000
 0.00000328600,-0.24000,3.60000
 0.00000328800,-0.32000,3.60000
 0.00000329000,-0.16000,4.00000
 0.00000329200,-0.32000,4.00000
 0.00000329400,-0.24000,3.60000
 0.00000329600,-0.32000,4.00000
 0.00000329800,-0.32000,3.60000
 0.00000330000,-0.32000,4.00000
 0.00000330200,-0.32000,4.00000
 0.00000330400,-0.24000,3.60000
 0.00000330600,-0.24000,4.00000
 0.00000330800,-0.24000,3.60000
 0.00000331000,-0.32000,4.00000
 0.00000331200,-0.32000,4.00000
 0.00000331400,-0.32000,3.60000
 0.00000331600,-0.40000,3.60000
 0.00000331800,-0.40000,3.60000
 0.00000332000,-0.32000,3.60000
 0.00000332200,-0.32000,4.00000
 0.00000332400,-0.24000,4.00000
 0.00000332600,-0.32000,3.60000
 0.00000332800,-0.24000,3.60000
 0.00000333000,-0.32000,3.60000
 0.00000333200,-0.24000,3.60000
 0.00000333400,-0.24000,4.00000
 0.00000333600,-0.32000,4.00000
 0.00000333800,-0.40000,3.60000
 0.00000334000,-0.32000,4.00000
 0.00000334200,-0.32000,3.60000
 0.00000334400,-0.32000,3.60000
 0.00000334600,-0.32000,4.00000
 0.00000334800,-0.32000,4.00000
 0.00000335000,-0.40000,4.00000
 0.00000335200,-0.32000,3.60000
 0.00000335400,-0.24000,3.60000
 0.00000335600,-0.32000,3.60000
 0.00000335800,-0.32000,4.00000
 0.00000336000,-0.32000,4.00000
 0.00000336200,-0.24000,3.60000
 0.00000336400,-0.32000,3.60000
 0.00000336600,-0.24000,3.60000
 0.00000336800,-0.32000,4.00000
 0.00000337000,-0.32000,4.00000
 0.00000337200,-0.24000,4.00000
 0.00000337400,-0.40000,3.60000
 0.00000337600,-0.32000,3.60000
 0.00000337800,-0.24000,4.00000
 0.00000338000,-0.32000,4.00000
 0.00000338200,-0.24000,4.00000
 0.00000338400,-0.32000,4.00000
 0.00000338600,-0.24000,3.60000
 0.00000338800,-0.32000,4.00000
 0.00000339000,-0.24000,4.00000
 0.00000339200,-0.40000,4.00000
 0.00000339400,-0.24000,4.00000
 0.00000339600,-0.32000,4.00000
 0.00000339800,-0.24000,4.00000
 0.00000340000,-0.32000,4.00000
 0.00000340200,-0.40000,4.00000
 0.00000340400,-0.40000,4.00000
 0.00000340600,-0.32000,4.00000
 0.00000340800,-0.32000,4.00000
 0.00000341000,-0.24000,4.00000
 0.00000341200,-0.32000,4.00000
 0.00000341400,-0.32000,4.00000
 0.00000341600,-0.32000,4.00000
 0.00000341800,-0.24000,4.00000
 0.00000342000,-0.40000,3.60000
 0.00000342200,-0.24000,4.00000
 0.00000342400,-0.40000,4.00000
 0.00000342600,-0.24000,4.00000
 0.00000342800,-0.32000,4.00000
 0.00000343000,-0.40000,3.60000
 0.00000343200,-0.24000,4.00000
 0.00000343400,-0.40000,4.00000
 0.00000343600,-0.32000,3.60000
 0.00000343800,-0.32000,4.00000
 0.00000344000,-0.32000,3.60000
 0.00000344200,-0.40000,4.00000
 0.00000344400,-0.32000,3.60000
 0.00000344600,-0.32000,3.60000
 0.00000344800,-0.32000,3.60000
 0.00000345000,-0.32000,3.60000
 0.00000345200,-0.32000,4.00000
 0.00000345400,-0.32000,3.60000
 0.00000345600,-0.32000,3.60000
 0.00000345800,-0.32000,3.60000
 0.00000346000,-0.24000,3.60000
 0.00000346200,-0.40000,4.00000
 0.00000346400,-0.24000,3.60000
 0.00000346600,-0.32000,3.60000
 0.00000346800,-0.40000,3.60000
 0.00000347000,-0.32000,3.60000
 0.00000347200,-0.32000,3.60000
 0.00000347400,-0.24000,3.60000
 0.00000347600,-0.24000,4.00000
 0.00000347800,-0.40000,3.60000
 0.00000348000,-0.40000,4.00000
 0.00000348200,-0.32000,3.60000
 0.00000348400,-0.32000,3.60000
 0.00000348600,-0.24000,4.00000
 0.00000348800,-0.32000,3.60000
 0.00000349000,-0.32000,4.00000
 0.00000349200,-0.32000,4.00000
 0.00000349400,-0.32000,3.60000
 0.00000349600,-0.32000,3.60000
 0.00000349800,-0.40000,3.60000
 0.00000350000,-0.40000,4.00000
 0.00000350200,-0.32000,4.00000
 0.00000350400,-0.32000,3.60000
 0.00000350600,-0.40000,3.60000
 0.00000350800,-0.40000,3.60000
 0.00000351000,-0.40000,4.00000
 0.00000351200,-0.32000,4.00000
 0.00000351400,-0.32000,3.60000
 0.00000351600,-0.32000,3.60000
 0.00000351800,-0.40000,3.60000
 0.00000352000,-0.40000,3.60000
 0.00000352200,-0.40000,4.00000
 0.00000352400,-0.40000,3.60000
 0.00000352600,-0.32000,3.60000
 0.00000352800,-0.32000,3.60000
 0.00000353000,-0.40000,3.60000
 0.00000353200,-0.40000,4.00000
 0.00000353400,-0.32000,3.60000
 0.00000353600,-0.32000,3.60000
 0.00000353800,-0.32000,3.60000
 0.00000354000,-0.32000,3.60000
 0.00000354200,-0.32000,4.00000
 0.00000354400,-0.32000,3.60000
 0.00000354600,-0.24000,3.60000
 0.00000354800,-0.32000,4.00000
 0.00000355000,-0.40000,3.60000
 0.00000355200,-0.40000,4.00000
 0.00000355400,-0.40000,3.60000
 0.00000355600,-0.32000,3.60000
 0.00000355800,-0.32000,4.00000
 0.00000356000,-0.40000,4.00000
 0.00000356200,-0.40000,4.00000
 0.00000356400,-0.32000,3.60000
 0.00000356600,-0.32000,3.60000
 0.00000356800,-0.40000,4.00000
 0.00000357000,-0.32000,4.00000
 0.00000357200,-0.40000,3.60000
 0.00000357400,-0.32000,3.60000
 0.00000357600,-0.32000,3.60000
 0.00000357800,-0.40000,4.00000
 0.00000358000,-0.32000,3.60000
 0.00000358200,-0.40000,3.60000
 0.00000358400,-0.32000,3.60000
 0.00000358600,-0.24000,3.60000
 0.00000358800,-0.40000,3.60000
 0.00000359000,-0.40000,3.60000
 0.00000359200,-0.40000,4.00000
 0.00000359400,-0.40000,3.60000
 0.00000359600,-0.40000,3.60000
 0.00000359800,-0.32000,3.60000
 0.00000360000,-0.32000,3.60000
 0.00000360200,-0.32000,4.00000
 0.00000360400,-0.40000,4.00000
 0.00000360600,-0.32000,3.60000
 0.00000360800,-0.32000,3.60000
 0.00000361000,-0.32000,3.60000
 0.00000361200,-0.32000,3.60000
 0.00000361400,-0.32000,4.00000
 0.00000361600,-0.32000,4.00000
 0.00000361800,-0.32000,3.60000
 0.00000362000,-0.32000,3.60000
 0.00000362200,-0.32000,3.60000
 0.00000362400,-0.32000,4.00000
 0.00000362600,-0.40000,4.00000
 0.00000362800,-0.32000,4.00000
 0.00000363000,-0.32000,3.60000
 0.00000363200,-0.40000,3.60000
 0.00000363400,-0.40000,4.00000
 0.00000363600,-0.40000,4.00000
 0.00000363800,-0.32000,4.00000
 0.00000364000,-0.24000,3.60000
 0.00000364200,-0.32000,3.60000
 0.00000364400,-0.32000,4.00000
 0.00000364600,-0.40000,4.00000
 0.00000364800,-0.40000,4.00000
 0.00000365000,-0.40000,3.60000
 0.00000365200,-0.32000,3.60000
 0.00000365400,-0.40000,4.00000
 0.00000365600,-0.32000,3.60000
 0.00000365800,-0.24000,4.00000
 0.00000366000,-0.40000,4.00000
 0.00000366200,-0.32000,3.60000
 0.00000366400,-0.40000,4.00000
 0.00000366600,-0.32000,3.60000
 0.00000366800,-0.32000,4.00000
 0.00000367000,-0.32000,4.00000
 0.00000367200,-0.40000,4.00000
 0.00000367400,-0.24000,4.00000
 0.00000367600,-0.40000,3.60000
 0.00000367800,-0.24000,4.00000
 0.00000368000,-0.24000,4.00000
 0.00000368200,-0.32000,4.00000
 0.00000368400,-0.40000,4.00000
 0.00000368600,-0.40000,3.60000
 0.00000368800,-0.24000,4.00000
 0.00000369000,-0.32000,4.00000
 0.00000369200,-0.40000,3.60000
 0.00000369400,-0.40000,4.00000
 0.00000369600,-0.40000,4.00000
 0.00000369800,-0.40000,4.00000
 0.00000370000,-0.40000,3.60000
 0.00000370200,-0.40000,3.60000
 0.00000370400,-0.40000,3.60000
 0.00000370600,-0.40000,4.00000
 0.00000370800,-0.32000,3.60000
 0.00000371000,-0.40000,3.60000
 0.00000371200,-0.40000,3.60000
 0.00000371400,-0.40000,3.60000
 0.00000371600,-0.40000,4.00000
 0.00000371800,-0.40000,3.60000
 0.00000372000,-0.40000,3.60000
 0.00000372200,-0.32000,3.60000
 0.00000372400,-0.40000,3.60000
 0.00000372600,-0.40000,4.00000
 0.00000372800,-0.40000,3.60000
 0.00000373000,-0.32000,3.60000
 0.00000373200,-0.40000,3.60000
 0.00000373400,-0.40000,3.60000
 0.00000373600,-0.24000,4.00000
 0.00000373800,-0.40000,3.60000
 0.00000374000,-0.32000,3.60000
 0.00000374200,-0.40000,3.60000
 0.00000374400,-0.40000,3.60000
 0.00000374600,-0.32000,4.00000
 0.00000374800,-0.32000,4.00000
 0.00000375000,-0.32000,3.60000
 0.00000375200,-0.32000,4.00000
 0.00000375400,-0.40000,3.60000
 0.00000375600,-0.40000,4.00000
 0.00000375800,-0.32000,4.00000
 0.00000376000,-0.40000,3.60000
 0.00000376200,-0.40000,4.00000
 0.00000376400,-0.40000,4.00000
 0.00000376600,-0.40000,4.00000
 0.00000376800,-0.32000,3.60000
 0.00000377000,-0.32000,3.60000
 0.00000377200,-0.40000,3.60000
 0.00000377400,-0.40000,4.00000
 0.00000377600,-0.24000,4.00000
 0.00000377800,-0.40000,3.60000
 0.00000378000,-0.40000,3.60000
 0.00000378200,-0.40000,3.60000
 0.00000378400,-0.40000,3.60000
 0.00000378600,-0.32000,4.00000
 0.00000378800,-0.32000,3.60000
 0.00000379000,-0.32000,3.60000
 0.00000379200,-0.32000,4.00000
 0.00000379400,-0.40000,3.60000
 0.00000379600,-0.40000,3.60000
 0.00000379800,-0.32000,3.60000
 0.00000380000,-0.40000,3.60000
 0.00000380200,-0.40000,4.00000
 0.00000380400,-0.32000,4.00000
 0.00000380600,-0.40000,3.60000
 0.00000380800,-0.40000,3.60000
 0.00000381000,-0.32000,3.60000
 0.00000381200,-0.40000,3.60000
 0.00000381400,-0.32000,4.00000
 0.00000381600,-0.40000,4.00000
 0.00000381800,-0.40000,3.60000
 0.00000382000,-0.40000,4.00000
 0.00000382200,-0.32000,3.60000
 0.00000382400,-0.40000,4.00000
 0.00000382600,-0.32000,4.00000
 0.00000382800,-0.40000,4.00000
 0.00000383000,-0.40000,4.00000
 0.00000383200,-0.40000,4.00000
 0.00000383400,-0.40000,4.00000
 0.00000383600,-0.32000,3.60000
 0.00000383800,-0.40000,4.00000
 0.00000384000,-0.40000,3.60000
 0.00000384200,-0.32000,4.00000
 0.00000384400,-0.32000,3.60000
 0.00000384600,-0.32000,3.60000
 0.00000384800,-0.24000,4.00000
 0.00000385000,-0.32000,3.60000
 0.00000385200,-0.32000,4.00000
 0.00000385400,-0.32000,3.60000
 0.00000385600,-0.40000,3.60000
 0.00000385800,-0.32000,4.00000
 0.00000386000,-0.40000,4.00000
 0.00000386200,-0.32000,4.00000
 0.00000386400,-0.24000,4.00000
 0.00000386600,-0.32000,3.60000
 0.00000386800,-0.32000,4.00000
 0.00000387000,-0.32000,4.00000
 0.00000387200,-0.32000,4.00000
 0.00000387400,-0.40000,4.00000
 0.00000387600,-0.32000,4.00000
 0.00000387800,-0.40000,4.00000
 0.00000388000,-0.32000,3.60000
 0.00000388200,-0.32000,4.00000
 0.00000388400,-0.32000,4.00000
 0.00000388600,-0.32000,4.00000
 0.00000388800,-0.40000,3.60000
 0.00000389000,-0.40000,3.60000
 0.00000389200,-0.40000,4.00000
 0.00000389400,-0.40000,4.00000
 0.00000389600,-0.40000,3.60000
 0.00000389800,-0.32000,3.60000
 0.00000390000,-0.32000,4.00000
 0.00000390200,-0.40000,4.00000
 0.00000390400,-0.24000,4.00000
 0.00000390600,-0.08000,3.60000
 0.00000390800,0.24000,3.60000
 0.00000391000,0.72000,4.00000
 0.00000391200,1.20000,4.00000
 0.00000391400,1.60000,4.00000
 0.00000391600,2.00000,4.00000
 0.00000391800,2.32000,3.60000
 0.00000392000,2.64000,3.60000
 0.00000392200,2.72000,4.00000
 0.00000392400,2.88000,3.60000
 0.00000392600,3.20000,4.00000
 0.00000392800,3.28000,3.60000
 0.00000393000,3.44000,3.60000
 0.00000393200,3.36000,4.00000
 0.00000393400,3.60000,3.60000
 0.00000393600,3.60000,4.00000
 0.00000393800,3.76000,3.60000
 0.00000394000,3.84000,3.60000
 0.00000394200,3.84000,4.00000
 0.00000394400,3.84000,4.00000
 0.00000394600,4.00000,4.00000
 0.00000394800,3.92000,3.60000
 0.00000395000,4.08000,3.60000
 0.00000395200,4.08000,4.00000
 0.00000395400,4.08000,4.00000
 0.00000395600,4.16000,4.00000
 0.00000395800,4.08000,3.60000
 0.00000396000,4.24000,3.60000
 0.00000396200,4.16000,4.00000
 0.00000396400,4.16000,3.60000
 0.00000396600,4.16000,4.00000
 0.00000396800,4.08000,4.00000
 0.00000397000,4.16000,3.60000
 0.00000397200,4.16000,4.00000
 0.00000397400,4.24000,3.60000
 0.00000397600,4.24000,4.00000
 0.00000397800,4.16000,4.00000
 0.00000398000,4.24000,4.00000
 0.00000398200,4.16000,4.00000
 0.00000398400,4.24000,3.60000
 0.00000398600,4.16000,4.00000
 0.00000398800,4.24000,3.60000
 0.00000399000,4.16000,4.00000
 0.00000399200,4.32000,3.60000
 0.00000399400,4.24000,3.60000
 0.00000399600,4.24000,3.60000
 0.00000399800,4.24000,3.60000
 0.00000400000,4.32000,4.00000
 0.00000400200,4.32000,3.60000
 0.00000400400,4.32000,3.60000
 0.00000400600,4.32000,3.60000
 0.00000400800,4.32000,4.00000
 0.00000401000,4.32000,4.00000
 0.00000401200,4.24000,3.60000
 0.00000401400,4.40000,3.60000
 0.00000401600,4.32000,4.00000
 0.00000401800,4.32000,4.00000
 0.00000402000,4.32000,4.00000
 0.00000402200,4.24000,3.60000
 0.00000402400,4.32000,4.00000
 0.00000402600,4.40000,4.00000
 0.00000402800,4.32000,3.60000
 0.00000403000,4.32000,4.00000
 0.00000403200,4.32000,3.60000
 0.00000403400,4.32000,4.00000
 0.00000403600,4.32000,4.00000
 0.00000403800,4.32000,3.60000
 0.00000404000,4.24000,4.00000
 0.00000404200,4.24000,3.60000
 0.00000404400,4.32000,4.00000
 0.00000404600,4.40000,4.00000
 0.00000404800,4.32000,3.60000
 0.00000405000,4.32000,4.00000
 0.00000405200,4.32000,4.00000
 0.00000405400,4.24000,4.00000
 0.00000405600,4.48000,4.00000
 0.00000405800,4.40000,3.60000
 0.00000406000,4.32000,3.60000
 0.00000406200,4.40000,4.00000
 0.00000406400,4.40000,4.00000
 0.00000406600,4.40000,4.00000
 0.00000406800,4.40000,3.60000
 0.00000407000,4.40000,3.60000
 0.00000407200,4.40000,4.00000
 0.00000407400,4.32000,4.00000
 0.00000407600,4.40000,3.60000
 0.00000407800,4.40000,3.60000
 0.00000408000,4.40000,3.60000
 0.00000408200,4.32000,4.00000
 0.00000408400,4.32000,4.00000
 0.00000408600,4.32000,3.60000
 0.00000408800,4.48000,3.60000
 0.00000409000,4.40000,3.60000
 0.00000409200,4.40000,3.60000
 0.00000409400,4.32000,4.00000
 0.00000409600,4.32000,3.60000
 0.00000409800,4.40000,3.60000
 0.00000410000,4.40000,3.60000
 0.00000410200,4.40000,3.60000
 0.00000410400,4.48000,4.00000
 0.00000410600,4.32000,3.60000
 0.00000410800,4.48000,4.00000
 0.00000411000,4.40000,3.60000
 0.00000411200,4.40000,3.60000
 0.00000411400,4.48000,4.00000
 0.00000411600,4.40000,4.00000
 0.00000411800,4.48000,4.00000
 0.00000412000,4.48000,4.00000
 0.00000412200,4.48000,3.60000
 0.00000412400,4.40000,3.60000
 0.00000412600,4.48000,4.00000
 0.00000412800,4.56000,4.00000
 0.00000413000,4.40000,4.00000
 0.00000413200,4.48000,4.00000
 0.00000413400,4.40000,3.60000
 0.00000413600,4.56000,3.60000
 0.00000413800,4.56000,4.00000
 0.00000414000,4.40000,3.60000
 0.00000414200,4.56000,4.00000
 0.00000414400,4.48000,4.00000
 0.00000414600,4.40000,3.60000
 0.00000414800,4.48000,4.00000
 0.00000415000,4.40000,3.60000
 0.00000415200,4.40000,3.60000
 0.00000415400,4.48000,4.00000
 0.00000415600,4.48000,3.60000
 0.00000415800,4.48000,4.00000
 0.00000416000,4.48000,4.00000
 0.00000416200,4.48000,3.60000
 0.00000416400,4.48000,4.00000
 0.00000416600,4.48000,3.60000
 0.00000416800,4.40000,4.00000
 0.00000417000,4.40000,4.00000
 0.00000417200,4.48000,4.00000
 0.00000417400,4.56000,4.00000
 0.00000417600,4.56000,3.60000
 0.00000417800,4.56000,4.00000
 0.00000418000,4.56000,4.00000
 0.00000418200,4.56000,4.00000
 0.00000418400,4.56000,4.00000
 0.00000418600,4.56000,3.60000
 0.00000418800,4.48000,4.00000
 0.00000419000,4.56000,4.00000
 0.00000419200,4.48000,4.00000
 0.00000419400,4.56000,4.00000
 0.00000419600,4.48000,4.00000
 0.00000419800,4.56000,4.00000
 0.00000420000,4.48000,4.00000
 0.00000420200,4.56000,4.00000
 0.00000420400,4.48000,3.60000
 0.00000420600,4.56000,4.00000
 0.00000420800,4.56000,4.00000
 0.00000421000,4.56000,4.00000
 0.00000421200,4.56000,3.60000
 0.00000421400,4.56000,3.60000
 0.00000421600,4.56000,4.00000
 0.00000421800,4.48000,4.00000
 0.00000422000,4.56000,3.60000
 0.00000422200,4.56000,3.60000
 0.00000422400,4.40000,3.60000
 0.00000422600,4.48000,4.00000
 0.00000422800,4.48000,4.00000
 0.00000423000,4.56000,3.60000
 0.00000423200,4.56000,4.00000
 0.00000423400,4.48000,3.60000
 0.00000423600,4.56000,3.60000
 0.00000423800,4.48000,4.00000
 0.00000424000,4.56000,3.60000
 0.00000424200,4.56000,4.00000
 0.00000424400,4.64000,3.60000
 0.00000424600,4.56000,3.60000
 0.00000424800,4.56000,3.60000
 0.00000425000,4.56000,3.60000
 0.00000425200,4.56000,4.00000
 0.00000425400,4.64000,3.60000
 0.00000425600,4.56000,3.60000
 0.00000425800,4.64000,3.60000
 0.00000426000,4.64000,4.00000
 0.00000426200,4.64000,4.00000
 0.00000426400,4.56000,4.00000
 0.00000426600,4.64000,3.60000
 0.00000426800,4.56000,4.00000
 0.00000427000,4.64000,4.00000
 0.00000427200,4.64000,4.00000
 0.00000427400,4.56000,4.00000
 0.00000427600,4.56000,4.00000
 0.00000427800,4.48000,4.00000
 0.00000428000,4.64000,3.60000
 0.00000428200,4.48000,4.00000
 0.00000428400,4.48000,3.60000
 0.00000428600,4.56000,4.00000
 0.00000428800,4.56000,3.60000
 0.00000429000,4.48000,3.60000
 0.00000429200,4.48000,4.00000
 0.00000429400,4.48000,3.60000
 0.00000429600,4.56000,3.60000
 0.00000429800,4.64000,3.60000
 0.00000430000,4.56000,3.60000
 0.00000430200,4.56000,4.00000
 0.00000430400,4.56000,3.60000
 0.00000430600,4.56000,3.60000
 0.00000430800,4.64000,3.60000
 0.00000431000,4.64000,3.60000
 0.00000431200,4.56000,4.00000
 0.00000431400,4.56000,3.60000
 0.00000431600,4.64000,4.00000
 0.00000431800,4.64000,3.60000
 0.00000432000,4.56000,3.60000
 0.00000432200,4.56000,4.00000
 0.00000432400,4.64000,4.00000
 0.00000432600,4.64000,4.00000
 0.00000432800,4.72000,3.60000
 0.00000433000,4.64000,3.60000
 0.00000433200,4.64000,4.00000
 0.00000433400,4.64000,4.00000
 0.00000433600,4.56000,4.00000
 0.00000433800,4.56000,3.60000
 0.00000434000,4.48000,4.00000
 0.00000434200,4.56000,4.00000
 0.00000434400,4.64000,3.60000
 0.00000434600,4.56000,4.00000
 0.00000434800,4.64000,3.60000
 0.00000435000,4.64000,4.00000
 0.00000435200,4.64000,4.00000
 0.00000435400,4.64000,3.60000
 0.00000435600,4.72000,3.60000
 0.00000435800,4.56000,3.60000
 0.00000436000,4.72000,3.60000
 0.00000436200,4.64000,4.00000
 0.00000436400,4.72000,3.60000
 0.00000436600,4.72000,3.60000
 0.00000436800,4.72000,4.00000
 0.00000437000,4.64000,3.60000
 0.00000437200,4.64000,4.00000
 0.00000437400,4.64000,3.60000
 0.00000437600,4.72000,4.00000
 0.00000437800,4.64000,4.00000
 0.00000438000,4.72000,4.00000
 0.00000438200,4.64000,4.00000
 0.00000438400,4.64000,4.00000
 0.00000438600,4.56000,4.00000
 0.00000438800,4.64000,3.60000
 0.00000439000,4.72000,4.00000
 0.00000439200,4.72000,3.60000
 0.00000439400,4.64000,4.00000
 0.00000439600,4.64000,4.00000
 0.00000439800,4.64000,3.60000
 0.00000440000,4.72000,4.00000
 0.00000440200,4.64000,3.60000
 0.00000440400,4.56000,3.60000
 0.00000440600,4.64000,4.00000
 0.00000440800,4.64000,4.00000
 0.00000441000,4.56000,4.00000
 0.00000441200,4.64000,4.00000
 0.00000441400,4.64000,3.60000
 0.00000441600,4.64000,3.60000
 0.00000441800,4.64000,4.00000
 0.00000442000,4.64000,3.60000
 0.00000442200,4.72000,4.00000
 0.00000442400,4.64000,4.00000
 0.00000442600,4.64000,3.60000
 0.00000442800,4.72000,3.60000
 0.00000443000,4.64000,3.60000
 0.00000443200,4.64000,3.60000
 0.00000443400,4.64000,4.00000
 0.00000443600,4.64000,4.00000
 0.00000443800,4.72000,3.60000
 0.00000444000,4.72000,3.60000
 0.00000444200,4.72000,3.60000
 0.00000444400,4.72000,4.00000
 0.00000444600,4.72000,4.00000
 0.00000444800,4.64000,3.60000
 0.00000445000,4.72000,3.60000
 0.00000445200,4.72000,3.60000
 0.00000445400,4.72000,4.00000
 0.00000445600,4.80000,3.60000
 0.00000445800,4.72000,3.60000
 0.00000446000,4.72000,4.00000
 0.00000446200,4.72000,3.60000
 0.00000446400,4.64000,4.00000
 0.00000446600,4.64000,3.60000
 0.00000446800,4.64000,4.00000
 0.00000447000,4.72000,4.00000
 0.00000447200,4.72000,4.00000
 0.00000447400,4.64000,4.00000
 0.00000447600,4.64000,4.00000
 0.00000447800,4.64000,4.00000
 0.00000448000,4.72000,4.00000
 0.00000448200,4.64000,4.00000
 0.00000448400,4.64000,4.00000
 0.00000448600,4.72000,4.00000
 0.00000448800,4.72000,3.60000
 0.00000449000,4.64000,4.00000
 0.00000449200,4.64000,4.00000
 0.00000449400,4.64000,4.00000
 0.00000449600,4.72000,4.00000
 0.00000449800,4.80000,3.60000
 0.00000450000,4.72000,3.60000
 0.00000450200,4.80000,4.00000
 0.00000450400,4.72000,4.00000
 0.00000450600,4.72000,4.00000
 0.00000450800,4.72000,3.60000
 0.00000451000,4.80000,3.60000
 0.00000451200,4.80000,3.60000
 0.00000451400,4.56000,4.00000
 0.00000451600,4.80000,4.00000
 0.00000451800,4.72000,3.60000
 0.00000452000,4.72000,3.60000
 0.00000452200,4.64000,3.60000
 0.00000452400,4.64000,4.00000
 0.00000452600,4.80000,4.00000
 0.00000452800,4.64000,3.60000
 0.00000453000,4.56000,3.60000
 0.00000453200,4.64000,4.00000
 0.00000453400,4.64000,4.00000
 0.00000453600,4.72000,3.60000
 0.00000453800,4.72000,3.60000
 0.00000454000,4.72000,3.60000
 0.00000454200,4.64000,4.00000
 0.00000454400,4.72000,4.00000
 0.00000454600,4.64000,3.60000
 0.00000454800,4.80000,3.60000
 0.00000455000,4.72000,3.60000
 0.00000455200,4.72000,3.60000
 0.00000455400,4.72000,4.00000
 0.00000455600,4.64000,4.00000
 0.00000455800,4.72000,3.60000
 0.00000456000,4.80000,4.00000
 0.00000456200,4.64000,3.60000
 0.00000456400,4.72000,3.60000
 0.00000456600,4.72000,4.00000
 0.00000456800,4.80000,3.60000
 0.00000457000,4.72000,4.00000
 0.00000457200,4.72000,3.60000
 0.00000457400,4.80000,3.60000
 0.00000457600,4.80000,4.00000
 0.00000457800,4.72000,3.60000
 0.00000458000,4.72000,3.60000
 0.00000458200,4.80000,3.60000
 0.00000458400,4.72000,4.00000
 0.00000458600,4.80000,4.00000
 0.00000458800,4.72000,4.00000
 0.00000459000,4.72000,3.60000
 0.00000459200,4.72000,4.00000
 0.00000459400,4.72000,4.00000
 0.00000459600,4.72000,3.60000
 0.00000459800,4.64000,4.00000
 0.00000460000,4.80000,4.00000
 0.00000460200,4.72000,4.00000
 0.00000460400,4.72000,3.60000
 0.00000460600,4.80000,3.60000
 0.00000460800,4.72000,3.60000
 0.00000461000,4.64000,4.00000
 0.00000461200,4.72000,4.00000
 0.00000461400,4.80000,3.60000
 0.00000461600,4.80000,3.60000
 0.00000461800,4.72000,3.60000
 0.00000462000,4.80000,4.00000
 0.00000462200,4.72000,4.00000
 0.00000462400,4.72000,3.60000
 0.00000462600,4.80000,3.60000
 0.00000462800,4.80000,3.60000
 0.00000463000,4.80000,4.00000
 0.00000463200,4.72000,4.00000
 0.00000463400,4.80000,3.60000
 0.00000463600,4.72000,4.00000
 0.00000463800,4.80000,3.60000
 0.00000464000,4.72000,4.00000
 0.00000464200,4.72000,4.00000
 0.00000464400,4.80000,4.00000
 0.00000464600,4.80000,4.00000
 0.00000464800,4.80000,3.60000
 0.00000465000,4.80000,4.00000
 0.00000465200,4.72000,4.00000
 0.00000465400,4.80000,4.00000
 0.00000465600,4.72000,4.00000
 0.00000465800,4.72000,3.60000
 0.00000466000,4.64000,4.00000
 0.00000466200,4.64000,4.00000
 0.00000466400,4.72000,3.60000
 0.00000466600,4.80000,4.00000
 0.00000466800,4.72000,3.60000
 0.00000467000,4.80000,4.00000
 0.00000467200,4.80000,4.00000
 0.00000467400,4.72000,3.60000
 0.00000467600,4.80000,3.60000
 0.00000467800,4.80000,3.60000
 0.00000468000,4.72000,4.00000
 0.00000468200,4.72000,4.00000
 0.00000468400,4.88000,3.60000
 0.00000468600,4.88000,3.60000
 0.00000468800,4.80000,4.00000
 0.00000469000,4.72000,4.00000
 0.00000469200,4.80000,4.00000
 0.00000469400,4.80000,3.60000
 0.00000469600,4.80000,3.60000
 0.00000469800,4.80000,4.00000
 0.00000470000,4.72000,4.00000
 0.00000470200,4.88000,4.00000
 0.00000470400,4.80000,4.00000
 0.00000470600,4.80000,3.60000
 0.00000470800,4.72000,3.60000
 0.00000471000,4.72000,4.00000
 0.00000471200,4.88000,3.60000
 0.00000471400,4.80000,4.00000
 0.00000471600,4.80000,3.60000
 0.00000471800,4.72000,3.60000
 0.00000472000,4.80000,4.00000
 0.00000472200,4.72000,3.60000
 0.00000472400,4.72000,3.60000
 0.00000472600,4.80000,3.60000
 0.00000472800,4.80000,4.00000
 0.00000473000,4.80000,4.00000
 0.00000473200,4.80000,4.00000
 0.00000473400,4.80000,3.60000
 0.00000473600,4.72000,4.00000
 0.00000473800,4.80000,4.00000
 0.00000474000,4.72000,3.60000
 0.00000474200,4.80000,4.00000
 0.00000474400,4.88000,4.00000
 0.00000474600,4.80000,4.00000
 0.00000474800,4.80000,3.60000
 0.00000475000,4.72000,3.60000
 0.00000475200,4.72000,4.00000
 0.00000475400,4.72000,4.00000
 0.00000475600,4.72000,3.60000
 0.00000475800,4.80000,3.60000
 0.00000476000,4.88000,3.60000
 0.00000476200,4.72000,4.00000
 0.00000476400,4.88000,4.00000
 0.00000476600,4.72000,3.60000
 0.00000476800,4.80000,3.60000
 0.00000477000,4.80000,3.60000
 0.00000477200,4.80000,3.60000
 0.00000477400,4.80000,4.00000
 0.00000477600,4.64000,4.00000
 0.00000477800,4.80000,3.60000
 0.00000478000,4.72000,4.00000
 0.00000478200,4.80000,3.60000
 0.00000478400,4.72000,4.00000
 0.00000478600,4.64000,4.00000
 0.00000478800,4.72000,4.00000
 0.00000479000,4.72000,4.00000
 0.00000479200,4.80000,3.60000
 0.00000479400,4.72000,4.00000
 0.00000479600,4.80000,4.00000
 0.00000479800,4.80000,4.00000
 0.00000480000,4.80000,4.00000
 0.00000480200,4.80000,3.60000
 0.00000480400,4.72000,4.00000
 0.00000480600,4.88000,4.00000
 0.00000480800,4.72000,4.00000
 0.00000481000,4.80000,4.00000
 0.00000481200,4.80000,4.00000
 0.00000481400,4.72000,4.00000
 0.00000481600,4.80000,3.60000
 0.00000481800,4.80000,4.00000
 0.00000482000,4.80000,3.60000
 0.00000482200,4.80000,4.00000
 0.00000482400,4.72000,4.00000
 0.00000482600,4.72000,3.60000
 0.00000482800,4.80000,4.00000
 0.00000483000,4.80000,3.60000
 0.00000483200,4.72000,4.00000
 0.00000483400,4.72000,4.00000
 0.00000483600,4.72000,4.00000
 0.00000483800,4.80000,4.00000
 0.00000484000,4.80000,3.60000
 0.00000484200,4.72000,4.00000
 0.00000484400,4.72000,4.00000
 0.00000484600,4.72000,4.00000
 0.00000484800,4.72000,4.00000
 0.00000485000,4.64000,3.60000
 0.00000485200,4.80000,3.60000
 0.00000485400,4.72000,4.00000
 0.00000485600,4.80000,3.60000
 0.00000485800,4.72000,4.00000
 0.00000486000,4.72000,3.60000
 0.00000486200,4.80000,3.60000
 0.00000486400,4.80000,3.60000
 0.00000486600,4.80000,3.60000
 0.00000486800,4.80000,4.00000
 0.00000487000,4.80000,3.60000
 0.00000487200,4.80000,4.00000
 0.00000487400,4.80000,3.60000
 0.00000487600,4.72000,4.00000
 0.00000487800,4.80000,4.00000
 0.00000488000,4.72000,4.00000
 0.00000488200,4.72000,4.00000
 0.00000488400,4.72000,3.60000
 0.00000488600,4.80000,4.00000
 0.00000488800,4.80000,3.60000
 0.00000489000,4.80000,4.00000
 0.00000489200,4.80000,4.00000
 0.00000489400,4.80000,3.60000
 0.00000489600,4.80000,4.00000
 0.00000489800,4.64000,3.60000
 0.00000490000,4.64000,3.60000
 0.00000490200,4.72000,4.00000
 0.00000490400,4.72000,3.60000
 0.00000490600,4.64000,4.00000
 0.00000490800,4.64000,4.00000
 0.00000491000,4.64000,3.60000
 0.00000491200,4.72000,3.60000
 0.00000491400,4.72000,3.60000
 0.00000491600,4.72000,3.60000
 0.00000491800,4.64000,4.00000
 0.00000492000,4.72000,3.60000
 0.00000492200,4.64000,3.60000
 0.00000492400,4.64000,3.60000
 0.00000492600,4.80000,3.60000
 0.00000492800,4.72000,3.60000
 0.00000493000,4.72000,3.60000
 0.00000493200,4.64000,4.00000
 0.00000493400,4.80000,3.60000
 0.00000493600,4.80000,3.60000
 0.00000493800,4.80000,3.60000
 0.00000494000,4.80000,3.60000
 0.00000494200,4.72000,4.00000
 0.00000494400,4.72000,3.60000
 0.00000494600,4.72000,3.60000
 0.00000494800,4.80000,3.60000
 0.00000495000,4.80000,3.60000
 0.00000495200,4.80000,3.60000
 0.00000495400,4.80000,3.60000
 0.00000495600,4.80000,4.00000
 0.00000495800,4.80000,3.60000
 0.00000496000,4.80000,3.60000
 0.00000496200,4.72000,3.60000
 0.00000496400,4.80000,4.00000
 0.00000496600,4.72000,4.00000
 0.00000496800,4.72000,4.00000
 0.00000497000,4.72000,3.60000
 0.00000497200,4.72000,4.00000
 0.00000497400,4.72000,4.00000
 0.00000497600,4.64000,3.60000
 0.00000497800,4.64000,4.00000
 0.00000498000,4.64000,3.60000
 0.00000498200,4.80000,4.00000
 0.00000498400,4.80000,3.60000
 0.00000498600,4.80000,3.60000
 0.00000498800,4.64000,4.00000
 0.00000499000,4.72000,3.60000
 0.00000499200,4.80000,4.00000
 0.00000499400,4.72000,3.60000
 0.00000499600,4.80000,3.60000
 0.00000499800,4.72000,4.00000
 0.00000500000,4.80000,3.60000
 0.00000500200,4.72000,4.00000
 0.00000500400,4.80000,3.60000
 0.00000500600,4.80000,3.60000
 0.00000500800,4.64000,3.60000
 0.00000501000,4.80000,3.60000
 0.00000501200,4.80000,4.00000
 0.00000501400,4.80000,3.60000
 0.00000501600,4.72000,4.00000
 0.00000501800,4.64000,3.60000
 0.00000502000,4.64000,4.00000
 0.00000502200,4.80000,4.00000
 0.00000502400,4.72000,3.60000
 0.00000502600,4.72000,4.00000
 0.00000502800,4.64000,4.00000
 0.00000503000,4.72000,4.00000
 0.00000503200,4.72000,4.00000
 0.00000503400,4.64000,3.60000
 0.00000503600,4.72000,3.60000
 0.00000503800,4.72000,4.00000
 0.00000504000,4.64000,3.60000
 0.00000504200,4.64000,4.00000
 0.00000504400,4.64000,3.60000
 0.00000504600,4.72000,3.60000
 0.00000504800,4.80000,3.60000
 0.00000505000,4.64000,3.60000
 0.00000505200,4.72000,3.60000
 0.00000505400,4.72000,3.60000
 0.00000505600,4.72000,3.60000
 0.00000505800,4.80000,3.60000
 0.00000506000,4.80000,3.60000
 0.00000506200,4.80000,3.60000
 0.00000506400,4.80000,3.60000
 0.00000506600,4.80000,3.60000
 0.00000506800,4.80000,3.60000
 0.00000507000,4.88000,3.60000
 0.00000507200,4.72000,3.60000
 0.00000507400,4.80000,3.60000
 0.00000507600,4.80000,4.00000
 0.00000507800,4.72000,3.60000
 0.00000508000,4.80000,4.00000
 0.00000508200,4.72000,3.60000
 0.00000508400,4.72000,4.00000
 0.00000508600,4.72000,4.00000
 0.00000508800,4.80000,3.60000
 0.00000509000,4.72000,4.00000
 0.00000509200,4.80000,4.00000
 0.00000509400,4.64000,4.00000
 0.00000509600,4.80000,3.60000
 0.00000509800,4.64000,3.60000
 0.00000510000,4.72000,3.60000
 0.00000510200,4.80000,4.00000
 0.00000510400,4.72000,3.60000
 0.00000510600,4.64000,3.60000
 0.00000510800,4.72000,4.00000
 0.00000511000,4.72000,3.60000
 0.00000511200,4.72000,3.60000
 0.00000511400,4.80000,3.60000
 0.00000511600,4.80000,3.60000
 0.00000511800,4.72000,4.00000
 0.00000512000,4.72000,3.60000
 0.00000512200,4.72000,3.60000
 0.00000512400,4.72000,3.60000
 0.00000512600,4.80000,3.60000
 0.00000512800,4.80000,3.60000
 0.00000513000,4.72000,3.60000
 0.00000513200,4.80000,4.00000
 0.00000513400,4.80000,3.60000
 0.00000513600,4.64000,3.60000
 0.00000513800,4.72000,3.60000
 0.00000514000,4.80000,4.00000
 0.00000514200,4.80000,4.00000
 0.00000514400,4.72000,4.00000
 0.00000514600,4.80000,3.60000
 0.00000514800,4.72000,4.00000
 0.00000515000,4.72000,4.00000
 0.00000515200,4.64000,4.00000
 0.00000515400,4.64000,4.00000
 0.00000515600,4.64000,4.00000
 0.00000515800,4.72000,4.00000
 0.00000516000,4.80000,3.60000
 0.00000516200,4.72000,4.00000
 0.00000516400,4.72000,4.00000
 0.00000516600,4.64000,4.00000
 0.00000516800,4.72000,4.00000
 0.00000517000,4.64000,3.60000
 0.00000517200,4.72000,3.60000
 0.00000517400,4.72000,4.00000
 0.00000517600,4.80000,3.60000
 0.00000517800,4.72000,4.00000
 0.00000518000,4.80000,3.60000
 0.00000518200,4.80000,3.60000
 0.00000518400,4.80000,3.60000
 0.00000518600,4.72000,3.60000
 0.00000518800,4.80000,4.00000
 0.00000519000,4.88000,3.60000
 0.00000519200,4.80000,4.00000
 0.00000519400,4.64000,3.60000
 0.00000519600,4.80000,4.00000
 0.00000519800,4.80000,4.00000
 0.00000520000,4.72000,3.60000
 0.00000520200,4.64000,4.00000
 0.00000520400,4.64000,4.00000
 0.00000520600,4.80000,4.00000
 0.00000520800,4.80000,3.60000
 0.00000521000,4.72000,3.60000
 0.00000521200,4.72000,4.00000
 0.00000521400,4.72000,4.00000
 0.00000521600,4.72000,4.00000
 0.00000521800,4.64000,3.60000
 0.00000522000,4.72000,3.60000
 0.00000522200,4.72000,4.00000
 0.00000522400,4.64000,3.60000
 0.00000522600,4.64000,4.00000
 0.00000522800,4.64000,4.00000
 0.00000523000,4.64000,3.60000
 0.00000523200,4.72000,3.60000
 0.00000523400,4.72000,3.60000
 0.00000523600,4.72000,3.60000
 0.00000523800,4.64000,4.00000
 0.00000524000,4.72000,3.60000
 0.00000524200,4.72000,3.60000
 0.00000524400,4.80000,3.60000
 0.00000524600,4.80000,3.60000
 0.00000524800,4.80000,3.60000
 0.00000525000,4.72000,3.60000
 0.00000525200,4.72000,4.00000
 0.00000525400,4.80000,3.60000
 0.00000525600,4.80000,4.00000
 0.00000525800,4.80000,3.60000
 0.00000526000,4.80000,4.00000
 0.00000526200,4.72000,4.00000
 0.00000526400,4.80000,4.00000
 0.00000526600,4.72000,4.00000
 0.00000526800,4.72000,3.60000
 0.00000527000,4.72000,4.00000
 0.00000527200,4.72000,3.60000
 0.00000527400,4.72000,4.00000
 0.00000527600,4.72000,3.60000
 0.00000527800,4.72000,3.60000
 0.00000528000,4.72000,3.60000
 0.00000528200,4.72000,3.60000
 0.00000528400,4.64000,4.00000
 0.00000528600,4.72000,3.60000
 0.00000528800,4.72000,4.00000
 0.00000529000,4.64000,3.60000
 0.00000529200,4.72000,4.00000
 0.00000529400,4.64000,4.00000
 0.00000529600,4.72000,3.60000
 0.00000529800,4.72000,4.00000
 0.00000530000,4.72000,3.60000
 0.00000530200,4.72000,4.00000
 0.00000530400,4.80000,3.60000
 0.00000530600,4.64000,3.60000
 0.00000530800,4.64000,4.00000
 0.00000531000,4.80000,3.60000
 0.00000531200,4.80000,3.60000
 0.00000531400,4.64000,3.60000
 0.00000531600,4.80000,4.00000
 0.00000531800,4.64000,4.00000
 0.00000532000,4.80000,3.60000
 0.00000532200,4.64000,3.60000
 0.00000532400,4.64000,3.60000
 0.00000532600,4.72000,4.00000
 0.00000532800,4.72000,3.60000
 0.00000533000,4.72000,3.60000
 0.00000533200,4.72000,4.00000
 0.00000533400,4.72000,3.60000
 0.00000533600,4.64000,3.60000
 0.00000533800,4.64000,3.60000
 0.00000534000,4.64000,3.60000
 0.00000534200,4.72000,4.00000
 0.00000534400,4.64000,3.60000
 0.00000534600,4.72000,3.60000
 0.00000534800,4.64000,4.00000
 0.00000535000,4.64000,3.60000
 0.00000535200,4.64000,4.00000
 0.00000535400,4.64000,3.60000
 0.00000535600,4.72000,3.60000
 0.00000535800,4.64000,4.00000
 0.00000536000,4.72000,3.60000
 0.00000536200,4.72000,4.00000
 0.00000536400,4.80000,3.60000
 0.00000536600,4.72000,3.60000
 0.00000536800,4.72000,4.00000
 0.00000537000,4.80000,3.60000
 0.00000537200,4.72000,4.00000
 0.00000537400,4.80000,3.60000
 0.00000537600,4.64000,4.00000
 0.00000537800,4.64000,4.00000
 0.00000538000,4.64000,3.60000
 0.00000538200,4.80000,4.00000
 0.00000538400,4.80000,3.60000
 0.00000538600,4.80000,4.00000
 0.00000538800,4.72000,4.00000
 0.00000539000,4.72000,3.60000
 0.00000539200,4.80000,4.00000
 0.00000539400,4.64000,3.60000
 0.00000539600,4.64000,3.60000
 0.00000539800,4.80000,4.00000
 0.00000540000,4.64000,3.60000
 0.00000540200,4.56000,4.00000
 0.00000540400,4.56000,4.00000
 0.00000540600,4.64000,3.60000
 0.00000540800,4.64000,3.60000
 0.00000541000,4.64000,3.60000
 0.00000541200,4.64000,3.60000
 0.00000541400,4.64000,4.00000
 0.00000541600,4.64000,3.60000
 0.00000541800,4.72000,3.60000
 0.00000542000,4.64000,3.60000
 0.00000542200,4.64000,3.60000
 0.00000542400,4.64000,4.00000
 0.00000542600,4.64000,3.60000
 0.00000542800,4.72000,3.60000
 0.00000543000,4.64000,3.60000
 0.00000543200,4.72000,3.60000
 0.00000543400,4.72000,4.00000
 0.00000543600,4.72000,3.60000
 0.00000543800,4.72000,3.60000
 0.00000544000,4.80000,3.60000
 0.00000544200,4.64000,3.60000
 0.00000544400,4.72000,3.60000
 0.00000544600,4.80000,3.60000
 0.00000544800,4.72000,3.60000
 0.00000545000,4.64000,3.60000
 0.00000545200,4.72000,4.00000
 0.00000545400,4.72000,3.60000
 0.00000545600,4.80000,3.60000
 0.00000545800,4.72000,3.60000
 0.00000546000,4.64000,4.00000
 0.00000546200,4.72000,4.00000
 0.00000546400,4.64000,4.00000
 0.00000546600,4.64000,3.60000
 0.00000546800,4.64000,4.00000
 0.00000547000,4.64000,4.00000
 0.00000547200,4.72000,3.60000
 0.00000547400,4.72000,4.00000
 0.00000547600,4.72000,3.60000
 0.00000547800,4.72000,4.00000
 0.00000548000,4.72000,4.00000
 0.00000548200,4.56000,3.60000
 0.00000548400,4.72000,3.60000
 0.00000548600,4.72000,3.60000
 0.00000548800,4.64000,3.60000
 0.00000549000,4.80000,4.00000
 0.00000549200,4.72000,3.60000
 0.00000549400,4.80000,3.60000
 0.00000549600,4.80000,3.60000
 0.00000549800,4.72000,3.60000
 0.00000550000,4.72000,4.00000
 0.00000550200,4.80000,3.60000
 0.00000550400,4.80000,3.60000
 0.00000550600,4.72000,3.60000
 0.00000550800,4.80000,4.00000
 0.00000551000,4.80000,4.00000
 0.00000551200,4.64000,4.00000
 0.00000551400,4.64000,3.60000
 0.00000551600,4.72000,4.00000
 0.00000551800,4.72000,4.00000
 0.00000552000,4.64000,3.60000
 0.00000552200,4.64000,4.00000
 0.00000552400,4.72000,4.00000
 0.00000552600,4.64000,4.00000
 0.00000552800,4.72000,4.00000
 0.00000553000,4.64000,3.60000
 0.00000553200,4.72000,3.60000
 0.00000553400,4.72000,4.00000
 0.00000553600,4.64000,4.00000
 0.00000553800,4.64000,4.00000
 0.00000554000,4.64000,4.00000
 0.00000554200,4.64000,3.60000
 0.00000554400,4.64000,3.60000
 0.00000554600,4.64000,4.00000
 0.00000554800,4.72000,3.60000
 0.00000555000,4.72000,4.00000
 0.00000555200,4.72000,3.60000
 0.00000555400,4.72000,3.60000
 0.00000555600,4.72000,3.60000
 0.00000555800,4.80000,3.60000
 0.00000556000,4.80000,4.00000
 0.00000556200,4.64000,3.60000
 0.00000556400,4.72000,4.00000
 0.00000556600,4.72000,3.60000
 0.00000556800,4.80000,3.60000
 0.00000557000,4.80000,4.00000
 0.00000557200,4.72000,4.00000
 0.00000557400,4.72000,4.00000
 0.00000557600,4.72000,4.00000
 0.00000557800,4.64000,3.60000
 0.00000558000,4.72000,4.00000
 0.00000558200,4.72000,4.00000
 0.00000558400,4.64000,3.60000
 0.00000558600,4.64000,4.00000
 0.00000558800,4.72000,4.00000
 0.00000559000,4.72000,4.00000
 0.00000559200,4.72000,4.00000
 0.00000559400,4.64000,3.60000
 0.00000559600,4.72000,4.00000
 0.00000559800,4.72000,4.00000
 0.00000560000,4.64000,4.00000
 0.00000560200,4.72000,4.00000
 0.00000560400,4.72000,4.00000
 0.00000560600,4.80000,4.00000
 0.00000560800,4.72000,3.60000
 0.00000561000,4.72000,4.00000
 0.00000561200,4.72000,4.00000
 0.00000561400,4.80000,4.00000
 0.00000561600,4.80000,4.00000
 0.00000561800,4.72000,3.60000
 0.00000562000,4.64000,4.00000
 0.00000562200,4.80000,4.00000
 0.00000562400,4.72000,4.00000
 0.00000562600,4.72000,4.00000
 0.00000562800,4.72000,4.00000
 0.00000563000,4.72000,4.00000
 0.00000563200,4.72000,3.60000
 0.00000563400,4.72000,4.00000
 0.00000563600,4.72000,3.60000
 0.00000563800,4.72000,4.00000
 0.00000564000,4.64000,4.00000
 0.00000564200,4.72000,3.60000
 0.00000564400,4.72000,4.00000
 0.00000564600,4.64000,3.60000
 0.00000564800,4.64000,3.60000
 0.00000565000,4.64000,4.00000
 0.00000565200,4.56000,3.60000
 0.00000565400,4.72000,4.00000
 0.00000565600,4.72000,3.60000
 0.00000565800,4.72000,3.60000
 0.00000566000,4.64000,4.00000
 0.00000566200,4.72000,3.60000
 0.00000566400,4.72000,4.00000
 0.00000566600,4.64000,3.60000
 0.00000566800,4.72000,3.60000
 0.00000567000,4.64000,4.00000
 0.00000567200,4.72000,3.60000
 0.00000567400,4.72000,4.00000
 0.00000567600,4.72000,3.60000
 0.00000567800,4.72000,3.60000
 0.00000568000,4.80000,3.60000
 0.00000568200,4.72000,3.60000
 0.00000568400,4.64000,4.00000
 0.00000568600,4.72000,3.60000
 0.00000568800,4.72000,4.00000
 0.00000569000,4.72000,3.60000
 0.00000569200,4.64000,4.00000
 0.00000569400,4.72000,4.00000
 0.00000569600,4.72000,4.00000
 0.00000569800,4.80000,4.00000
 0.00000570000,4.64000,3.60000
 0.00000570200,4.64000,4.00000
 0.00000570400,4.72000,4.00000
 0.00000570600,4.64000,4.00000
 0.00000570800,4.64000,3.60000
 0.00000571000,4.64000,3.60000
 0.00000571200,4.72000,3.60000
 0.00000571400,4.64000,4.00000
 0.00000571600,4.64000,3.60000
 0.00000571800,4.64000,3.60000
 0.00000572000,4.72000,3.60000
 0.00000572200,4.64000,3.60000
 0.00000572400,4.64000,3.60000
 0.00000572600,4.64000,3.60000
 0.00000572800,4.64000,3.60000
 0.00000573000,4.72000,3.60000
 0.00000573200,4.72000,3.60000
 0.00000573400,4.64000,3.60000
 0.00000573600,4.72000,3.60000
 0.00000573800,4.64000,3.60000
 0.00000574000,4.64000,3.60000
 0.00000574200,4.80000,3.60000
 0.00000574400,4.80000,3.60000
 0.00000574600,4.72000,3.60000
 0.00000574800,4.72000,4.00000
 0.00000575000,4.64000,3.60000
 0.00000575200,4.72000,3.60000
 0.00000575400,4.64000,3.60000
 0.00000575600,4.72000,3.60000
 0.00000575800,4.72000,4.00000
 0.00000576000,4.72000,4.00000
 0.00000576200,4.64000,3.60000
 0.00000576400,4.72000,4.00000
 0.00000576600,4.72000,3.60000
 0.00000576800,4.64000,3.60000
 0.00000577000,4.64000,4.00000
 0.00000577200,4.64000,4.00000
 0.00000577400,4.72000,4.00000
 0.00000577600,4.72000,3.60000
 0.00000577800,4.64000,3.60000
 0.00000578000,4.56000,4.00000
 0.00000578200,4.56000,4.00000
 0.00000578400,4.72000,3.60000
 0.00000578600,4.56000,3.60000
 0.00000578800,4.64000,3.60000
 0.00000579000,4.64000,4.00000
 0.00000579200,4.80000,3.60000
 0.00000579400,4.64000,3.60000
 0.00000579600,4.64000,3.60000
 0.00000579800,4.80000,3.60000
 0.00000580000,4.72000,3.60000
 0.00000580200,4.72000,3.60000
 0.00000580400,4.72000,4.00000
 0.00000580600,4.64000,3.60000
 0.00000580800,4.72000,4.00000
 0.00000581000,4.72000,3.60000
 0.00000581200,4.72000,3.60000
 0.00000581400,4.72000,4.00000
 0.00000581600,4.72000,4.00000
 0.00000581800,4.72000,4.00000
 0.00000582000,4.64000,4.00000
 0.00000582200,4.72000,3.60000
 0.00000582400,4.72000,4.00000
 0.00000582600,4.72000,4.00000
 0.00000582800,4.64000,4.00000
 0.00000583000,4.64000,4.00000
 0.00000583200,4.72000,4.00000
 0.00000583400,4.72000,4.00000
 0.00000583600,4.72000,3.60000
 0.00000583800,4.72000,4.00000
 0.00000584000,4.72000,4.00000
 0.00000584200,4.72000,4.00000
 0.00000584400,4.72000,3.60000
 0.00000584600,4.64000,3.60000
 0.00000584800,4.64000,3.60000
 0.00000585000,4.64000,4.00000
 0.00000585200,4.64000,3.60000
 0.00000585400,4.72000,3.60000
 0.00000585600,4.64000,3.60000
 0.00000585800,4.64000,3.60000
 0.00000586000,4.72000,4.00000
 0.00000586200,4.64000,3.60000
 0.00000586400,4.72000,3.60000
 0.00000586600,4.72000,3.60000
 0.00000586800,4.72000,3.60000
 0.00000587000,4.80000,4.00000
 0.00000587200,4.72000,4.00000
 0.00000587400,4.64000,3.60000
 0.00000587600,4.72000,4.00000
 0.00000587800,4.64000,3.60000
 0.00000588000,4.64000,3.60000
 0.00000588200,4.72000,4.00000
 0.00000588400,4.72000,3.60000
 0.00000588600,4.72000,4.00000
 0.00000588800,4.64000,3.60000
 0.00000589000,4.72000,3.60000
 0.00000589200,4.64000,4.00000
 0.00000589400,4.64000,3.60000
 0.00000589600,4.72000,4.00000
 0.00000589800,4.56000,3.60000
 0.00000590000,4.56000,4.00000
 0.00000590200,4.72000,4.00000
 0.00000590400,4.56000,3.60000
 0.00000590600,4.56000,4.00000
 0.00000590800,4.64000,4.00000
 0.00000591000,4.56000,4.00000
 0.00000591200,4.64000,3.60000
 0.00000591400,4.72000,3.60000
 0.00000591600,4.72000,3.60000
 0.00000591800,4.72000,4.00000
 0.00000592000,4.72000,4.00000
 0.00000592200,4.64000,3.60000
 0.00000592400,4.72000,3.60000
 0.00000592600,4.72000,3.60000
 0.00000592800,4.72000,4.00000
 0.00000593000,4.72000,4.00000
 0.00000593200,4.64000,4.00000
 0.00000593400,4.80000,3.60000
 0.00000593600,4.72000,4.00000
 0.00000593800,4.72000,4.00000
 0.00000594000,4.80000,3.60000
 0.00000594200,4.64000,4.00000
 0.00000594400,4.80000,3.60000
 0.00000594600,4.64000,4.00000
 0.00000594800,4.72000,3.60000
 0.00000595000,4.72000,3.60000
 0.00000595200,4.72000,3.60000
 0.00000595400,4.72000,3.60000
 0.00000595600,4.72000,4.00000
 0.00000595800,4.64000,3.60000
 0.00000596000,4.56000,4.00000
 0.00000596200,4.72000,3.60000
 0.00000596400,4.64000,4.00000
 0.00000596600,4.72000,4.00000
 0.00000596800,4.64000,4.00000
 0.00000597000,4.72000,4.00000
 0.00000597200,4.64000,4.00000
 0.00000597400,4.72000,4.00000
 0.00000597600,4.72000,4.00000
 0.00000597800,4.72000,4.00000
 0.00000598000,4.72000,3.60000
 0.00000598200,4.72000,4.00000
 0.00000598400,4.72000,4.00000
 0.00000598600,4.64000,4.00000
 0.00000598800,4.72000,4.00000
 0.00000599000,4.72000,3.60000
 0.00000599200,4.72000,3.60000
 0.00000599400,4.64000,4.00000
 0.00000599600,4.64000,4.00000
 0.00000599800,4.72000,4.00000
 0.00000600000,4.80000,3.60000
 0.00000600200,4.64000,3.60000
 0.00000600400,4.72000,4.00000
 0.00000600600,4.64000,4.00000
 0.00000600800,4.72000,3.60000
 0.00000601000,4.64000,3.60000
 0.00000601200,4.72000,3.60000
 0.00000601400,4.72000,4.00000
 0.00000601600,4.64000,3.60000
 0.00000601800,4.56000,3.60000
 0.00000602000,4.64000,4.00000
 0.00000602200,4.72000,3.60000
 0.00000602400,4.56000,3.60000
 0.00000602600,4.56000,3.60000
 0.00000602800,4.56000,4.00000
 0.00000603000,4.72000,4.00000
 0.00000603200,4.64000,3.60000
 0.00000603400,4.64000,3.60000
 0.00000603600,4.56000,4.00000
 0.00000603800,4.56000,4.00000
 0.00000604000,4.64000,4.00000
 0.00000604200,4.64000,3.60000
 0.00000604400,4.64000,3.60000
 0.00000604600,4.80000,4.00000
 0.00000604800,4.72000,4.00000
 0.00000605000,4.72000,4.00000
 0.00000605200,4.72000,3.60000
 0.00000605400,4.80000,3.60000
 0.00000605600,4.64000,4.00000
 0.00000605800,4.72000,4.00000
 0.00000606000,4.72000,3.60000
 0.00000606200,4.72000,3.60000
 0.00000606400,4.80000,4.00000
 0.00000606600,4.64000,4.00000
 0.00000606800,4.72000,3.60000
 0.00000607000,4.72000,3.60000
 0.00000607200,4.72000,3.60000
 0.00000607400,4.72000,4.00000
 0.00000607600,4.72000,4.00000
 0.00000607800,4.72000,3.60000
 0.00000608000,4.72000,4.00000
 0.00000608200,4.64000,3.60000
 0.00000608400,4.56000,4.00000
 0.00000608600,4.72000,4.00000
 0.00000608800,4.56000,4.00000
 0.00000609000,4.56000,4.00000
 0.00000609200,4.56000,4.00000
 0.00000609400,4.64000,4.00000
 0.00000609600,4.64000,3.60000
 0.00000609800,4.64000,4.00000
 0.00000610000,4.72000,3.60000
 0.00000610200,4.72000,4.00000
 0.00000610400,4.72000,4.00000
 0.00000610600,4.72000,3.60000
 0.00000610800,4.72000,3.60000
 0.00000611000,4.72000,3.60000
 0.00000611200,4.64000,4.00000
 0.00000611400,4.72000,4.00000
 0.00000611600,4.64000,4.00000
 0.00000611800,4.72000,3.60000
 0.00000612000,4.72000,4.00000
 0.00000612200,4.64000,4.00000
 0.00000612400,4.64000,4.00000
 0.00000612600,4.64000,4.00000
 0.00000612800,4.72000,3.60000
 0.00000613000,4.64000,4.00000
 0.00000613200,4.72000,3.60000
 0.00000613400,4.64000,4.00000
 0.00000613600,4.72000,3.60000
 0.00000613800,4.56000,3.60000
 0.00000614000,4.72000,3.60000
 0.00000614200,4.64000,3.60000
 0.00000614400,4.72000,3.60000
 0.00000614600,4.64000,3.60000
 0.00000614800,4.64000,4.00000
 0.00000615000,4.72000,3.60000
 0.00000615200,4.56000,4.00000
 0.00000615400,4.64000,3.60000
 0.00000615600,4.64000,4.00000
 0.00000615800,4.64000,4.00000
 0.00000616000,4.72000,4.00000
 0.00000616200,4.64000,4.00000
 0.00000616400,4.72000,4.00000
 0.00000616600,4.72000,4.00000
 0.00000616800,4.64000,4.00000
 0.00000617000,4.64000,4.00000
 0.00000617200,4.72000,4.00000
 0.00000617400,4.64000,4.00000
 0.00000617600,4.72000,3.60000
 0.00000617800,4.72000,4.00000
 0.00000618000,4.72000,3.60000
 0.00000618200,4.72000,4.00000
 0.00000618400,4.72000,4.00000
 0.00000618600,4.72000,3.60000
 0.00000618800,4.72000,4.00000
 0.00000619000,4.72000,3.60000
 0.00000619200,4.80000,3.60000
 0.00000619400,4.64000,4.00000
 0.00000619600,4.72000,4.00000
 0.00000619800,4.72000,4.00000
 0.00000620000,4.72000,3.60000
 0.00000620200,4.72000,3.60000
 0.00000620400,4.72000,4.00000
 0.00000620600,4.64000,4.00000
 0.00000620800,4.64000,3.60000
 0.00000621000,4.56000,3.60000
 0.00000621200,4.56000,4.00000
 0.00000621400,4.72000,4.00000
 0.00000621600,4.64000,3.60000
 0.00000621800,4.56000,3.60000
 0.00000622000,4.64000,4.00000
 0.00000622200,4.64000,4.00000
 0.00000622400,4.64000,3.60000
 0.00000622600,4.72000,3.60000
 0.00000622800,4.64000,3.60000
 0.00000623000,4.72000,4.00000
 0.00000623200,4.72000,4.00000
 0.00000623400,4.72000,3.60000
 0.00000623600,4.72000,4.00000
 0.00000623800,4.64000,3.60000
 0.00000624000,4.64000,4.00000
 0.00000624200,4.72000,4.00000
 0.00000624400,4.64000,3.60000
 0.00000624600,4.72000,4.00000
 0.00000624800,4.72000,4.00000
 0.00000625000,4.72000,4.00000
 0.00000625200,4.72000,4.00000
 0.00000625400,4.64000,3.60000
 0.00000625600,4.72000,4.00000
 0.00000625800,4.72000,4.00000
 0.00000626000,4.72000,3.60000
 0.00000626200,4.64000,4.00000
 0.00000626400,4.64000,4.00000
 0.00000626600,4.64000,4.00000
 0.00000626800,4.64000,4.00000
 0.00000627000,4.64000,3.60000
 0.00000627200,4.64000,4.00000
 0.00000627400,4.64000,4.00000
 0.00000627600,4.64000,4.00000
 0.00000627800,4.72000,4.00000
 0.00000628000,4.64000,4.00000
 0.00000628200,4.64000,4.00000
 0.00000628400,4.56000,3.60000
 0.00000628600,4.72000,4.00000
 0.00000628800,4.72000,4.00000
 0.00000629000,4.64000,4.00000
 0.00000629200,4.72000,4.00000
 0.00000629400,4.64000,3.60000
 0.00000629600,4.72000,3.60000
 0.00000629800,4.64000,4.00000
 0.00000630000,4.72000,3.60000
 0.00000630200,4.72000,4.00000
 0.00000630400,4.72000,4.00000
 0.00000630600,4.64000,3.60000
 0.00000630800,4.72000,3.60000
 0.00000631000,4.72000,3.60000
 0.00000631200,4.72000,3.60000
 0.00000631400,4.72000,4.00000
 0.00000631600,4.64000,4.00000
 0.00000631800,4.72000,3.60000
 0.00000632000,4.72000,4.00000
 0.00000632200,4.72000,3.60000
 0.00000632400,4.64000,3.60000
 0.00000632600,4.64000,4.00000
 0.00000632800,4.64000,3.60000
 0.00000633000,4.56000,4.00000
 0.00000633200,4.72000,3.60000
 0.00000633400,4.64000,3.60000
 0.00000633600,4.64000,3.60000
 0.00000633800,4.64000,3.60000
 0.00000634000,4.64000,4.00000
 0.00000634200,4.64000,3.60000
 0.00000634400,4.56000,4.00000
 0.00000634600,4.64000,3.60000
 0.00000634800,4.72000,3.60000
 0.00000635000,4.72000,4.00000
 0.00000635200,4.64000,4.00000
 0.00000635400,4.72000,4.00000
 0.00000635600,4.64000,4.00000
 0.00000635800,4.72000,3.60000
 0.00000636000,4.72000,4.00000
 0.00000636200,4.72000,4.00000
 0.00000636400,4.72000,4.00000
 0.00000636600,4.72000,4.00000
 0.00000636800,4.72000,3.60000
 0.00000637000,4.64000,4.00000
 0.00000637200,4.64000,4.00000
 0.00000637400,4.72000,4.00000
 0.00000637600,4.72000,3.60000
 0.00000637800,4.64000,3.60000
 0.00000638000,4.72000,4.00000
 0.00000638200,4.64000,4.00000
 0.00000638400,4.72000,3.60000
 0.00000638600,4.56000,3.60000
 0.00000638800,4.64000,3.60000
 0.00000639000,4.56000,4.00000
 0.00000639200,4.72000,3.60000
 0.00000639400,4.64000,3.60000
 0.00000639600,4.64000,3.60000
 0.00000639800,4.56000,3.60000
 0.00000640000,4.56000,3.60000
 0.00000640200,4.64000,3.60000
 0.00000640400,4.56000,3.60000
 0.00000640600,4.72000,3.60000
 0.00000640800,4.72000,4.00000
 0.00000641000,4.56000,3.60000
 0.00000641200,4.64000,4.00000
 0.00000641400,4.64000,3.60000
 0.00000641600,4.64000,3.60000
 0.00000641800,4.72000,4.00000
 0.00000642000,4.64000,3.60000
 0.00000642200,4.64000,4.00000
 0.00000642400,4.64000,4.00000
 0.00000642600,4.72000,3.60000
 0.00000642800,4.72000,3.60000
 0.00000643000,4.72000,3.60000
 0.00000643200,4.64000,4.00000
 0.00000643400,4.72000,4.00000
 0.00000643600,4.64000,3.60000
 0.00000643800,4.72000,3.60000
 0.00000644000,4.64000,4.00000
 0.00000644200,4.64000,4.00000
 0.00000644400,4.64000,3.60000
 0.00000644600,4.64000,3.60000
 0.00000644800,4.72000,3.60000
 0.00000645000,4.56000,4.00000
 0.00000645200,4.64000,3.60000
 0.00000645400,4.64000,3.60000
 0.00000645600,4.72000,3.60000
 0.00000645800,4.64000,3.60000
 0.00000646000,4.64000,3.60000
 0.00000646200,4.64000,3.60000
 0.00000646400,4.64000,4.00000
 0.00000646600,4.64000,3.60000
 0.00000646800,4.64000,4.00000
 0.00000647000,4.64000,3.60000
 0.00000647200,4.64000,4.00000
 0.00000647400,4.64000,4.00000
 0.00000647600,4.64000,3.60000
 0.00000647800,4.72000,4.00000
 0.00000648000,4.72000,4.00000
 0.00000648200,4.64000,4.00000
 0.00000648400,4.64000,4.00000
 0.00000648600,4.64000,3.60000
 0.00000648800,4.72000,4.00000
 0.00000649000,4.72000,4.00000
 0.00000649200,4.72000,3.60000
 0.00000649400,4.72000,4.00000
 0.00000649600,4.64000,4.00000
 0.00000649800,4.64000,4.00000
 0.00000650000,4.72000,4.00000
 0.00000650200,4.72000,3.60000
 0.00000650400,4.72000,3.60000
 0.00000650600,4.64000,4.00000
 0.00000650800,4.64000,4.00000
 0.00000651000,4.64000,4.00000
 0.00000651200,4.64000,3.60000
 0.00000651400,4.64000,3.60000
 0.00000651600,4.64000,4.00000
 0.00000651800,4.64000,4.00000
 0.00000652000,4.56000,4.00000
 0.00000652200,4.48000,3.60000
 0.00000652400,4.56000,4.00000
 0.00000652600,4.56000,4.00000
 0.00000652800,4.72000,3.60000
 0.00000653000,4.64000,4.00000
 0.00000653200,4.72000,3.60000
 0.00000653400,4.56000,4.00000
 0.00000653600,4.64000,4.00000
 0.00000653800,4.56000,3.60000
 0.00000654000,4.72000,3.60000
 0.00000654200,4.72000,3.60000
 0.00000654400,4.72000,3.60000
 0.00000654600,4.72000,4.00000
 0.00000654800,4.64000,4.00000
 0.00000655000,4.72000,3.60000
 0.00000655200,4.72000,4.00000
 0.00000655400,4.72000,3.60000
 0.00000655600,4.56000,3.60000
 0.00000655800,4.72000,4.00000
 0.00000656000,4.64000,4.00000
 0.00000656200,4.72000,4.00000
 0.00000656400,4.64000,3.60000
 0.00000656600,4.72000,3.60000
 0.00000656800,4.72000,4.00000
 0.00000657000,4.64000,4.00000
 0.00000657200,4.64000,3.60000
 0.00000657400,4.72000,3.60000
 0.00000657600,4.64000,3.60000
 0.00000657800,4.64000,4.00000
 0.00000658000,4.64000,4.00000
 0.00000658200,4.56000,3.60000
 0.00000658400,4.64000,4.00000
 0.00000658600,4.64000,3.60000
 0.00000658800,4.64000,3.60000
 0.00000659000,4.72000,4.00000
 0.00000659200,4.56000,4.00000
 0.00000659400,4.64000,4.00000
 0.00000659600,4.72000,4.00000
 0.00000659800,4.64000,3.60000
 0.00000660000,4.64000,3.60000
 0.00000660200,4.56000,4.00000
 0.00000660400,4.56000,4.00000
 0.00000660600,4.72000,4.00000
 0.00000660800,4.64000,3.60000
 0.00000661000,4.64000,3.60000
 0.00000661200,4.72000,4.00000
 0.00000661400,4.64000,4.00000
 0.00000661600,4.72000,4.00000
 0.00000661800,4.72000,3.60000
 0.00000662000,4.56000,3.60000
 0.00000662200,4.72000,4.00000
 0.00000662400,4.64000,4.00000
 0.00000662600,4.64000,4.00000
 0.00000662800,4.72000,4.00000
 0.00000663000,4.56000,3.60000
 0.00000663200,4.72000,3.60000
 0.00000663400,4.56000,4.00000
 0.00000663600,4.64000,3.60000
 0.00000663800,4.64000,4.00000
 0.00000664000,4.64000,3.60000
 0.00000664200,4.64000,3.60000
 0.00000664400,4.64000,4.00000
 0.00000664600,4.64000,3.60000
 0.00000664800,4.56000,4.00000
 0.00000665000,4.64000,3.60000
 0.00000665200,4.56000,4.00000
 0.00000665400,4.72000,4.00000
 0.00000665600,4.64000,4.00000
 0.00000665800,4.64000,4.00000
 0.00000666000,4.64000,3.60000
 0.00000666200,4.64000,4.00000
 0.00000666400,4.64000,4.00000
 0.00000666600,4.64000,4.00000
 0.00000666800,4.72000,3.60000
 0.00000667000,4.64000,3.60000
 0.00000667200,4.72000,3.60000
 0.00000667400,4.72000,4.00000
 0.00000667600,4.64000,3.60000
 0.00000667800,4.72000,3.60000
 0.00000668000,4.64000,4.00000
 0.00000668200,4.72000,3.60000
 0.00000668400,4.64000,4.00000
 0.00000668600,4.72000,3.60000
 0.00000668800,4.72000,4.00000
 0.00000669000,4.64000,4.00000
 0.00000669200,4.72000,4.00000
 0.00000669400,4.64000,4.00000
 0.00000669600,4.64000,3.60000
 0.00000669800,4.56000,4.00000
 0.00000670000,4.64000,3.60000
 0.00000670200,4.64000,4.00000
 0.00000670400,4.64000,3.60000
 0.00000670600,4.56000,3.60000
 0.00000670800,4.64000,4.00000
 0.00000671000,4.56000,3.60000
 0.00000671200,4.64000,3.60000
 0.00000671400,4.64000,3.60000
 0.00000671600,4.64000,3.60000
 0.00000671800,4.72000,4.00000
 0.00000672000,4.64000,4.00000
 0.00000672200,4.56000,3.60000
 0.00000672400,4.56000,4.00000
 0.00000672600,4.72000,3.60000
 0.00000672800,4.72000,3.60000
 0.00000673000,4.64000,4.00000
 0.00000673200,4.72000,4.00000
 0.00000673400,4.64000,4.00000
 0.00000673600,4.64000,4.00000
 0.00000673800,4.64000,3.60000
 0.00000674000,4.72000,3.60000
 0.00000674200,4.72000,4.00000
 0.00000674400,4.64000,3.60000
 0.00000674600,4.64000,4.00000
 0.00000674800,4.64000,4.00000
 0.00000675000,4.72000,3.60000
 0.00000675200,4.72000,4.00000
 0.00000675400,4.56000,3.60000
 0.00000675600,4.56000,4.00000
 0.00000675800,4.56000,4.00000
 0.00000676000,4.56000,3.60000
 0.00000676200,4.64000,4.00000
 0.00000676400,4.64000,3.60000
 0.00000676600,4.64000,4.00000
 0.00000676800,4.64000,4.00000
 0.00000677000,4.64000,3.60000
 0.00000677200,4.56000,3.60000
 0.00000677400,4.72000,3.60000
 0.00000677600,4.56000,4.00000
 0.00000677800,4.64000,4.00000
 0.00000678000,4.64000,4.00000
 0.00000678200,4.64000,3.60000
 0.00000678400,4.64000,4.00000
 0.00000678600,4.64000,4.00000
 0.00000678800,4.72000,4.00000
 0.00000679000,4.64000,4.00000
 0.00000679200,4.72000,3.60000
 0.00000679400,4.64000,4.00000
 0.00000679600,4.56000,4.00000
 0.00000679800,4.72000,4.00000
 0.00000680000,4.72000,3.60000
 0.00000680200,4.64000,3.60000
 0.00000680400,4.64000,4.00000
 0.00000680600,4.64000,4.00000
 0.00000680800,4.64000,3.60000
 0.00000681000,4.64000,3.60000
 0.00000681200,4.64000,3.60000
 0.00000681400,4.64000,4.00000
 0.00000681600,4.72000,4.00000
 0.00000681800,4.64000,3.60000
 0.00000682000,4.72000,3.60000
 0.00000682200,4.72000,3.60000
 0.00000682400,4.56000,4.00000
 0.00000682600,4.64000,4.00000
 0.00000682800,4.56000,4.00000
 0.00000683000,4.64000,3.60000
 0.00000683200,4.72000,4.00000
 0.00000683400,4.56000,4.00000
 0.00000683600,4.56000,4.00000
 0.00000683800,4.56000,4.00000
 0.00000684000,4.72000,3.60000
 0.00000684200,4.64000,4.00000
 0.00000684400,4.64000,3.60000
 0.00000684600,4.72000,4.00000
 0.00000684800,4.64000,4.00000
 0.00000685000,4.72000,3.60000
 0.00000685200,4.72000,3.60000
 0.00000685400,4.56000,3.60000
 0.00000685600,4.72000,4.00000
 0.00000685800,4.64000,4.00000
 0.00000686000,4.56000,3.60000
 0.00000686200,4.72000,3.60000
 0.00000686400,4.64000,4.00000
 0.00000686600,4.72000,4.00000
 0.00000686800,4.72000,3.60000
 0.00000687000,4.64000,3.60000
 0.00000687200,4.64000,4.00000
 0.00000687400,4.72000,4.00000
 0.00000687600,4.64000,3.60000
 0.00000687800,4.72000,3.60000
 0.00000688000,4.64000,4.00000
 0.00000688200,4.56000,4.00000
 0.00000688400,4.64000,4.00000
 0.00000688600,4.56000,3.60000
 0.00000688800,4.64000,3.60000
 0.00000689000,4.64000,4.00000
 0.00000689200,4.56000,3.60000
 0.00000689400,4.64000,4.00000
 0.00000689600,4.64000,4.00000
 0.00000689800,4.64000,3.60000
 0.00000690000,4.56000,4.00000
 0.00000690200,4.64000,3.60000
 0.00000690400,4.64000,4.00000
 0.00000690600,4.72000,4.00000
 0.00000690800,4.64000,4.00000
 0.00000691000,4.64000,4.00000
 0.00000691200,4.72000,4.00000
 0.00000691400,4.64000,4.00000
 0.00000691600,4.72000,3.60000
 0.00000691800,4.72000,4.00000
 0.00000692000,4.72000,4.00000
 0.00000692200,4.72000,4.00000
 0.00000692400,4.64000,4.00000
 0.00000692600,4.72000,3.60000
 0.00000692800,4.72000,4.00000
 0.00000693000,4.64000,4.00000
 0.00000693200,4.72000,4.00000
 0.00000693400,4.72000,4.00000
 0.00000693600,4.56000,4.00000
 0.00000693800,4.64000,4.00000
 0.00000694000,4.64000,3.60000
 0.00000694200,4.64000,4.00000
 0.00000694400,4.56000,4.00000
 0.00000694600,4.64000,4.00000
 0.00000694800,4.64000,4.00000
 0.00000695000,4.64000,3.60000
 0.00000695200,4.64000,4.00000
 0.00000695400,4.56000,4.00000
 0.00000695600,4.64000,3.60000
 0.00000695800,4.72000,4.00000
 0.00000696000,4.64000,3.60000
 0.00000696200,4.48000,4.00000
 0.00000696400,4.56000,4.00000
 0.00000696600,4.72000,3.60000
 0.00000696800,4.64000,3.60000
 0.00000697000,4.64000,3.60000
 0.00000697200,4.64000,4.00000
 0.00000697400,4.64000,4.00000
 0.00000697600,4.72000,4.00000
 0.00000697800,4.56000,3.60000
 0.00000698000,4.64000,3.60000
 0.00000698200,4.64000,4.00000
 0.00000698400,4.72000,3.60000
 0.00000698600,4.56000,4.00000
 0.00000698800,4.72000,3.60000
 0.00000699000,4.72000,3.60000
 0.00000699200,4.64000,3.60000
 0.00000699400,4.64000,3.60000
 0.00000699600,4.72000,4.00000
 0.00000699800,4.72000,3.60000
 0.00000700000,4.72000,4.00000
 0.00000700200,4.56000,3.60000
 0.00000700400,4.56000,3.60000
 0.00000700600,4.64000,4.00000
 0.00000700800,4.72000,3.60000
 0.00000701000,4.56000,4.00000
 0.00000701200,4.56000,4.00000
 0.00000701400,4.56000,3.60000
 0.00000701600,4.64000,3.60000
 0.00000701800,4.64000,3.60000
 0.00000702000,4.56000,3.60000
 0.00000702200,4.56000,4.00000
 0.00000702400,4.56000,4.00000
 0.00000702600,4.56000,3.60000
 0.00000702800,4.56000,3.60000
 0.00000703000,4.56000,3.60000
 0.00000703200,4.56000,3.60000
 0.00000703400,4.56000,4.00000
 0.00000703600,4.56000,3.60000
 0.00000703800,4.64000,3.60000
 0.00000704000,4.72000,3.60000
 0.00000704200,4.64000,3.60000
 0.00000704400,4.56000,3.60000
 0.00000704600,4.64000,3.60000
 0.00000704800,4.64000,3.60000
 0.00000705000,4.72000,3.60000
 0.00000705200,4.72000,3.60000
 0.00000705400,4.64000,3.60000
 0.00000705600,4.72000,3.60000
 0.00000705800,4.72000,3.60000
 0.00000706000,4.64000,3.60000
 0.00000706200,4.72000,3.60000
 0.00000706400,4.72000,3.60000
 0.00000706600,4.64000,3.60000
 0.00000706800,4.64000,4.00000
 0.00000707000,4.64000,3.60000
 0.00000707200,4.72000,4.00000
 0.00000707400,4.64000,3.60000
 0.00000707600,4.64000,4.00000
 0.00000707800,4.56000,4.00000
 0.00000708000,4.64000,4.00000
 0.00000708200,4.64000,4.00000
 0.00000708400,4.64000,3.60000
 0.00000708600,4.64000,4.00000
 0.00000708800,4.64000,3.60000
 0.00000709000,4.64000,4.00000
 0.00000709200,4.64000,3.60000
 0.00000709400,4.72000,3.60000
 0.00000709600,4.72000,3.60000
 0.00000709800,4.64000,3.60000
 0.00000710000,4.64000,4.00000
 0.00000710200,4.64000,3.60000
 0.00000710400,4.72000,3.60000
 0.00000710600,4.56000,3.60000
 0.00000710800,4.64000,3.60000
 0.00000711000,4.64000,4.00000
 0.00000711200,4.64000,3.60000
 0.00000711400,4.56000,3.60000
 0.00000711600,4.64000,3.60000
 0.00000711800,4.72000,3.60000
 0.00000712000,4.56000,3.60000
 0.00000712200,4.64000,3.60000
 0.00000712400,4.56000,4.00000
 0.00000712600,4.72000,3.60000
 0.00000712800,4.64000,3.60000
 0.00000713000,4.72000,3.60000
 0.00000713200,4.64000,4.00000
 0.00000713400,4.56000,4.00000
 0.00000713600,4.64000,3.60000
 0.00000713800,4.48000,3.60000
 0.00000714000,4.64000,3.60000
 0.00000714200,4.64000,4.00000
 0.00000714400,4.72000,3.60000
 0.00000714600,4.56000,3.60000
 0.00000714800,4.64000,4.00000
 0.00000715000,4.56000,3.60000
 0.00000715200,4.64000,3.60000
 0.00000715400,4.64000,3.60000
 0.00000715600,4.64000,3.60000
 0.00000715800,4.72000,4.00000
 0.00000716000,4.64000,4.00000
 0.00000716200,4.64000,3.60000
 0.00000716400,4.64000,3.60000
 0.00000716600,4.64000,3.60000
 0.00000716800,4.72000,3.60000
 0.00000717000,4.64000,4.00000
 0.00000717200,4.64000,3.60000
 0.00000717400,4.72000,3.60000
 0.00000717600,4.72000,3.60000
 0.00000717800,4.64000,3.60000
 0.00000718000,4.72000,4.00000
 0.00000718200,4.72000,3.60000
 0.00000718400,4.72000,4.00000
 0.00000718600,4.64000,3.60000
 0.00000718800,4.64000,4.00000
 0.00000719000,4.72000,4.00000
 0.00000719200,4.64000,4.00000
 0.00000719400,4.64000,4.00000
 0.00000719600,4.56000,3.60000
 0.00000719800,4.72000,4.00000
 0.00000720000,4.64000,3.60000
 0.00000720200,4.64000,4.00000
 0.00000720400,4.56000,4.00000
 0.00000720600,4.56000,3.60000
 0.00000720800,4.64000,4.00000
 0.00000721000,4.72000,3.60000
 0.00000721200,4.56000,3.60000
 0.00000721400,4.64000,4.00000
 0.00000721600,4.64000,4.00000
 0.00000721800,4.56000,4.00000
 0.00000722000,4.56000,3.60000
 0.00000722200,4.64000,3.60000
 0.00000722400,4.64000,3.60000
 0.00000722600,4.56000,4.00000
 0.00000722800,4.64000,3.60000
 0.00000723000,4.56000,3.60000
 0.00000723200,4.56000,3.60000
 0.00000723400,4.64000,3.60000
 0.00000723600,4.56000,3.60000
 0.00000723800,4.72000,3.60000
 0.00000724000,4.64000,3.60000
 0.00000724200,4.56000,3.60000
 0.00000724400,4.56000,4.00000
 0.00000724600,4.64000,3.60000
 0.00000724800,4.64000,3.60000
 0.00000725000,4.64000,3.60000
 0.00000725200,4.64000,3.60000
 0.00000725400,4.64000,4.00000
 0.00000725600,4.72000,3.60000
 0.00000725800,4.56000,3.60000
 0.00000726000,4.56000,3.60000
 0.00000726200,4.64000,3.60000
 0.00000726400,4.56000,3.60000
 0.00000726600,4.64000,3.60000
 0.00000726800,4.64000,4.00000
 0.00000727000,4.56000,3.60000
 0.00000727200,4.56000,4.00000
 0.00000727400,4.64000,3.60000
 0.00000727600,4.64000,3.60000
 0.00000727800,4.64000,4.00000
 0.00000728000,4.64000,3.60000
 0.00000728200,4.56000,4.00000
 0.00000728400,4.64000,4.00000
 0.00000728600,4.72000,3.60000
 0.00000728800,4.64000,3.60000
 0.00000729000,4.56000,3.60000
 0.00000729200,4.64000,4.00000
 0.00000729400,4.64000,4.00000
 0.00000729600,4.72000,3.60000
 0.00000729800,4.72000,3.60000
 0.00000730000,4.64000,4.00000
 0.00000730200,4.64000,4.00000
 0.00000730400,4.72000,4.00000
 0.00000730600,4.64000,3.60000
 0.00000730800,4.72000,3.60000
 0.00000731000,4.56000,4.00000
 0.00000731200,4.64000,3.60000
 0.00000731400,4.56000,4.00000
 0.00000731600,4.64000,3.60000
 0.00000731800,4.64000,3.60000
 0.00000732000,4.56000,3.60000
 0.00000732200,4.56000,3.60000
 0.00000732400,4.64000,4.00000
 0.00000732600,4.56000,3.60000
 0.00000732800,4.56000,3.60000
 0.00000733000,4.56000,3.60000
 0.00000733200,4.48000,3.60000
 0.00000733400,4.64000,4.00000
 0.00000733600,4.64000,3.60000
 0.00000733800,4.64000,3.60000
 0.00000734000,4.64000,4.00000
 0.00000734200,4.72000,3.60000
 0.00000734400,4.64000,4.00000
 0.00000734600,4.72000,3.60000
 0.00000734800,4.56000,3.60000
 0.00000735000,4.72000,4.00000
 0.00000735200,4.64000,4.00000
 0.00000735400,4.64000,4.00000
 0.00000735600,4.56000,4.00000
 0.00000735800,4.64000,3.60000
 0.00000736000,4.72000,3.60000
 0.00000736200,4.64000,4.00000
 0.00000736400,4.72000,3.60000
 0.00000736600,4.64000,4.00000
 0.00000736800,4.64000,3.60000
 0.00000737000,4.56000,3.60000
 0.00000737200,4.64000,3.60000
 0.00000737400,4.64000,3.60000
 0.00000737600,4.64000,3.60000
 0.00000737800,4.64000,3.60000
 0.00000738000,4.64000,3.60000
 0.00000738200,4.56000,3.60000
 0.00000738400,4.56000,4.00000
 0.00000738600,4.56000,3.60000
 0.00000738800,4.56000,3.60000
 0.00000739000,4.64000,3.60000
 0.00000739200,4.64000,3.60000
 0.00000739400,4.64000,4.00000
 0.00000739600,4.64000,4.00000
 0.00000739800,4.56000,3.60000
 0.00000740000,4.64000,3.60000
 0.00000740200,4.64000,3.60000
 0.00000740400,4.64000,3.60000
 0.00000740600,4.64000,4.00000
 0.00000740800,4.56000,4.00000
 0.00000741000,4.64000,3.60000
 0.00000741200,4.64000,4.00000
 0.00000741400,4.64000,3.60000
 0.00000741600,4.72000,4.00000
 0.00000741800,4.56000,4.00000
 0.00000742000,4.64000,4.00000
 0.00000742200,4.72000,4.00000
 0.00000742400,4.64000,3.60000
 0.00000742600,4.64000,4.00000
 0.00000742800,4.56000,4.00000
 0.00000743000,4.64000,4.00000
 0.00000743200,4.72000,3.60000
 0.00000743400,4.64000,3.60000
 0.00000743600,4.64000,3.60000
 0.00000743800,4.64000,4.00000
 0.00000744000,4.64000,4.00000
 0.00000744200,4.56000,3.60000
 0.00000744400,4.64000,3.60000
 0.00000744600,4.64000,3.60000
 0.00000744800,4.64000,3.60000
 0.00000745000,4.64000,4.00000
 0.00000745200,4.64000,4.00000
 0.00000745400,4.64000,3.60000
 0.00000745600,4.64000,4.00000
 0.00000745800,4.64000,3.60000
 0.00000746000,4.64000,4.00000
 0.00000746200,4.64000,4.00000
 0.00000746400,4.56000,4.00000
 0.00000746600,4.56000,4.00000
 0.00000746800,4.56000,4.00000
 0.00000747000,4.72000,4.00000
 0.00000747200,4.72000,3.60000
 0.00000747400,4.64000,4.00000
 0.00000747600,4.72000,4.00000
 0.00000747800,4.72000,4.00000
 0.00000748000,4.64000,4.00000
 0.00000748200,4.64000,3.60000
 0.00000748400,4.56000,3.60000
 0.00000748600,4.64000,4.00000
 0.00000748800,4.64000,4.00000
 0.00000749000,4.64000,4.00000
 0.00000749200,4.72000,4.00000
 0.00000749400,4.64000,3.60000
 0.00000749600,4.72000,4.00000
 0.00000749800,4.56000,4.00000
 0.00000750000,4.56000,3.60000
 0.00000750200,4.72000,4.00000
 0.00000750400,4.64000,3.60000
 0.00000750600,4.64000,4.00000
 0.00000750800,4.64000,4.00000
 0.00000751000,4.56000,3.60000
 0.00000751200,4.64000,3.60000
 0.00000751400,4.48000,3.60000
 0.00000751600,4.56000,3.60000
 0.00000751800,4.64000,4.00000
 0.00000752000,4.56000,3.60000
 0.00000752200,4.64000,3.60000
 0.00000752400,4.64000,4.00000
 0.00000752600,4.64000,3.60000
 0.00000752800,4.56000,4.00000
 0.00000753000,4.56000,3.60000
 0.00000753200,4.72000,3.60000
 0.00000753400,4.72000,4.00000
 0.00000753600,4.64000,3.60000
 0.00000753800,4.64000,4.00000
 0.00000754000,4.64000,4.00000
 0.00000754200,4.64000,3.60000
 0.00000754400,4.72000,4.00000
 0.00000754600,4.56000,3.60000
 0.00000754800,4.64000,4.00000
 0.00000755000,4.72000,4.00000
 0.00000755200,4.64000,3.60000
 0.00000755400,4.64000,4.00000
 0.00000755600,4.64000,4.00000
 0.00000755800,4.56000,4.00000
 0.00000756000,4.72000,3.60000
 0.00000756200,4.64000,3.60000
 0.00000756400,4.64000,3.60000
 0.00000756600,4.64000,4.00000
 0.00000756800,4.64000,4.00000
 0.00000757000,4.56000,3.60000
 0.00000757200,4.56000,4.00000
 0.00000757400,4.64000,3.60000
 0.00000757600,4.64000,3.60000
 0.00000757800,4.64000,4.00000
 0.00000758000,4.56000,4.00000
 0.00000758200,4.56000,4.00000
 0.00000758400,4.64000,3.60000
 0.00000758600,4.56000,3.60000
 0.00000758800,4.64000,3.60000
 0.00000759000,4.64000,4.00000
 0.00000759200,4.64000,3.60000
 0.00000759400,4.56000,3.60000
 0.00000759600,4.64000,4.00000
 0.00000759800,4.56000,3.60000
 0.00000760000,4.56000,3.60000
 0.00000760200,4.64000,3.60000
 0.00000760400,4.72000,3.60000
 0.00000760600,4.64000,4.00000
 0.00000760800,4.72000,4.00000
 0.00000761000,4.72000,3.60000
 0.00000761200,4.72000,4.00000
 0.00000761400,4.72000,3.60000
 0.00000761600,4.64000,4.00000
 0.00000761800,4.72000,4.00000
 0.00000762000,4.64000,4.00000
 0.00000762200,4.72000,4.00000
 0.00000762400,4.64000,4.00000
 0.00000762600,4.64000,4.00000
 0.00000762800,4.64000,4.00000
 0.00000763000,4.64000,4.00000
 0.00000763200,4.64000,4.00000
 0.00000763400,4.56000,4.00000
 0.00000763600,4.64000,4.00000
 0.00000763800,4.64000,4.00000
 0.00000764000,4.56000,4.00000
 0.00000764200,4.56000,4.00000
 0.00000764400,4.56000,4.00000
 0.00000764600,4.64000,4.00000
 0.00000764800,4.56000,3.60000
 0.00000765000,4.64000,4.00000
 0.00000765200,4.64000,4.00000
 0.00000765400,4.72000,4.00000
 0.00000765600,4.72000,4.00000
 0.00000765800,4.64000,3.60000
 0.00000766000,4.72000,3.60000
 0.00000766200,4.72000,4.00000
 0.00000766400,4.56000,4.00000
 0.00000766600,4.56000,4.00000
 0.00000766800,4.56000,4.00000
 0.00000767000,4.72000,3.60000
 0.00000767200,4.72000,3.60000
 0.00000767400,4.64000,4.00000
 0.00000767600,4.72000,4.00000
 0.00000767800,4.56000,4.00000
 0.00000768000,4.64000,3.60000
 0.00000768200,4.56000,3.60000
 0.00000768400,4.64000,3.60000
 0.00000768600,4.64000,4.00000
 0.00000768800,4.72000,3.60000
 0.00000769000,4.56000,3.60000
 0.00000769200,4.56000,3.60000
 0.00000769400,4.56000,3.60000
 0.00000769600,4.48000,3.60000
 0.00000769800,4.56000,3.60000
 0.00000770000,4.64000,3.60000
 0.00000770200,4.56000,3.60000
 0.00000770400,4.64000,4.00000
 0.00000770600,4.64000,3.60000
 0.00000770800,4.56000,3.60000
 0.00000771000,4.64000,3.60000
 0.00000771200,4.64000,3.60000
 0.00000771400,4.64000,4.00000
 0.00000771600,4.56000,4.00000
 0.00000771800,4.64000,3.60000
 0.00000772000,4.56000,4.00000
 0.00000772200,4.64000,3.60000
 0.00000772400,4.72000,4.00000
 0.00000772600,4.64000,4.00000
 0.00000772800,4.64000,4.00000
 0.00000773000,4.64000,4.00000
 0.00000773200,4.64000,3.60000
 0.00000773400,4.72000,4.00000
 0.00000773600,4.64000,4.00000
 0.00000773800,4.64000,4.00000
 0.00000774000,4.64000,4.00000
 0.00000774200,4.64000,3.60000
 0.00000774400,4.56000,3.60000
 0.00000774600,4.56000,4.00000
 0.00000774800,4.56000,3.60000
 0.00000775000,4.64000,4.00000
 0.00000775200,4.64000,3.60000
 0.00000775400,4.64000,3.60000
 0.00000775600,4.64000,3.60000
 0.00000775800,4.56000,3.60000
 0.00000776000,4.48000,4.00000
 0.00000776200,4.48000,3.60000
 0.00000776400,4.48000,3.60000
 0.00000776600,4.64000,3.60000
 0.00000776800,4.56000,3.60000
 0.00000777000,4.56000,4.00000
 0.00000777200,4.56000,4.00000
 0.00000777400,4.64000,3.60000
 0.00000777600,4.64000,3.60000
 0.00000777800,4.56000,3.60000
 0.00000778000,4.56000,3.60000
 0.00000778200,4.56000,4.00000
 0.00000778400,4.64000,3.60000
 0.00000778600,4.64000,3.60000
 0.00000778800,4.72000,3.60000
 0.00000779000,4.64000,3.60000
 0.00000779200,4.64000,4.00000
 0.00000779400,4.72000,3.60000
 0.00000779600,4.72000,3.60000
 0.00000779800,4.72000,3.60000
 0.00000780000,4.72000,4.00000
 0.00000780200,4.64000,4.00000
 0.00000780400,4.56000,4.00000
 0.00000780600,4.64000,3.60000
 0.00000780800,4.72000,3.60000
 0.00000781000,4.64000,4.00000
 0.00000781200,4.72000,4.00000
 0.00000781400,4.56000,4.00000
 0.00000781600,4.56000,4.00000
 0.00000781800,4.64000,3.60000
 0.00000782000,4.64000,3.60000
 0.00000782200,4.64000,4.00000
 0.00000782400,4.56000,3.60000
 0.00000782600,4.56000,4.00000
 0.00000782800,4.56000,4.00000
 0.00000783000,4.64000,3.60000
 0.00000783200,4.72000,4.00000
 0.00000783400,4.56000,3.60000
 0.00000783600,4.56000,4.00000
 0.00000783800,4.56000,4.00000
 0.00000784000,4.56000,3.60000
 0.00000784200,4.64000,4.00000
 0.00000784400,4.64000,3.60000
 0.00000784600,4.64000,4.00000
 0.00000784800,4.72000,4.00000
 0.00000785000,4.64000,3.60000
 0.00000785200,4.64000,3.60000
 0.00000785400,4.72000,3.60000
 0.00000785600,4.64000,4.00000
 0.00000785800,4.72000,4.00000
 0.00000786000,4.64000,4.00000
 0.00000786200,4.64000,3.60000
 0.00000786400,4.64000,4.00000
 0.00000786600,4.64000,4.00000
 0.00000786800,4.64000,3.60000
 0.00000787000,4.64000,4.00000
 0.00000787200,4.72000,3.60000
 0.00000787400,4.56000,4.00000
 0.00000787600,4.56000,4.00000
 0.00000787800,4.64000,3.60000
 0.00000788000,4.64000,3.60000
 0.00000788200,4.48000,3.60000
 0.00000788400,4.48000,4.00000
 0.00000788600,4.56000,4.00000
 0.00000788800,4.56000,3.60000
 0.00000789000,4.56000,3.60000
 0.00000789200,4.64000,3.60000
 0.00000789400,4.64000,4.00000
 0.00000789600,4.64000,4.00000
 0.00000789800,4.64000,3.60000
 0.00000790000,4.56000,3.60000
 0.00000790200,4.64000,3.60000
 0.00000790400,4.56000,4.00000
 0.00000790600,4.64000,4.00000
 0.00000790800,4.64000,4.00000
 0.00000791000,4.64000,3.60000
 0.00000791200,4.72000,4.00000
 0.00000791400,4.64000,4.00000
 0.00000791600,4.64000,4.00000
 0.00000791800,4.72000,4.00000
 0.00000792000,4.72000,3.60000
 0.00000792200,4.56000,4.00000
 0.00000792400,4.64000,4.00000
 0.00000792600,4.56000,4.00000
 0.00000792800,4.56000,3.60000
 0.00000793000,4.72000,3.60000
 0.00000793200,4.56000,3.60000
 0.00000793400,4.64000,4.00000
 0.00000793600,4.64000,4.00000
 0.00000793800,4.64000,3.60000
 0.00000794000,4.56000,3.60000
 0.00000794200,4.64000,3.60000
 0.00000794400,4.64000,4.00000
 0.00000794600,4.64000,4.00000
 0.00000794800,4.64000,3.60000
 0.00000795000,4.64000,3.60000
 0.00000795200,4.64000,4.00000
 0.00000795400,4.56000,4.00000
 0.00000795600,4.56000,3.60000
 0.00000795800,4.64000,3.60000
 0.00000796000,4.64000,4.00000
 0.00000796200,4.56000,4.00000
 0.00000796400,4.56000,4.00000
 0.00000796600,4.64000,3.60000
 0.00000796800,4.72000,3.60000
 0.00000797000,4.72000,4.00000
 0.00000797200,4.64000,3.60000
 0.00000797400,4.64000,4.00000
 0.00000797600,4.64000,4.00000
 0.00000797800,4.64000,3.60000
 0.00000798000,4.72000,3.60000
 0.00000798200,4.72000,3.60000
 0.00000798400,4.72000,4.00000
 0.00000798600,4.64000,4.00000
 0.00000798800,4.56000,4.00000
 0.00000799000,4.72000,3.60000
 0.00000799200,4.64000,4.00000
 0.00000799400,4.64000,4.00000
 0.00000799600,4.64000,3.60000
 0.00000799800,4.56000,4.00000
 0.00000800000,4.64000,4.00000
 0.00000800200,4.64000,4.00000
 0.00000800400,4.64000,3.60000
 0.00000800600,4.64000,3.60000
 0.00000800800,4.64000,4.00000
 0.00000801000,4.64000,4.00000
 0.00000801200,4.64000,4.00000
 0.00000801400,4.72000,3.60000
 0.00000801600,4.56000,4.00000
 0.00000801800,4.64000,4.00000
 0.00000802000,4.72000,3.60000
 0.00000802200,4.64000,4.00000
 0.00000802400,4.72000,4.00000
 0.00000802600,4.64000,4.00000
 0.00000802800,4.64000,4.00000
 0.00000803000,4.72000,3.60000
 0.00000803200,4.64000,4.00000
 0.00000803400,4.64000,4.00000
 0.00000803600,4.72000,4.00000
 0.00000803800,4.72000,4.00000
 0.00000804000,4.72000,4.00000
 0.00000804200,4.72000,4.00000
 0.00000804400,4.72000,4.00000
 0.00000804600,4.72000,4.00000
 0.00000804800,4.64000,3.60000
 0.00000805000,4.64000,4.00000
 0.00000805200,4.64000,4.00000
 0.00000805400,4.64000,4.00000
 0.00000805600,4.72000,4.00000
 0.00000805800,4.64000,3.60000
 0.00000806000,4.72000,4.00000
 0.00000806200,4.72000,4.00000
 0.00000806400,4.56000,4.00000
 0.00000806600,4.56000,4.00000
 0.00000806800,4.56000,3.60000
 0.00000807000,4.64000,4.00000
 0.00000807200,4.72000,3.60000
 0.00000807400,4.56000,4.00000
 0.00000807600,4.56000,4.00000
 0.00000807800,4.64000,3.60000
 0.00000808000,4.64000,4.00000
 0.00000808200,4.56000,3.60000
 0.00000808400,4.56000,3.60000
 0.00000808600,4.64000,4.00000
 0.00000808800,4.64000,3.60000
 0.00000809000,4.56000,4.00000
 0.00000809200,4.56000,3.60000
 0.00000809400,4.56000,3.60000
 0.00000809600,4.64000,3.60000
 0.00000809800,4.64000,3.60000
 0.00000810000,4.64000,3.60000
 0.00000810200,4.56000,3.60000
 0.00000810400,4.64000,4.00000
 0.00000810600,4.64000,3.60000
 0.00000810800,4.56000,3.60000
 0.00000811000,4.64000,3.60000
 0.00000811200,4.56000,3.60000
 0.00000811400,4.56000,4.00000
 0.00000811600,4.56000,3.60000
 0.00000811800,4.56000,3.60000
 0.00000812000,4.64000,3.60000
 0.00000812200,4.56000,3.60000
 0.00000812400,4.64000,3.60000
 0.00000812600,4.56000,3.60000
 0.00000812800,4.56000,3.60000
 0.00000813000,4.56000,3.60000
 0.00000813200,4.56000,3.60000
 0.00000813400,4.64000,3.60000
 0.00000813600,4.64000,3.60000
 0.00000813800,4.56000,3.60000
 0.00000814000,4.64000,4.00000
 0.00000814200,4.64000,3.60000
 0.00000814400,4.56000,3.60000
 0.00000814600,4.56000,3.60000
 0.00000814800,4.56000,3.60000
 0.00000815000,4.64000,4.00000
 0.00000815200,4.56000,3.60000
 0.00000815400,4.72000,3.60000
 0.00000815600,4.64000,4.00000
 0.00000815800,4.64000,3.60000
 0.00000816000,4.72000,4.00000
 0.00000816200,4.72000,3.60000
 0.00000816400,4.64000,3.60000
 0.00000816600,4.64000,4.00000
 0.00000816800,4.64000,3.60000
 0.00000817000,4.56000,4.00000
 0.00000817200,4.56000,3.60000
 0.00000817400,4.72000,3.60000
 0.00000817600,4.56000,3.60000
 0.00000817800,4.64000,3.60000
 0.00000818000,4.64000,4.00000
 0.00000818200,4.64000,3.60000
 0.00000818400,4.64000,3.60000
 0.00000818600,4.56000,3.60000
 0.00000818800,4.64000,3.60000
 0.00000819000,4.64000,4.00000
 0.00000819200,4.56000,3.60000
 0.00000819400,4.64000,3.60000
 0.00000819600,4.64000,4.00000
 0.00000819800,4.64000,3.60000
 0.00000820000,4.64000,4.00000
 0.00000820200,4.56000,3.60000
 0.00000820400,4.56000,3.60000
 0.00000820600,4.64000,4.00000
 0.00000820800,4.64000,3.60000
 0.00000821000,4.64000,4.00000
 0.00000821200,4.64000,4.00000
 0.00000821400,4.56000,3.60000
 0.00000821600,4.72000,3.60000
 0.00000821800,4.64000,3.60000
 0.00000822000,4.64000,3.60000
 0.00000822200,4.64000,4.00000
 0.00000822400,4.64000,3.60000
 0.00000822600,4.56000,3.60000
 0.00000822800,4.64000,3.60000
 0.00000823000,4.64000,3.60000
 0.00000823200,4.56000,3.60000
 0.00000823400,4.72000,3.60000
 0.00000823600,4.72000,3.60000
 0.00000823800,4.56000,3.60000
 0.00000824000,4.64000,4.00000
 0.00000824200,4.64000,3.60000
 0.00000824400,4.64000,3.60000
 0.00000824600,4.72000,3.60000
 0.00000824800,4.64000,3.60000
 0.00000825000,4.56000,4.00000
 0.00000825200,4.64000,4.00000
 0.00000825400,4.64000,3.60000
 0.00000825600,4.56000,3.60000
 0.00000825800,4.56000,3.60000
 0.00000826000,4.64000,3.60000
 0.00000826200,4.72000,4.00000
 0.00000826400,4.56000,3.60000
 0.00000826600,4.64000,3.60000
 0.00000826800,4.56000,4.00000
 0.00000827000,4.72000,3.60000
 0.00000827200,4.72000,4.00000
 0.00000827400,4.64000,3.60000
 0.00000827600,4.64000,4.00000
 0.00000827800,4.56000,4.00000
 0.00000828000,4.64000,3.60000
 0.00000828200,4.56000,4.00000
 0.00000828400,4.56000,3.60000
 0.00000828600,4.64000,4.00000
 0.00000828800,4.72000,3.60000
 0.00000829000,4.72000,3.60000
 0.00000829200,4.72000,3.60000
 0.00000829400,4.72000,3.60000
 0.00000829600,4.72000,4.00000
 0.00000829800,4.64000,3.60000
 0.00000830000,4.64000,3.60000
 0.00000830200,4.72000,3.60000
 0.00000830400,4.64000,3.60000
 0.00000830600,4.72000,4.00000
 0.00000830800,4.64000,4.00000
 0.00000831000,4.72000,3.60000
 0.00000831200,4.72000,4.00000
 0.00000831400,4.72000,3.60000
 0.00000831600,4.64000,4.00000
 0.00000831800,4.64000,4.00000
 0.00000832000,4.64000,3.60000
 0.00000832200,4.56000,4.00000
 0.00000832400,4.64000,4.00000
 0.00000832600,4.64000,4.00000
 0.00000832800,4.64000,3.60000
 0.00000833000,4.64000,3.60000
 0.00000833200,4.72000,4.00000
 0.00000833400,4.72000,4.00000
 0.00000833600,4.64000,4.00000
 0.00000833800,4.64000,3.60000
 0.00000834000,4.64000,3.60000
 0.00000834200,4.72000,4.00000
 0.00000834400,4.64000,3.60000
 0.00000834600,4.64000,4.00000
 0.00000834800,4.72000,4.00000
 0.00000835000,4.64000,3.60000
 0.00000835200,4.72000,4.00000
 0.00000835400,4.64000,3.60000
 0.00000835600,4.72000,3.60000
 0.00000835800,4.72000,4.00000
 0.00000836000,4.72000,3.60000
 0.00000836200,4.64000,4.00000
 0.00000836400,4.72000,4.00000
 0.00000836600,4.64000,3.60000
 0.00000836800,4.64000,3.60000
 0.00000837000,4.64000,3.60000
 0.00000837200,4.56000,3.60000
 0.00000837400,4.64000,4.00000
 0.00000837600,4.56000,4.00000
 0.00000837800,4.72000,3.60000
 0.00000838000,4.56000,4.00000
 0.00000838200,4.56000,3.60000
 0.00000838400,4.72000,4.00000
 0.00000838600,4.64000,4.00000
 0.00000838800,4.64000,3.60000
 0.00000839000,4.64000,4.00000
 0.00000839200,4.56000,3.60000
 0.00000839400,4.56000,4.00000
 0.00000839600,4.64000,3.60000
 0.00000839800,4.72000,3.60000
 0.00000840000,4.64000,3.60000
 0.00000840200,4.72000,3.60000
 0.00000840400,4.72000,4.00000
 0.00000840600,4.72000,3.60000
 0.00000840800,4.64000,3.60000
 0.00000841000,4.72000,3.60000
 0.00000841200,4.72000,4.00000
 0.00000841400,4.72000,4.00000
 0.00000841600,4.64000,3.60000
 0.00000841800,4.72000,3.60000
 0.00000842000,4.72000,4.00000
 0.00000842200,4.72000,4.00000
 0.00000842400,4.72000,4.00000
 0.00000842600,4.72000,3.60000
 0.00000842800,4.64000,4.00000
 0.00000843000,4.72000,4.00000
 0.00000843200,4.72000,4.00000
 0.00000843400,4.72000,4.00000
 0.00000843600,4.64000,4.00000
 0.00000843800,4.64000,4.00000
 0.00000844000,4.72000,3.60000
 0.00000844200,4.56000,4.00000
 0.00000844400,4.64000,3.60000
 0.00000844600,4.72000,4.00000
 0.00000844800,4.72000,3.60000
 0.00000845000,4.56000,3.60000
 0.00000845200,4.72000,4.00000
 0.00000845400,4.64000,3.60000
 0.00000845600,4.64000,3.60000
 0.00000845800,4.72000,3.60000
 0.00000846000,4.72000,3.60000
 0.00000846200,4.72000,4.00000
 0.00000846400,4.64000,4.00000
 0.00000846600,4.72000,3.60000
 0.00000846800,4.72000,4.00000
 0.00000847000,4.72000,3.60000
 0.00000847200,4.72000,4.00000
 0.00000847400,4.72000,4.00000
 0.00000847600,4.72000,4.00000
 0.00000847800,4.72000,4.00000
 0.00000848000,4.80000,3.60000
 0.00000848200,4.64000,4.00000
 0.00000848400,4.72000,4.00000
 0.00000848600,4.72000,4.00000
 0.00000848800,4.72000,3.60000
 0.00000849000,4.72000,3.60000
 0.00000849200,4.72000,4.00000
 0.00000849400,4.72000,4.00000
 0.00000849600,4.64000,4.00000
 0.00000849800,4.64000,3.60000
 0.00000850000,4.64000,4.00000
 0.00000850200,4.64000,4.00000
 0.00000850400,4.56000,3.60000
 0.00000850600,4.56000,4.00000
 0.00000850800,4.72000,3.60000
 0.00000851000,4.56000,4.00000
 0.00000851200,4.56000,4.00000
 0.00000851400,4.64000,3.60000
 0.00000851600,4.64000,3.60000
 0.00000851800,4.72000,3.60000
 0.00000852000,4.72000,4.00000
 0.00000852200,4.64000,4.00000
 0.00000852400,4.72000,4.00000
 0.00000852600,4.72000,3.60000
 0.00000852800,4.64000,3.60000
 0.00000853000,4.72000,4.00000
 0.00000853200,4.64000,4.00000
 0.00000853400,4.72000,4.00000
 0.00000853600,4.72000,4.00000
 0.00000853800,4.64000,3.60000
 0.00000854000,4.72000,3.60000
 0.00000854200,4.72000,4.00000
 0.00000854400,4.72000,4.00000
 0.00000854600,4.64000,4.00000
 0.00000854800,4.72000,3.60000
 0.00000855000,4.72000,3.60000
 0.00000855200,4.72000,3.60000
 0.00000855400,4.80000,4.00000
 0.00000855600,4.72000,4.00000
 0.00000855800,4.72000,3.60000
 0.00000856000,4.64000,4.00000
 0.00000856200,4.72000,3.60000
 0.00000856400,4.64000,3.60000
 0.00000856600,4.64000,4.00000
 0.00000856800,4.64000,4.00000
 0.00000857000,4.64000,4.00000
 0.00000857200,4.72000,4.00000
 0.00000857400,4.72000,3.60000
 0.00000857600,4.72000,4.00000
 0.00000857800,4.64000,4.00000
 0.00000858000,4.72000,4.00000
 0.00000858200,4.72000,4.00000
 0.00000858400,4.72000,4.00000
 0.00000858600,4.64000,4.00000
 0.00000858800,4.64000,3.60000
 0.00000859000,4.80000,4.00000
 0.00000859200,4.64000,3.60000
 0.00000859400,4.72000,4.00000
 0.00000859600,4.64000,4.00000
 0.00000859800,4.64000,3.60000
 0.00000860000,4.72000,4.00000
 0.00000860200,4.64000,3.60000
 0.00000860400,4.72000,3.60000
 0.00000860600,4.72000,4.00000
 0.00000860800,4.72000,3.60000
 0.00000861000,4.64000,4.00000
 0.00000861200,4.72000,3.60000
 0.00000861400,4.64000,3.60000
 0.00000861600,4.72000,3.60000
 0.00000861800,4.64000,3.60000
 0.00000862000,4.64000,4.00000
 0.00000862200,4.72000,3.60000
 0.00000862400,4.72000,4.00000
 0.00000862600,4.56000,3.60000
 0.00000862800,4.72000,4.00000
 0.00000863000,4.64000,4.00000
 0.00000863200,4.72000,3.60000
 0.00000863400,4.56000,4.00000
 0.00000863600,4.64000,3.60000
 0.00000863800,4.72000,4.00000
 0.00000864000,4.64000,3.60000
 0.00000864200,4.56000,3.60000
 0.00000864400,4.72000,4.00000
 0.00000864600,4.64000,3.60000
 0.00000864800,4.72000,3.60000
 0.00000865000,4.64000,3.60000
 0.00000865200,4.64000,3.60000
 0.00000865400,4.72000,4.00000
 0.00000865600,4.64000,3.60000
 0.00000865800,4.64000,3.60000
 0.00000866000,4.64000,4.00000
 0.00000866200,4.64000,3.60000
 0.00000866400,4.72000,3.60000
 0.00000866600,4.72000,3.60000
 0.00000866800,4.72000,3.60000
 0.00000867000,4.72000,4.00000
 0.00000867200,4.72000,3.60000
 0.00000867400,4.64000,3.60000
 0.00000867600,4.72000,3.60000
 0.00000867800,4.72000,3.60000
 0.00000868000,4.64000,3.60000
 0.00000868200,4.72000,3.60000
 0.00000868400,4.64000,4.00000
 0.00000868600,4.72000,3.60000
 0.00000868800,4.64000,4.00000
 0.00000869000,4.64000,3.60000
 0.00000869200,4.56000,3.60000
 0.00000869400,4.64000,4.00000
 0.00000869600,4.56000,3.60000
 0.00000869800,4.72000,4.00000
 0.00000870000,4.72000,3.60000
 0.00000870200,4.72000,3.60000
 0.00000870400,4.72000,4.00000
 0.00000870600,4.64000,3.60000
 0.00000870800,4.64000,3.60000
 0.00000871000,4.72000,3.60000
 0.00000871200,4.64000,3.60000
 0.00000871400,4.80000,4.00000
 0.00000871600,4.64000,4.00000
 0.00000871800,4.72000,3.60000
 0.00000872000,4.72000,4.00000
 0.00000872200,4.80000,3.60000
 0.00000872400,4.72000,3.60000
 0.00000872600,4.64000,4.00000
 0.00000872800,4.72000,3.60000
 0.00000873000,4.64000,4.00000
 0.00000873200,4.64000,3.60000
 0.00000873400,4.80000,3.60000
 0.00000873600,4.72000,3.60000
 0.00000873800,4.64000,3.60000
 0.00000874000,4.64000,4.00000
 0.00000874200,4.72000,3.60000
 0.00000874400,4.64000,3.60000
 0.00000874600,4.72000,3.60000
 0.00000874800,4.64000,3.60000
 0.00000875000,4.56000,4.00000
 0.00000875200,4.64000,3.60000
 0.00000875400,4.64000,3.60000
 0.00000875600,4.72000,3.60000
 0.00000875800,4.72000,3.60000
 0.00000876000,4.64000,4.00000
 0.00000876200,4.64000,3.60000
 0.00000876400,4.72000,4.00000
 0.00000876600,4.64000,3.60000
 0.00000876800,4.72000,3.60000
 0.00000877000,4.56000,4.00000
 0.00000877200,4.72000,4.00000
 0.00000877400,4.72000,4.00000
 0.00000877600,4.80000,3.60000
 0.00000877800,4.64000,3.60000
 0.00000878000,4.72000,4.00000
 0.00000878200,4.64000,4.00000
 0.00000878400,4.72000,3.60000
 0.00000878600,4.64000,3.60000
 0.00000878800,4.72000,3.60000
 0.00000879000,4.72000,4.00000
 0.00000879200,4.72000,3.60000
 0.00000879400,4.72000,3.60000
 0.00000879600,4.64000,3.60000
 0.00000879800,4.80000,3.60000
 0.00000880000,4.72000,4.00000
 0.00000880200,4.72000,3.60000
 0.00000880400,4.72000,3.60000
 0.00000880600,4.64000,3.60000
 0.00000880800,4.72000,3.60000
 0.00000881000,4.72000,4.00000
 0.00000881200,4.64000,3.60000
 0.00000881400,4.72000,3.60000
 0.00000881600,4.72000,4.00000
 0.00000881800,4.64000,3.60000
 0.00000882000,4.64000,4.00000
 0.00000882200,4.64000,3.60000
 0.00000882400,4.56000,4.00000
 0.00000882600,4.72000,4.00000
 0.00000882800,4.56000,4.00000
 0.00000883000,4.64000,4.00000
 0.00000883200,4.72000,4.00000
 0.00000883400,4.72000,4.00000
 0.00000883600,4.64000,3.60000
 0.00000883800,4.80000,4.00000
 0.00000884000,4.72000,4.00000
 0.00000884200,4.64000,4.00000
 0.00000884400,4.72000,3.60000
 0.00000884600,4.64000,3.60000
 0.00000884800,4.80000,3.60000
 0.00000885000,4.72000,4.00000
 0.00000885200,4.72000,3.60000
 0.00000885400,4.64000,3.60000
 0.00000885600,4.72000,4.00000
 0.00000885800,4.64000,3.60000
 0.00000886000,4.72000,3.60000
 0.00000886200,4.64000,3.60000
 0.00000886400,4.72000,3.60000
 0.00000886600,4.72000,4.00000
 0.00000886800,4.72000,3.60000
 0.00000887000,4.72000,3.60000
 0.00000887200,4.72000,4.00000
 0.00000887400,4.56000,3.60000
 0.00000887600,4.72000,3.60000
 0.00000887800,4.64000,3.60000
 0.00000888000,4.72000,3.60000
 0.00000888200,4.64000,4.00000
 0.00000888400,4.72000,4.00000
 0.00000888600,4.72000,3.60000
 0.00000888800,4.72000,3.60000
 0.00000889000,4.72000,3.60000
 0.00000889200,4.72000,4.00000
 0.00000889400,4.72000,4.00000
 0.00000889600,4.64000,4.00000
 0.00000889800,4.72000,3.60000
 0.00000890000,4.80000,4.00000
 0.00000890200,4.72000,4.00000
 0.00000890400,4.80000,3.60000
 0.00000890600,4.72000,4.00000
 0.00000890800,4.72000,4.00000
 0.00000891000,4.80000,4.00000
 0.00000891200,4.72000,4.00000
 0.00000891400,4.64000,3.60000
 0.00000891600,4.80000,4.00000
 0.00000891800,4.72000,4.00000
 0.00000892000,4.72000,3.60000
 0.00000892200,4.80000,4.00000
 0.00000892400,4.72000,3.60000
 0.00000892600,4.72000,4.00000
 0.00000892800,4.72000,4.00000
 0.00000893000,4.64000,3.60000
 0.00000893200,4.64000,4.00000
 0.00000893400,4.72000,3.60000
 0.00000893600,4.72000,3.60000
 0.00000893800,4.64000,4.00000
 0.00000894000,4.72000,4.00000
 0.00000894200,4.64000,4.00000
 0.00000894400,4.56000,4.00000
 0.00000894600,4.64000,3.60000
 0.00000894800,4.64000,3.60000
 0.00000895000,4.80000,4.00000
 0.00000895200,4.64000,3.60000
 0.00000895400,4.72000,4.00000
 0.00000895600,4.64000,4.00000
 0.00000895800,4.72000,3.60000
 0.00000896000,4.64000,4.00000
 0.00000896200,4.64000,3.60000
 0.00000896400,4.64000,4.00000
 0.00000896600,4.64000,4.00000
 0.00000896800,4.64000,3.60000
 0.00000897000,4.80000,4.00000
 0.00000897200,4.72000,3.60000
 0.00000897400,4.72000,4.00000
 0.00000897600,4.72000,4.00000
 0.00000897800,4.72000,3.60000
 0.00000898000,4.72000,3.60000
 0.00000898200,4.80000,3.60000
 0.00000898400,4.72000,4.00000
 0.00000898600,4.72000,4.00000
 0.00000898800,4.72000,3.60000
 0.00000899000,4.80000,3.60000
 0.00000899200,4.72000,4.00000
 0.00000899400,4.64000,4.00000
 0.00000899600,4.72000,4.00000
 0.00000899800,4.64000,3.60000
 0.00000900000,4.72000,3.60000
 0.00000900200,4.64000,4.00000
 0.00000900400,4.72000,4.00000
 0.00000900600,4.72000,4.00000
 0.00000900800,4.72000,3.60000
 0.00000901000,4.64000,3.60000
 0.00000901200,4.64000,4.00000
 0.00000901400,4.64000,4.00000
 0.00000901600,4.64000,3.60000
 0.00000901800,4.72000,3.60000
 0.00000902000,4.72000,3.60000
 0.00000902200,4.64000,4.00000
 0.00000902400,4.80000,4.00000
 0.00000902600,4.72000,3.60000
 0.00000902800,4.72000,3.60000
 0.00000903000,4.72000,3.60000
 0.00000903200,4.72000,4.00000
 0.00000903400,4.72000,4.00000
 0.00000903600,4.72000,4.00000
 0.00000903800,4.72000,3.60000
 0.00000904000,4.80000,4.00000
 0.00000904200,4.72000,4.00000
 0.00000904400,4.64000,3.60000
 0.00000904600,4.80000,4.00000
 0.00000904800,4.72000,4.00000
 0.00000905000,4.72000,4.00000
 0.00000905200,4.64000,3.60000
 0.00000905400,4.80000,3.60000
 0.00000905600,4.72000,4.00000
 0.00000905800,4.64000,4.00000
 0.00000906000,4.72000,3.60000
 0.00000906200,4.64000,3.60000
 0.00000906400,4.72000,4.00000
 0.00000906600,4.72000,4.00000
 0.00000906800,4.56000,3.60000
 0.00000907000,4.72000,3.60000
 0.00000907200,4.72000,4.00000
 0.00000907400,4.72000,4.00000
 0.00000907600,4.72000,3.60000
 0.00000907800,4.64000,3.60000
 0.00000908000,4.72000,4.00000
 0.00000908200,4.72000,4.00000
 0.00000908400,4.72000,3.60000
 0.00000908600,4.80000,3.60000
 0.00000908800,4.72000,4.00000
 0.00000909000,4.64000,4.00000
 0.00000909200,4.72000,4.00000
 0.00000909400,4.80000,3.60000
 0.00000909600,4.72000,3.60000
 0.00000909800,4.72000,4.00000
 0.00000910000,4.80000,4.00000
 0.00000910200,4.72000,4.00000
 0.00000910400,4.80000,4.00000
 0.00000910600,4.80000,3.60000
 0.00000910800,4.72000,4.00000
 0.00000911000,4.80000,4.00000
 0.00000911200,4.64000,4.00000
 0.00000911400,4.72000,4.00000
 0.00000911600,4.72000,4.00000
 0.00000911800,4.72000,4.00000
 0.00000912000,4.72000,4.00000
 0.00000912200,4.72000,4.00000
 0.00000912400,4.72000,4.00000
 0.00000912600,4.72000,4.00000
 0.00000912800,4.64000,4.00000
 0.00000913000,4.72000,4.00000
 0.00000913200,4.64000,4.00000
 0.00000913400,4.72000,4.00000
 0.00000913600,4.72000,4.00000
 0.00000913800,4.72000,4.00000
 0.00000914000,4.64000,4.00000
 0.00000914200,4.64000,4.00000
 0.00000914400,4.80000,4.00000
 0.00000914600,4.72000,4.00000
 0.00000914800,4.72000,3.60000
 0.00000915000,4.72000,4.00000
 0.00000915200,4.80000,4.00000
 0.00000915400,4.80000,4.00000
 0.00000915600,4.72000,3.60000
 0.00000915800,4.64000,3.60000
 0.00000916000,4.80000,3.60000
 0.00000916200,4.64000,4.00000
 0.00000916400,4.64000,3.60000
 0.00000916600,4.80000,3.60000
 0.00000916800,4.72000,3.60000
 0.00000917000,4.64000,3.60000
 0.00000917200,4.72000,4.00000
 0.00000917400,4.72000,3.60000
 0.00000917600,4.80000,3.60000
 0.00000917800,4.64000,3.60000
 0.00000918000,4.72000,3.60000
 0.00000918200,4.64000,4.00000
 0.00000918400,4.72000,3.60000
 0.00000918600,4.64000,3.60000
 0.00000918800,4.64000,3.60000
 0.00000919000,4.72000,3.60000
 0.00000919200,4.72000,3.60000
 0.00000919400,4.72000,3.60000
 0.00000919600,4.72000,3.60000
 0.00000919800,4.72000,3.60000
 0.00000920000,4.72000,3.60000
 0.00000920200,4.72000,3.60000
 0.00000920400,4.72000,4.00000
 0.00000920600,4.72000,3.60000
 0.00000920800,4.72000,4.00000
 0.00000921000,4.64000,3.60000
 0.00000921200,4.72000,4.00000
 0.00000921400,4.72000,4.00000
 0.00000921600,4.72000,3.60000
 0.00000921800,4.72000,4.00000
 0.00000922000,4.72000,4.00000
 0.00000922200,4.64000,4.00000
 0.00000922400,4.80000,3.60000
 0.00000922600,4.72000,3.60000
 0.00000922800,4.72000,3.60000
 0.00000923000,4.72000,4.00000
 0.00000923200,4.72000,4.00000
 0.00000923400,4.64000,3.60000
 0.00000923600,4.64000,3.60000
 0.00000923800,4.72000,3.60000
 0.00000924000,4.64000,3.60000
 0.00000924200,4.64000,4.00000
 0.00000924400,4.72000,3.60000
 0.00000924600,4.64000,3.60000
 0.00000924800,4.72000,3.60000
 0.00000925000,4.64000,3.60000
 0.00000925200,4.72000,3.60000
 0.00000925400,4.72000,3.60000
 0.00000925600,4.72000,3.60000
 0.00000925800,4.64000,3.60000
 0.00000926000,4.72000,4.00000
 0.00000926200,4.72000,3.60000
 0.00000926400,4.64000,3.60000
 0.00000926600,4.72000,3.60000
 0.00000926800,4.72000,4.00000
 0.00000927000,4.80000,4.00000
 0.00000927200,4.72000,4.00000
 0.00000927400,4.72000,3.60000
 0.00000927600,4.64000,4.00000
 0.00000927800,4.80000,4.00000
 0.00000928000,4.80000,4.00000
 0.00000928200,4.80000,4.00000
 0.00000928400,4.72000,4.00000
 0.00000928600,4.80000,4.00000
 0.00000928800,4.72000,4.00000
 0.00000929000,4.80000,4.00000
 0.00000929200,4.72000,3.60000
 0.00000929400,4.64000,4.00000
 0.00000929600,4.72000,3.60000
 0.00000929800,4.72000,4.00000
 0.00000930000,4.72000,3.60000
 0.00000930200,4.72000,3.60000
 0.00000930400,4.80000,3.60000
 0.00000930600,4.56000,3.60000
 0.00000930800,4.64000,4.00000
 0.00000931000,4.64000,3.60000
 0.00000931200,4.72000,3.60000
 0.00000931400,4.72000,3.60000
 0.00000931600,4.72000,4.00000
 0.00000931800,4.72000,4.00000
 0.00000932000,4.72000,4.00000
 0.00000932200,4.72000,3.60000
 0.00000932400,4.72000,4.00000
 0.00000932600,4.72000,4.00000
 0.00000932800,4.80000,3.60000
 0.00000933000,4.72000,4.00000
 0.00000933200,4.72000,4.00000
 0.00000933400,4.72000,4.00000
 0.00000933600,4.80000,3.60000
 0.00000933800,4.72000,3.60000
 0.00000934000,4.72000,4.00000
 0.00000934200,4.72000,4.00000
 0.00000934400,4.72000,3.60000
 0.00000934600,4.64000,3.60000
 0.00000934800,4.64000,4.00000
 0.00000935000,4.72000,4.00000
 0.00000935200,4.72000,3.60000
 0.00000935400,4.64000,3.60000
 0.00000935600,4.72000,4.00000
 0.00000935800,4.72000,4.00000
 0.00000936000,4.72000,3.60000
 0.00000936200,4.72000,3.60000
 0.00000936400,4.72000,3.60000
 0.00000936600,4.72000,4.00000
 0.00000936800,4.72000,4.00000
 0.00000937000,4.72000,3.60000
 0.00000937200,4.72000,4.00000
 0.00000937400,4.72000,3.60000
 0.00000937600,4.64000,3.60000
 0.00000937800,4.72000,4.00000
 0.00000938000,4.64000,4.00000
 0.00000938200,4.72000,4.00000
 0.00000938400,4.72000,4.00000
 0.00000938600,4.72000,3.60000
 0.00000938800,4.72000,4.00000
 0.00000939000,4.72000,4.00000
 0.00000939200,4.72000,4.00000
 0.00000939400,4.80000,4.00000
 0.00000939600,4.72000,3.60000
 0.00000939800,4.80000,4.00000
 0.00000940000,4.80000,4.00000
 0.00000940200,4.72000,4.00000
 0.00000940400,4.72000,4.00000
 0.00000940600,4.80000,3.60000
 0.00000940800,4.64000,4.00000
 0.00000941000,4.72000,4.00000
 0.00000941200,4.80000,4.00000
 0.00000941400,4.80000,4.00000
 0.00000941600,4.80000,4.00000
 0.00000941800,4.72000,4.00000
 0.00000942000,4.72000,3.60000
 0.00000942200,4.80000,4.00000
 0.00000942400,4.80000,4.00000
 0.00000942600,4.72000,4.00000
 0.00000942800,4.72000,4.00000
 0.00000943000,4.72000,3.60000
 0.00000943200,4.72000,4.00000
 0.00000943400,4.64000,4.00000
 0.00000943600,4.72000,4.00000
 0.00000943800,4.64000,4.00000
 0.00000944000,4.72000,3.60000
 0.00000944200,4.64000,4.00000
 0.00000944400,4.64000,3.60000
 0.00000944600,4.72000,4.00000
 0.00000944800,4.72000,3.60000
 0.00000945000,4.72000,3.60000
 0.00000945200,4.64000,3.60000
 0.00000945400,4.64000,3.60000
 0.00000945600,4.72000,4.00000
 0.00000945800,4.72000,3.60000
 0.00000946000,4.80000,3.60000
 0.00000946200,4.72000,3.60000
 0.00000946400,4.80000,3.60000
 0.00000946600,4.72000,4.00000
 0.00000946800,4.72000,3.60000
 0.00000947000,4.80000,3.60000
 0.00000947200,4.80000,3.60000
 0.00000947400,4.80000,3.60000
 0.00000947600,4.64000,4.00000
 0.00000947800,4.72000,3.60000
 0.00000948000,4.72000,4.00000
 0.00000948200,4.80000,3.60000
 0.00000948400,4.80000,3.60000
 0.00000948600,4.64000,4.00000
 0.00000948800,4.72000,3.60000
 0.00000949000,4.72000,4.00000
 0.00000949200,4.64000,3.60000
 0.00000949400,4.72000,3.60000
 0.00000949600,4.72000,4.00000
 0.00000949800,4.64000,3.60000
 0.00000950000,4.64000,4.00000
 0.00000950200,4.72000,3.60000
 0.00000950400,4.72000,3.60000
 0.00000950600,4.72000,4.00000
 0.00000950800,4.72000,4.00000
 0.00000951000,4.64000,4.00000
 0.00000951200,4.80000,4.00000
 0.00000951400,4.72000,3.60000
 0.00000951600,4.72000,3.60000
 0.00000951800,4.72000,4.00000
 0.00000952000,4.72000,3.60000
 0.00000952200,4.64000,4.00000
 0.00000952400,4.72000,3.60000
 0.00000952600,4.72000,3.60000
 0.00000952800,4.72000,3.60000
 0.00000953000,4.64000,3.60000
 0.00000953200,4.72000,3.60000
 0.00000953400,4.72000,3.60000
 0.00000953600,4.80000,3.60000
 0.00000953800,4.64000,3.60000
 0.00000954000,4.80000,3.60000
 0.00000954200,4.64000,3.60000
 0.00000954400,4.80000,3.60000
 0.00000954600,4.72000,3.60000
 0.00000954800,4.80000,3.60000
 0.00000955000,4.80000,3.60000
 0.00000955200,4.64000,4.00000
 0.00000955400,4.72000,3.60000
 0.00000955600,4.72000,3.60000
 0.00000955800,4.72000,3.60000
 0.00000956000,4.64000,4.00000
 0.00000956200,4.64000,4.00000
 0.00000956400,4.64000,4.00000
 0.00000956600,4.80000,3.60000
 0.00000956800,4.72000,3.60000
 0.00000957000,4.72000,4.00000
 0.00000957200,4.72000,4.00000
 0.00000957400,4.72000,4.00000
 0.00000957600,4.72000,3.60000
 0.00000957800,4.64000,3.60000
 0.00000958000,4.80000,3.60000
 0.00000958200,4.80000,4.00000
 0.00000958400,4.64000,3.60000
 0.00000958600,4.64000,3.60000
 0.00000958800,4.72000,4.00000
 0.00000959000,4.72000,3.60000
 0.00000959200,4.64000,3.60000
 0.00000959400,4.64000,3.60000
 0.00000959600,4.72000,3.60000
 0.00000959800,4.72000,4.00000
 0.00000960000,4.72000,3.60000
 0.00000960200,4.72000,3.60000
 0.00000960400,4.80000,3.60000
 0.00000960600,4.80000,3.60000
 0.00000960800,4.80000,4.00000
 0.00000961000,4.80000,3.60000
 0.00000961200,4.72000,3.60000
 0.00000961400,4.72000,3.60000
 0.00000961600,4.72000,4.00000
 0.00000961800,4.72000,4.00000
 0.00000962000,4.72000,4.00000
 0.00000962200,4.64000,3.60000
 0.00000962400,4.72000,4.00000
 0.00000962600,4.72000,4.00000
 0.00000962800,4.72000,3.60000
 0.00000963000,4.72000,4.00000
 0.00000963200,4.72000,4.00000
 0.00000963400,4.64000,4.00000
 0.00000963600,4.56000,4.00000
 0.00000963800,4.80000,3.60000
 0.00000964000,4.72000,3.60000
 0.00000964200,4.72000,4.00000
 0.00000964400,4.80000,4.00000
 0.00000964600,4.64000,4.00000
 0.00000964800,4.80000,4.00000
 0.00000965000,4.72000,3.60000
 0.00000965200,4.72000,3.60000
 0.00000965400,4.64000,4.00000
 0.00000965600,4.80000,3.60000
 0.00000965800,4.80000,4.00000
 0.00000966000,4.72000,3.60000
 0.00000966200,4.64000,3.60000
 0.00000966400,4.72000,4.00000
 0.00000966600,4.80000,3.60000
 0.00000966800,4.80000,3.60000
 0.00000967000,4.72000,3.60000
 0.00000967200,4.80000,4.00000
 0.00000967400,4.72000,4.00000
 0.00000967600,4.80000,4.00000
 0.00000967800,4.72000,3.60000
 0.00000968000,4.64000,3.60000
 0.00000968200,4.72000,4.00000
 0.00000968400,4.64000,4.00000
 0.00000968600,4.72000,4.00000
 0.00000968800,4.72000,4.00000
 0.00000969000,4.72000,3.60000
 0.00000969200,4.72000,3.60000
 0.00000969400,4.64000,4.00000
 0.00000969600,4.72000,4.00000
 0.00000969800,4.72000,4.00000
 0.00000970000,4.64000,3.60000
 0.00000970200,4.80000,3.60000
 0.00000970400,4.80000,3.60000
 0.00000970600,4.80000,4.00000
 0.00000970800,4.72000,4.00000
 0.00000971000,4.72000,3.60000
 0.00000971200,4.72000,3.60000
 0.00000971400,4.80000,3.60000
 0.00000971600,4.80000,3.60000
 0.00000971800,4.72000,4.00000
 0.00000972000,4.80000,4.00000
 0.00000972200,4.80000,3.60000
 0.00000972400,4.72000,4.00000
 0.00000972600,4.80000,3.60000
 0.00000972800,4.80000,4.00000
 0.00000973000,4.80000,4.00000
 0.00000973200,4.72000,4.00000
 0.00000973400,4.64000,4.00000
 0.00000973600,4.72000,4.00000
 0.00000973800,4.64000,4.00000
 0.00000974000,4.64000,3.60000
 0.00000974200,4.72000,4.00000
 0.00000974400,4.64000,3.60000
 0.00000974600,4.72000,4.00000
 0.00000974800,4.64000,4.00000
 0.00000975000,4.64000,3.60000
 0.00000975200,4.72000,4.00000
 0.00000975400,4.72000,3.60000
 0.00000975600,4.72000,3.60000
 0.00000975800,4.64000,4.00000
 0.00000976000,4.72000,3.60000
 0.00000976200,4.72000,4.00000
 0.00000976400,4.72000,3.60000
 0.00000976600,4.88000,3.60000
 0.00000976800,4.72000,4.00000
 0.00000977000,4.80000,3.60000
 0.00000977200,4.72000,4.00000
 0.00000977400,4.80000,3.60000
 0.00000977600,4.80000,4.00000
 0.00000977800,4.72000,4.00000
 0.00000978000,4.80000,4.00000
 0.00000978200,4.80000,4.00000
 0.00000978400,4.80000,3.60000
 0.00000978600,4.72000,4.00000
 0.00000978800,4.72000,4.00000
 0.00000979000,4.80000,4.00000
 0.00000979200,4.80000,3.60000
 0.00000979400,4.64000,3.60000
 0.00000979600,4.72000,4.00000
 0.00000979800,4.64000,4.00000
 0.00000980000,4.80000,3.60000
 0.00000980200,4.72000,3.60000
 0.00000980400,4.72000,3.60000
 0.00000980600,4.72000,4.00000
 0.00000980800,4.72000,3.60000
 0.00000981000,4.64000,3.60000
 0.00000981200,4.56000,4.00000
 0.00000981400,4.64000,3.60000
 0.00000981600,4.72000,3.60000
 0.00000981800,4.72000,3.60000
 0.00000982000,4.72000,3.60000
 0.00000982200,4.72000,4.00000
 0.00000982400,4.72000,4.00000
 0.00000982600,4.72000,3.60000
 0.00000982800,4.72000,3.60000
 0.00000983000,4.80000,3.60000
 0.00000983200,4.72000,3.60000
 0.00000983400,4.80000,4.00000
 0.00000983600,4.72000,4.00000
 0.00000983800,4.80000,3.60000
 0.00000984000,4.80000,4.00000
 0.00000984200,4.80000,3.60000
 0.00000984400,4.72000,3.60000
 0.00000984600,4.80000,4.00000
 0.00000984800,4.64000,4.00000
 0.00000985000,4.80000,4.00000
 0.00000985200,4.72000,3.60000
 0.00000985400,4.80000,3.60000
 0.00000985600,4.80000,4.00000
 0.00000985800,4.64000,4.00000
 0.00000986000,4.80000,3.60000
 0.00000986200,4.80000,3.60000
 0.00000986400,4.80000,3.60000
 0.00000986600,4.72000,4.00000
 0.00000986800,4.64000,4.00000
 0.00000987000,4.80000,3.60000
 0.00000987200,4.72000,4.00000
 0.00000987400,4.72000,3.60000
 0.00000987600,4.80000,3.60000
 0.00000987800,4.64000,4.00000
 0.00000988000,4.64000,4.00000
 0.00000988200,4.72000,4.00000
 0.00000988400,4.72000,3.60000
 0.00000988600,4.72000,3.60000
 0.00000988800,4.80000,3.60000
 0.00000989000,4.72000,4.00000
 0.00000989200,4.64000,4.00000
 0.00000989400,4.80000,3.60000
 0.00000989600,4.72000,3.60000
 0.00000989800,4.72000,3.60000
 0.00000990000,4.80000,4.00000
 0.00000990200,4.72000,4.00000
 0.00000990400,4.80000,4.00000
 0.00000990600,4.72000,3.60000
 0.00000990800,4.64000,3.60000
 0.00000991000,4.80000,4.00000
 0.00000991200,4.72000,4.00000
 0.00000991400,4.72000,4.00000
 0.00000991600,4.72000,4.00000
 0.00000991800,4.72000,3.60000
 0.00000992000,4.72000,3.60000
 0.00000992200,4.64000,4.00000
 0.00000992400,4.72000,3.60000
 0.00000992600,4.72000,4.00000
 0.00000992800,4.72000,3.60000
 0.00000993000,4.72000,3.60000
 0.00000993200,4.64000,4.00000
 0.00000993400,4.72000,3.60000
 0.00000993600,4.64000,4.00000
 0.00000993800,4.64000,3.60000
 0.00000994000,4.64000,3.60000
 0.00000994200,4.64000,4.00000
 0.00000994400,4.72000,3.60000
 0.00000994600,4.72000,4.00000
 0.00000994800,4.64000,3.60000
 0.00000995000,4.72000,3.60000
 0.00000995200,4.80000,4.00000
 0.00000995400,4.72000,3.60000
 0.00000995600,4.80000,3.60000
 0.00000995800,4.72000,3.60000
 0.00000996000,4.80000,3.60000
 0.00000996200,4.80000,4.00000
 0.00000996400,4.72000,3.60000
 0.00000996600,4.80000,3.60000
 0.00000996800,4.72000,4.00000
 0.00000997000,4.72000,3.60000
 0.00000997200,4.72000,4.00000
 0.00000997400,4.80000,3.60000
 0.00000997600,4.80000,4.00000
 0.00000997800,4.72000,4.00000
 0.00000998000,4.80000,4.00000
 0.00000998200,4.72000,4.00000
 0.00000998400,4.80000,3.60000
 0.00000998600,4.64000,4.00000
 0.00000998800,4.72000,3.60000
 0.00000999000,4.64000,4.00000
 0.00000999200,4.72000,3.60000
 0.00000999400,4.64000,3.60000
 0.00000999600,4.72000,3.60000
 0.00000999800,4.64000,3.60000
 0.00001000000,4.64000,3.60000
 0.00001000200,4.72000,3.60000
 0.00001000400,4.64000,3.60000
 0.00001000600,4.72000,3.60000
 0.00001000800,4.72000,4.00000
 0.00001001000,4.64000,3.60000
 0.00001001200,4.72000,4.00000
 0.00001001400,4.72000,3.60000
 0.00001001600,4.80000,3.60000
 0.00001001800,4.72000,4.00000
 0.00001002000,4.72000,3.60000
 0.00001002200,4.80000,4.00000
 0.00001002400,4.80000,4.00000
 0.00001002600,4.80000,3.60000
 0.00001002800,4.80000,3.60000
 0.00001003000,4.80000,3.60000
 0.00001003200,4.72000,3.60000
 0.00001003400,4.80000,4.00000
 0.00001003600,4.80000,4.00000
 0.00001003800,4.80000,3.60000
 0.00001004000,4.80000,4.00000
 0.00001004200,4.72000,3.60000
 0.00001004400,4.72000,4.00000
 0.00001004600,4.80000,4.00000
 0.00001004800,4.72000,3.60000
 0.00001005000,4.80000,4.00000
 0.00001005200,4.72000,4.00000
 0.00001005400,4.64000,4.00000
 0.00001005600,4.72000,3.60000
 0.00001005800,4.72000,3.60000
 0.00001006000,4.64000,3.60000
 0.00001006200,4.72000,4.00000
 0.00001006400,4.72000,4.00000
 0.00001006600,4.72000,3.60000
 0.00001006800,4.72000,4.00000
 0.00001007000,4.64000,3.60000
 0.00001007200,4.80000,4.00000
 0.00001007400,4.64000,4.00000
 0.00001007600,4.72000,3.60000
 0.00001007800,4.80000,4.00000
 0.00001008000,4.72000,4.00000
 0.00001008200,4.64000,4.00000
 0.00001008400,4.64000,4.00000
 0.00001008600,4.72000,3.60000
 0.00001008800,4.72000,3.60000
 0.00001009000,4.80000,4.00000
 0.00001009200,4.72000,4.00000
 0.00001009400,4.72000,4.00000
 0.00001009600,4.80000,3.60000
 0.00001009800,4.72000,3.60000
 0.00001010000,4.80000,3.60000
 0.00001010200,4.72000,4.00000
 0.00001010400,4.72000,4.00000
 0.00001010600,4.72000,3.60000
 0.00001010800,4.80000,4.00000
 0.00001011000,4.80000,3.60000
 0.00001011200,4.72000,4.00000
 0.00001011400,4.72000,4.00000
 0.00001011600,4.72000,4.00000
 0.00001011800,4.72000,4.00000
 0.00001012000,4.72000,4.00000
 0.00001012200,4.64000,4.00000
 0.00001012400,4.64000,4.00000
 0.00001012600,4.64000,4.00000
 0.00001012800,4.72000,3.60000
 0.00001013000,4.72000,4.00000
 0.00001013200,4.64000,3.60000
 0.00001013400,4.72000,4.00000
 0.00001013600,4.80000,4.00000
 0.00001013800,4.72000,3.60000
 0.00001014000,4.80000,3.60000
 0.00001014200,4.72000,3.60000
 0.00001014400,4.80000,4.00000
 0.00001014600,4.72000,4.00000
 0.00001014800,4.80000,3.60000
 0.00001015000,4.80000,3.60000
 0.00001015200,4.80000,4.00000
 0.00001015400,4.80000,4.00000
 0.00001015600,4.80000,4.00000
 0.00001015800,4.80000,3.60000
 0.00001016000,4.80000,4.00000
 0.00001016200,4.72000,4.00000
 0.00001016400,4.72000,4.00000
 0.00001016600,4.80000,4.00000
 0.00001016800,4.72000,3.60000
 0.00001017000,4.72000,4.00000
 0.00001017200,4.72000,4.00000
 0.00001017400,4.64000,4.00000
 0.00001017600,4.72000,3.60000
 0.00001017800,4.72000,3.60000
 0.00001018000,4.72000,3.60000
 0.00001018200,4.72000,4.00000
 0.00001018400,4.72000,4.00000
 0.00001018600,4.72000,3.60000
 0.00001018800,4.72000,4.00000
 0.00001019000,4.72000,3.60000
 0.00001019200,4.64000,4.00000
 0.00001019400,4.72000,4.00000
 0.00001019600,4.72000,4.00000
 0.00001019800,4.80000,4.00000
 0.00001020000,4.80000,4.00000
 0.00001020200,4.72000,4.00000
 0.00001020400,4.64000,3.60000
 0.00001020600,4.72000,4.00000
 0.00001020800,4.80000,4.00000
 0.00001021000,4.64000,4.00000
 0.00001021200,4.80000,3.60000
 0.00001021400,4.72000,3.60000
 0.00001021600,4.80000,3.60000
 0.00001021800,4.72000,4.00000
 0.00001022000,4.80000,3.60000
 0.00001022200,4.72000,3.60000
 0.00001022400,4.80000,4.00000
 0.00001022600,4.80000,3.60000
 0.00001022800,4.72000,3.60000
 0.00001023000,4.72000,3.60000
 0.00001023200,4.72000,4.00000
 0.00001023400,4.72000,4.00000
 0.00001023600,4.72000,4.00000
 0.00001023800,4.72000,3.60000
 0.00001024000,4.72000,4.00000
 0.00001024200,4.64000,4.00000
 0.00001024400,4.72000,4.00000
 0.00001024600,4.64000,4.00000
 0.00001024800,4.64000,3.60000
 0.00001025000,4.72000,4.00000
 0.00001025200,4.64000,4.00000
 0.00001025400,4.72000,4.00000
 0.00001025600,4.72000,3.60000
 0.00001025800,4.72000,3.60000
 0.00001026000,4.72000,4.00000
 0.00001026200,4.80000,4.00000
 0.00001026400,4.72000,4.00000
 0.00001026600,4.72000,3.60000
 0.00001026800,4.72000,4.00000
 0.00001027000,4.72000,4.00000
 0.00001027200,4.64000,3.60000
 0.00001027400,4.72000,4.00000
 0.00001027600,4.80000,4.00000
 0.00001027800,4.80000,4.00000
 0.00001028000,4.80000,4.00000
 0.00001028200,4.80000,3.60000
 0.00001028400,4.80000,4.00000
 0.00001028600,4.80000,4.00000
 0.00001028800,4.72000,4.00000
 0.00001029000,4.64000,4.00000
 0.00001029200,4.72000,4.00000
 0.00001029400,4.72000,4.00000
 0.00001029600,4.64000,3.60000
 0.00001029800,4.72000,4.00000
 0.00001030000,4.64000,3.60000
 0.00001030200,4.72000,4.00000
 0.00001030400,4.72000,4.00000
 0.00001030600,4.72000,3.60000
 0.00001030800,4.72000,3.60000
 0.00001031000,4.72000,3.60000
 0.00001031200,4.72000,4.00000
 0.00001031400,4.64000,4.00000
 0.00001031600,4.72000,3.60000
 0.00001031800,4.72000,3.60000
 0.00001032000,4.64000,3.60000
 0.00001032200,4.72000,4.00000
 0.00001032400,4.64000,4.00000
 0.00001032600,4.72000,3.60000
 0.00001032800,4.72000,4.00000
 0.00001033000,4.72000,3.60000
 0.00001033200,4.72000,4.00000
 0.00001033400,4.72000,4.00000
 0.00001033600,4.72000,3.60000
 0.00001033800,4.80000,4.00000
 0.00001034000,4.80000,3.60000
 0.00001034200,4.80000,4.00000
 0.00001034400,4.80000,3.60000
 0.00001034600,4.80000,3.60000
 0.00001034800,4.80000,4.00000
 0.00001035000,4.80000,3.60000
 0.00001035200,4.64000,4.00000
 0.00001035400,4.80000,3.60000
 0.00001035600,4.72000,4.00000
 0.00001035800,4.80000,4.00000
 0.00001036000,4.80000,4.00000
 0.00001036200,4.72000,4.00000
 0.00001036400,4.64000,4.00000
 0.00001036600,4.64000,4.00000
 0.00001036800,4.72000,4.00000
 0.00001037000,4.64000,4.00000
 0.00001037200,4.64000,3.60000
 0.00001037400,4.64000,4.00000
 0.00001037600,4.72000,3.60000
 0.00001037800,4.64000,4.00000
 0.00001038000,4.64000,3.60000
 0.00001038200,4.64000,3.60000
 0.00001038400,4.72000,3.60000
 0.00001038600,4.72000,3.60000
 0.00001038800,4.64000,3.60000
 0.00001039000,4.72000,3.60000
 0.00001039200,4.72000,4.00000
 0.00001039400,4.80000,3.60000
 0.00001039600,4.72000,3.60000
 0.00001039800,4.72000,3.60000
 0.00001040000,4.72000,3.60000
 0.00001040200,4.64000,4.00000
 0.00001040400,4.80000,3.60000
 0.00001040600,4.80000,3.60000
 0.00001040800,4.80000,3.60000
 0.00001041000,4.64000,3.60000
 0.00001041200,4.72000,4.00000
 0.00001041400,4.80000,3.60000
 0.00001041600,4.80000,3.60000
 0.00001041800,4.72000,3.60000
 0.00001042000,4.72000,4.00000
 0.00001042200,4.80000,4.00000
 0.00001042400,4.80000,3.60000
 0.00001042600,4.72000,3.60000
 0.00001042800,4.72000,4.00000
 0.00001043000,4.72000,4.00000
 0.00001043200,4.64000,3.60000
 0.00001043400,4.56000,3.60000
 0.00001043600,4.64000,4.00000
 0.00001043800,4.80000,4.00000
 0.00001044000,4.72000,3.60000
 0.00001044200,4.72000,3.60000
 0.00001044400,4.72000,4.00000
 0.00001044600,4.80000,4.00000
 0.00001044800,4.72000,4.00000
 0.00001045000,4.64000,3.60000
 0.00001045200,4.64000,3.60000
 0.00001045400,4.72000,4.00000
 0.00001045600,4.80000,3.60000
 0.00001045800,4.80000,4.00000
 0.00001046000,4.72000,3.60000
 0.00001046200,4.72000,3.60000
 0.00001046400,4.80000,3.60000
 0.00001046600,4.72000,3.60000
 0.00001046800,4.80000,3.60000
 0.00001047000,4.80000,3.60000
 0.00001047200,4.80000,4.00000
 0.00001047400,4.72000,3.60000
 0.00001047600,4.72000,4.00000
 0.00001047800,4.80000,3.60000
 0.00001048000,4.64000,4.00000
 0.00001048200,4.80000,4.00000
 0.00001048400,4.72000,4.00000
 0.00001048600,4.72000,4.00000
 0.00001048800,4.72000,4.00000
 0.00001049000,4.72000,4.00000
 0.00001049200,4.64000,4.00000
 0.00001049400,4.72000,4.00000
 0.00001049600,4.72000,4.00000
 0.00001049800,4.64000,4.00000
 0.00001050000,4.72000,4.00000
 0.00001050200,4.72000,4.00000
 0.00001050400,4.80000,3.60000
 0.00001050600,4.64000,4.00000
 0.00001050800,4.80000,3.60000
 0.00001051000,4.72000,4.00000
 0.00001051200,4.80000,3.60000
 0.00001051400,4.72000,3.60000
 0.00001051600,4.80000,3.60000
 0.00001051800,4.80000,3.60000
 0.00001052000,4.64000,3.60000
 0.00001052200,4.72000,3.60000
 0.00001052400,4.80000,4.00000
 0.00001052600,4.72000,3.60000
 0.00001052800,4.80000,4.00000
 0.00001053000,4.64000,3.60000
 0.00001053200,4.72000,4.00000
 0.00001053400,4.72000,4.00000
 0.00001053600,4.80000,3.60000
 0.00001053800,4.64000,4.00000
 0.00001054000,4.72000,4.00000
 0.00001054200,4.72000,4.00000
 0.00001054400,4.80000,3.60000
 0.00001054600,4.64000,3.60000
 0.00001054800,4.72000,3.60000
 0.00001055000,4.64000,4.00000
 0.00001055200,4.64000,3.60000
 0.00001055400,4.72000,3.60000
 0.00001055600,4.72000,3.60000
 0.00001055800,4.72000,3.60000
 0.00001056000,4.64000,4.00000
 0.00001056200,4.64000,3.60000
 0.00001056400,4.72000,4.00000
 0.00001056600,4.72000,3.60000
 0.00001056800,4.72000,3.60000
 0.00001057000,4.72000,4.00000
 0.00001057200,4.72000,4.00000
 0.00001057400,4.72000,4.00000
 0.00001057600,4.72000,3.60000
 0.00001057800,4.64000,3.60000
 0.00001058000,4.80000,4.00000
 0.00001058200,4.80000,4.00000
 0.00001058400,4.72000,3.60000
 0.00001058600,4.72000,3.60000
 0.00001058800,4.72000,4.00000
 0.00001059000,4.80000,4.00000
 0.00001059200,4.80000,4.00000
 0.00001059400,4.80000,3.60000
 0.00001059600,4.64000,4.00000
 0.00001059800,4.80000,4.00000
 0.00001060000,4.72000,4.00000
 0.00001060200,4.64000,4.00000
 0.00001060400,4.80000,4.00000
 0.00001060600,4.64000,4.00000
 0.00001060800,4.80000,3.60000
 0.00001061000,4.64000,4.00000
 0.00001061200,4.72000,3.60000
 0.00001061400,4.72000,4.00000
 0.00001061600,4.72000,4.00000
 0.00001061800,4.72000,3.60000
 0.00001062000,4.64000,4.00000
 0.00001062200,4.72000,3.60000
 0.00001062400,4.64000,4.00000
 0.00001062600,4.72000,4.00000
 0.00001062800,4.72000,4.00000
 0.00001063000,4.64000,4.00000
 0.00001063200,4.80000,4.00000
 0.00001063400,4.72000,4.00000
 0.00001063600,4.80000,3.60000
 0.00001063800,4.80000,4.00000
 0.00001064000,4.64000,4.00000
 0.00001064200,4.72000,4.00000
 0.00001064400,4.80000,4.00000
 0.00001064600,4.72000,3.60000
 0.00001064800,4.72000,3.60000
 0.00001065000,4.72000,4.00000
 0.00001065200,4.80000,4.00000
 0.00001065400,4.80000,4.00000
 0.00001065600,4.80000,3.60000
 0.00001065800,4.80000,3.60000
 0.00001066000,4.64000,4.00000
 0.00001066200,4.80000,4.00000
 0.00001066400,4.72000,4.00000
 0.00001066600,4.72000,3.60000
 0.00001066800,4.72000,4.00000
 0.00001067000,4.72000,4.00000
 0.00001067200,4.80000,4.00000
 0.00001067400,4.72000,4.00000
 0.00001067600,4.72000,3.60000
 0.00001067800,4.72000,4.00000
 0.00001068000,4.72000,3.60000
 0.00001068200,4.64000,4.00000
 0.00001068400,4.64000,4.00000
 0.00001068600,4.72000,3.60000
 0.00001068800,4.64000,3.60000
 0.00001069000,4.64000,3.60000
 0.00001069200,4.64000,4.00000
 0.00001069400,4.72000,4.00000
 0.00001069600,4.72000,4.00000
 0.00001069800,4.72000,3.60000
 0.00001070000,4.64000,3.60000
 0.00001070200,4.64000,4.00000
 0.00001070400,4.72000,4.00000
 0.00001070600,4.72000,4.00000
 0.00001070800,4.72000,3.60000
 0.00001071000,4.72000,3.60000
 0.00001071200,4.80000,4.00000
 0.00001071400,4.64000,4.00000
 0.00001071600,4.64000,3.60000
 0.00001071800,4.80000,3.60000
 0.00001072000,4.80000,3.60000
 0.00001072200,4.64000,4.00000
 0.00001072400,4.72000,4.00000
 0.00001072600,4.72000,3.60000
 0.00001072800,4.72000,3.60000
 0.00001073000,4.64000,3.60000
 0.00001073200,4.64000,3.60000
 0.00001073400,4.64000,4.00000
 0.00001073600,4.56000,3.60000
 0.00001073800,4.72000,3.60000
 0.00001074000,4.64000,3.60000
 0.00001074200,4.64000,3.60000
 0.00001074400,4.72000,4.00000
 0.00001074600,4.64000,3.60000
 0.00001074800,4.72000,3.60000
 0.00001075000,4.64000,3.60000
 0.00001075200,4.72000,3.60000
 0.00001075400,4.72000,4.00000
 0.00001075600,4.72000,3.60000
 0.00001075800,4.72000,3.60000
 0.00001076000,4.72000,4.00000
 0.00001076200,4.72000,3.60000
 0.00001076400,4.64000,3.60000
 0.00001076600,4.80000,3.60000
 0.00001076800,4.80000,4.00000
 0.00001077000,4.72000,4.00000
 0.00001077200,4.80000,4.00000
 0.00001077400,4.64000,3.60000
 0.00001077600,4.80000,3.60000
 0.00001077800,4.80000,4.00000
 0.00001078000,4.80000,3.60000
 0.00001078200,4.80000,4.00000
 0.00001078400,4.80000,4.00000
 0.00001078600,4.64000,3.60000
 0.00001078800,4.72000,4.00000
 0.00001079000,4.72000,3.60000
 0.00001079200,4.72000,3.60000
 0.00001079400,4.72000,4.00000
 0.00001079600,4.64000,3.60000
 0.00001079800,4.80000,4.00000
 0.00001080000,4.72000,4.00000
 0.00001080200,4.72000,3.60000
 0.00001080400,4.72000,3.60000
 0.00001080600,4.64000,3.60000
 0.00001080800,4.72000,3.60000
 0.00001081000,4.72000,4.00000
 0.00001081200,4.72000,3.60000
 0.00001081400,4.72000,3.60000
 0.00001081600,4.80000,4.00000
 0.00001081800,4.72000,3.60000
 0.00001082000,4.80000,4.00000
 0.00001082200,4.72000,3.60000
 0.00001082400,4.72000,4.00000
 0.00001082600,4.72000,4.00000
 0.00001082800,4.72000,4.00000
 0.00001083000,4.72000,4.00000
 0.00001083200,4.72000,4.00000
 0.00001083400,4.72000,4.00000
 0.00001083600,4.64000,4.00000
 0.00001083800,4.80000,4.00000
 0.00001084000,4.72000,4.00000
 0.00001084200,4.72000,4.00000
 0.00001084400,4.80000,3.60000
 0.00001084600,4.72000,4.00000
 0.00001084800,4.72000,4.00000
 0.00001085000,4.80000,4.00000
 0.00001085200,4.64000,3.60000
 0.00001085400,4.72000,3.60000
 0.00001085600,4.80000,4.00000
 0.00001085800,4.56000,4.00000
 0.00001086000,4.64000,4.00000
 0.00001086200,4.64000,3.60000
 0.00001086400,4.72000,3.60000
 0.00001086600,4.64000,4.00000
 0.00001086800,4.72000,3.60000
 0.00001087000,4.64000,4.00000
 0.00001087200,4.72000,4.00000
 0.00001087400,4.64000,3.60000
 0.00001087600,4.64000,3.60000
 0.00001087800,4.72000,3.60000
 0.00001088000,4.64000,3.60000
 0.00001088200,4.72000,4.00000
 0.00001088400,4.72000,4.00000
 0.00001088600,4.72000,3.60000
 0.00001088800,4.72000,3.60000
 0.00001089000,4.64000,3.60000
 0.00001089200,4.80000,3.60000
 0.00001089400,4.72000,4.00000
 0.00001089600,4.80000,3.60000
 0.00001089800,4.72000,3.60000
 0.00001090000,4.72000,4.00000
 0.00001090200,4.80000,3.60000
 0.00001090400,4.72000,4.00000
 0.00001090600,4.80000,3.60000
 0.00001090800,4.80000,4.00000
 0.00001091000,4.72000,4.00000
 0.00001091200,4.72000,4.00000
 0.00001091400,4.72000,4.00000
 0.00001091600,4.72000,3.60000
 0.00001091800,4.72000,4.00000
 0.00001092000,4.64000,4.00000
 0.00001092200,4.72000,4.00000
 0.00001092400,4.72000,4.00000
 0.00001092600,4.72000,3.60000
 0.00001092800,4.72000,4.00000
 0.00001093000,4.72000,4.00000
 0.00001093200,4.64000,4.00000
 0.00001093400,4.80000,4.00000
 0.00001093600,4.72000,3.60000
 0.00001093800,4.72000,4.00000
 0.00001094000,4.72000,4.00000
 0.00001094200,4.80000,4.00000
 0.00001094400,4.80000,4.00000
 0.00001094600,4.64000,3.60000
 0.00001094800,4.72000,4.00000
 0.00001095000,4.80000,4.00000
 0.00001095200,4.80000,3.60000
 0.00001095400,4.72000,4.00000
 0.00001095600,4.72000,4.00000
 0.00001095800,4.80000,4.00000
 0.00001096000,4.72000,3.60000
 0.00001096200,4.64000,3.60000
 0.00001096400,4.64000,4.00000
 0.00001096600,4.72000,4.00000
 0.00001096800,4.72000,3.60000
 0.00001097000,4.72000,3.60000
 0.00001097200,4.80000,3.60000
 0.00001097400,4.72000,4.00000
 0.00001097600,4.72000,4.00000
 0.00001097800,4.64000,3.60000
 0.00001098000,4.72000,3.60000
 0.00001098200,4.56000,3.60000
 0.00001098400,4.64000,3.60000
 0.00001098600,4.72000,4.00000
 0.00001098800,4.64000,3.60000
 0.00001099000,4.72000,3.60000
 0.00001099200,4.72000,4.00000
 0.00001099400,4.72000,3.60000
 0.00001099600,4.64000,3.60000
 0.00001099800,4.64000,3.60000
 0.00001100000,4.72000,3.60000
 0.00001100200,4.72000,4.00000
 0.00001100400,4.72000,3.60000
 0.00001100600,4.80000,3.60000
 0.00001100800,4.80000,4.00000
 0.00001101000,4.72000,3.60000
 0.00001101200,4.72000,4.00000
 0.00001101400,4.80000,3.60000
 0.00001101600,4.72000,4.00000
 0.00001101800,4.72000,4.00000
 0.00001102000,4.72000,3.60000
 0.00001102200,4.72000,4.00000
 0.00001102400,4.72000,4.00000
 0.00001102600,4.80000,4.00000
 0.00001102800,4.64000,3.60000
 0.00001103000,4.72000,3.60000
 0.00001103200,4.80000,4.00000
 0.00001103400,4.72000,4.00000
 0.00001103600,4.72000,3.60000
 0.00001103800,4.64000,3.60000
 0.00001104000,4.80000,3.60000
 0.00001104200,4.72000,4.00000
 0.00001104400,4.64000,3.60000
 0.00001104600,4.72000,3.60000
 0.00001104800,4.72000,4.00000
 0.00001105000,4.64000,3.60000
 0.00001105200,4.56000,4.00000
 0.00001105400,4.64000,3.60000
 0.00001105600,4.72000,3.60000
 0.00001105800,4.72000,4.00000
 0.00001106000,4.64000,3.60000
 0.00001106200,4.72000,4.00000
 0.00001106400,4.72000,4.00000
 0.00001106600,4.72000,3.60000
 0.00001106800,4.72000,3.60000
 0.00001107000,4.64000,3.60000
 0.00001107200,4.80000,3.60000
 0.00001107400,4.80000,4.00000
 0.00001107600,4.80000,3.60000
 0.00001107800,4.80000,3.60000
 0.00001108000,4.72000,4.00000
 0.00001108200,4.72000,3.60000
 0.00001108400,4.80000,4.00000
 0.00001108600,4.80000,3.60000
 0.00001108800,4.72000,4.00000
 0.00001109000,4.64000,4.00000
 0.00001109200,4.72000,4.00000
 0.00001109400,4.80000,4.00000
 0.00001109600,4.72000,3.60000
 0.00001109800,4.72000,4.00000
 0.00001110000,4.64000,4.00000
 0.00001110200,4.72000,4.00000
 0.00001110400,4.64000,4.00000
 0.00001110600,4.72000,3.60000
 0.00001110800,4.72000,3.60000
 0.00001111000,4.72000,4.00000
 0.00001111200,4.64000,4.00000
 0.00001111400,4.72000,4.00000
 0.00001111600,4.64000,3.60000
 0.00001111800,4.72000,3.60000
 0.00001112000,4.72000,4.00000
 0.00001112200,4.64000,4.00000
 0.00001112400,4.64000,4.00000
 0.00001112600,4.72000,3.60000
 0.00001112800,4.72000,3.60000
 0.00001113000,4.80000,4.00000
 0.00001113200,4.72000,3.60000
 0.00001113400,4.64000,4.00000
 0.00001113600,4.80000,4.00000
 0.00001113800,4.72000,3.60000
 0.00001114000,4.72000,3.60000
 0.00001114200,4.80000,3.60000
 0.00001114400,4.64000,3.60000
 0.00001114600,4.72000,4.00000
 0.00001114800,4.72000,4.00000
 0.00001115000,4.72000,3.60000
 0.00001115200,4.64000,4.00000
 0.00001115400,4.64000,3.60000
 0.00001115600,4.64000,3.60000
 0.00001115800,4.80000,4.00000
 0.00001116000,4.80000,3.60000
 0.00001116200,4.80000,4.00000
 0.00001116400,4.72000,4.00000
 0.00001116600,4.64000,3.60000
 0.00001116800,4.80000,4.00000
 0.00001117000,4.64000,3.60000
 0.00001117200,4.64000,3.60000
 0.00001117400,4.72000,4.00000
 0.00001117600,4.72000,4.00000
 0.00001117800,4.64000,4.00000
 0.00001118000,4.72000,3.60000
 0.00001118200,4.80000,3.60000
 0.00001118400,4.64000,4.00000
 0.00001118600,4.72000,4.00000
 0.00001118800,4.72000,4.00000
 0.00001119000,4.80000,3.60000
 0.00001119200,4.72000,4.00000
 0.00001119400,4.64000,4.00000
 0.00001119600,4.72000,4.00000
 0.00001119800,4.80000,4.00000
 0.00001120000,4.80000,3.60000
 0.00001120200,4.64000,4.00000
 0.00001120400,4.80000,4.00000
 0.00001120600,4.80000,4.00000
 0.00001120800,4.80000,3.60000
 0.00001121000,4.64000,3.60000
 0.00001121200,4.80000,4.00000
 0.00001121400,4.80000,4.00000
 0.00001121600,4.72000,3.60000
 0.00001121800,4.64000,3.60000
 0.00001122000,4.72000,4.00000
 0.00001122200,4.72000,4.00000
 0.00001122400,4.72000,3.60000
 0.00001122600,4.72000,3.60000
 0.00001122800,4.64000,4.00000
 0.00001123000,4.72000,4.00000
 0.00001123200,4.72000,4.00000
 0.00001123400,4.72000,3.60000
 0.00001123600,4.72000,3.60000
 0.00001123800,4.72000,4.00000
 0.00001124000,4.72000,4.00000
 0.00001124200,4.64000,4.00000
 0.00001124400,4.64000,3.60000
 0.00001124600,4.64000,3.60000
 0.00001124800,4.72000,3.60000
 0.00001125000,4.72000,4.00000
 0.00001125200,4.72000,3.60000
 0.00001125400,4.64000,3.60000
 0.00001125600,4.80000,4.00000
 0.00001125800,4.72000,3.60000
 0.00001126000,4.72000,3.60000
 0.00001126200,4.72000,3.60000
 0.00001126400,4.80000,4.00000
 0.00001126600,4.72000,4.00000
 0.00001126800,4.80000,3.60000
 0.00001127000,4.80000,3.60000
 0.00001127200,4.72000,4.00000
 0.00001127400,4.80000,4.00000
 0.00001127600,4.72000,4.00000
 0.00001127800,4.72000,3.60000
 0.00001128000,4.72000,4.00000
 0.00001128200,4.64000,4.00000
 0.00001128400,4.64000,4.00000
 0.00001128600,4.64000,4.00000
 0.00001128800,4.80000,3.60000
 0.00001129000,4.72000,4.00000
 0.00001129200,4.72000,3.60000
 0.00001129400,4.64000,4.00000
 0.00001129600,4.72000,4.00000
 0.00001129800,4.64000,3.60000
 0.00001130000,4.72000,3.60000
 0.00001130200,4.72000,3.60000
 0.00001130400,4.72000,3.60000
 0.00001130600,4.72000,4.00000
 0.00001130800,4.72000,4.00000
 0.00001131000,4.80000,3.60000
 0.00001131200,4.64000,4.00000
 0.00001131400,4.72000,3.60000
 0.00001131600,4.64000,4.00000
 0.00001131800,4.80000,4.00000
 0.00001132000,4.80000,4.00000
 0.00001132200,4.72000,4.00000
 0.00001132400,4.72000,3.60000
 0.00001132600,4.72000,4.00000
 0.00001132800,4.72000,4.00000
 0.00001133000,4.72000,4.00000
 0.00001133200,4.72000,3.60000
 0.00001133400,4.72000,3.60000
 0.00001133600,4.80000,3.60000
 0.00001133800,4.72000,4.00000
 0.00001134000,4.80000,3.60000
 0.00001134200,4.80000,3.60000
 0.00001134400,4.72000,4.00000
 0.00001134600,4.72000,3.60000
 0.00001134800,4.72000,4.00000
 0.00001135000,4.72000,3.60000
 0.00001135200,4.80000,4.00000
 0.00001135400,4.56000,4.00000
 0.00001135600,4.64000,4.00000
 0.00001135800,4.40000,4.00000
 0.00001136000,4.00000,3.60000
 0.00001136200,3.44000,4.00000
 0.00001136400,2.96000,4.00000
 0.00001136600,2.48000,4.00000
 0.00001136800,2.16000,3.60000
 0.00001137000,1.84000,3.60000
 0.00001137200,1.60000,3.60000
 0.00001137400,1.36000,4.00000
 0.00001137600,1.20000,3.60000
 0.00001137800,1.20000,3.60000
 0.00001138000,0.96000,3.60000
 0.00001138200,0.88000,3.60000
 0.00001138400,0.80000,4.00000
 0.00001138600,0.64000,3.60000
 0.00001138800,0.56000,4.00000
 0.00001139000,0.56000,3.60000
 0.00001139200,0.48000,3.60000
 0.00001139400,0.40000,4.00000
 0.00001139600,0.40000,4.00000
 0.00001139800,0.24000,4.00000
 0.00001140000,0.32000,4.00000
 0.00001140200,0.24000,3.60000
 0.00001140400,0.16000,3.60000
 0.00001140600,0.24000,4.00000
 0.00001140800,0.24000,3.60000
 0.00001141000,0.24000,4.00000
 0.00001141200,0.24000,4.00000
 0.00001141400,0.08000,3.60000
 0.00001141600,0.16000,4.00000
 0.00001141800,0.24000,3.60000
 0.00001142000,0.08000,3.60000
 0.00001142200,0.24000,4.00000
 0.00001142400,0.24000,4.00000
 0.00001142600,0.08000,4.00000
 0.00001142800,0.16000,4.00000
 0.00001143000,0.08000,3.60000
 0.00001143200,0.08000,3.60000
 0.00001143400,0.16000,4.00000
 0.00001143600,0.16000,3.60000
 0.00001143800,0.16000,4.00000
 0.00001144000,0.08000,4.00000
 0.00001144200,0.16000,3.60000
 0.00001144400,0.08000,4.00000
 0.00001144600,0.08000,3.60000
 0.00001144800,0.16000,4.00000
 0.00001145000,0.00,4.00000
 0.00001145200,0.08000,4.00000
 0.00001145400,0.08000,4.00000
 0.00001145600,0.08000,3.60000
 0.00001145800,0.00,4.00000
 0.00001146000,0.08000,4.00000
 0.00001146200,0.16000,4.00000
 0.00001146400,0.00,3.60000
 0.00001146600,0.00,3.60000
 0.00001146800,0.08000,4.00000
 0.00001147000,0.08000,4.00000
 0.00001147200,0.00,3.60000
 0.00001147400,0.08000,3.60000
 0.00001147600,0.08000,4.00000
 0.00001147800,0.08000,4.00000
 0.00001148000,0.00,4.00000
 0.00001148200,0.08000,3.60000
 0.00001148400,0.00,4.00000
 0.00001148600,0.16000,4.00000
 0.00001148800,0.08000,4.00000
 0.00001149000,0.16000,4.00000
 0.00001149200,0.08000,4.00000
 0.00001149400,0.00,4.00000
 0.00001149600,0.00,4.00000
 0.00001149800,0.00,4.00000
 0.00001150000,0.00,3.60000
 0.00001150200,0.08000,4.00000
 0.00001150400,0.16000,3.60000
 0.00001150600,0.08000,4.00000
 0.00001150800,0.00,4.00000
 0.00001151000,0.00,3.60000
 0.00001151200,0.00,4.00000
 0.00001151400,0.08000,3.60000
 0.00001151600,0.08000,3.60000
 0.00001151800,0.00,4.00000
 0.00001152000,0.00,4.00000
 0.00001152200,0.08000,4.00000
 0.00001152400,0.08000,3.60000
 0.00001152600,0.08000,3.60000
 0.00001152800,0.00,4.00000
 0.00001153000,-0.08000,4.00000
 0.00001153200,0.08000,4.00000
 0.00001153400,0.00,3.60000
 0.00001153600,0.08000,3.60000
 0.00001153800,0.00,4.00000
 0.00001154000,0.08000,4.00000
 0.00001154200,0.08000,4.00000
 0.00001154400,0.08000,3.60000
 0.00001154600,0.00,3.60000
 0.00001154800,0.00,4.00000
 0.00001155000,0.08000,4.00000
 0.00001155200,0.08000,3.60000
 0.00001155400,-0.08000,3.60000
 0.00001155600,0.08000,4.00000
 0.00001155800,0.00,4.00000
 0.00001156000,0.00,3.60000
 0.00001156200,0.00,3.60000
 0.00001156400,0.00,3.60000
 0.00001156600,0.08000,4.00000
 0.00001156800,-0.08000,3.60000
 0.00001157000,0.00,3.60000
 0.00001157200,-0.08000,4.00000
 0.00001157400,-0.08000,3.60000
 0.00001157600,0.00,4.00000
 0.00001157800,-0.08000,3.60000
 0.00001158000,-0.08000,3.60000
 0.00001158200,-0.08000,4.00000
 0.00001158400,0.08000,4.00000
 0.00001158600,0.00,4.00000
 0.00001158800,-0.08000,3.60000
 0.00001159000,0.00,3.60000
 0.00001159200,0.00,4.00000
 0.00001159400,0.00,4.00000
 0.00001159600,0.00,3.60000
 0.00001159800,0.00,3.60000
 0.00001160000,0.08000,4.00000
 0.00001160200,-0.08000,4.00000
 0.00001160400,-0.08000,3.60000
 0.00001160600,0.00,3.60000
 0.00001160800,0.00,4.00000
 0.00001161000,0.00,4.00000
 0.00001161200,0.08000,4.00000
 0.00001161400,0.00,3.60000
 0.00001161600,0.08000,4.00000
 0.00001161800,0.00,4.00000
 0.00001162000,0.00,3.60000
 0.00001162200,0.00,4.00000
 0.00001162400,0.00,3.60000
 0.00001162600,-0.08000,4.00000
 0.00001162800,0.00,4.00000
 0.00001163000,-0.08000,3.60000
 0.00001163200,-0.08000,3.60000
 0.00001163400,0.00,3.60000
 0.00001163600,0.08000,3.60000
 0.00001163800,-0.08000,4.00000
 0.00001164000,-0.08000,4.00000
 0.00001164200,0.00,3.60000
 0.00001164400,0.08000,3.60000
 0.00001164600,0.00,3.60000
 0.00001164800,-0.08000,4.00000
 0.00001165000,0.00,4.00000
 0.00001165200,0.00,4.00000
 0.00001165400,0.00,3.60000
 0.00001165600,0.00,4.00000
 0.00001165800,0.00,4.00000
 0.00001166000,0.00,4.00000
 0.00001166200,-0.08000,4.00000
 0.00001166400,0.08000,4.00000
 0.00001166600,-0.08000,4.00000
 0.00001166800,0.00,3.60000
 0.00001167000,0.00,4.00000
 0.00001167200,0.08000,3.60000
 0.00001167400,-0.08000,4.00000
 0.00001167600,0.00,4.00000
 0.00001167800,-0.08000,3.60000
 0.00001168000,-0.08000,3.60000
 0.00001168200,0.08000,3.60000
 0.00001168400,-0.08000,3.60000
 0.00001168600,0.08000,4.00000
 0.00001168800,-0.08000,4.00000
 0.00001169000,0.00,3.60000
 0.00001169200,0.00,4.00000
 0.00001169400,-0.08000,3.60000
 0.00001169600,-0.08000,4.00000
 0.00001169800,0.00,4.00000
 0.00001170000,-0.08000,3.60000
 0.00001170200,0.00,4.00000
 0.00001170400,0.00,4.00000
 0.00001170600,-0.08000,4.00000
 0.00001170800,0.08000,4.00000
 0.00001171000,-0.08000,3.60000
 0.00001171200,0.00,3.60000
 0.00001171400,-0.08000,4.00000
 0.00001171600,-0.08000,3.60000
 0.00001171800,-0.08000,4.00000
 0.00001172000,0.00,3.60000
 0.00001172200,-0.08000,3.60000
 0.00001172400,0.00,4.00000
 0.00001172600,-0.08000,3.60000
 0.00001172800,0.00,3.60000
 0.00001173000,0.00,3.60000
 0.00001173200,-0.08000,3.60000
 0.00001173400,0.08000,4.00000
 0.00001173600,0.00,4.00000
 0.00001173800,-0.08000,3.60000
 0.00001174000,0.00,4.00000
 0.00001174200,0.08000,3.60000
 0.00001174400,0.00,4.00000
 0.00001174600,0.00,4.00000
 0.00001174800,0.00,4.00000
 0.00001175000,0.00,4.00000
 0.00001175200,-0.08000,3.60000
 0.00001175400,0.00,4.00000
 0.00001175600,-0.08000,3.60000
 0.00001175800,-0.16000,4.00000
 0.00001176000,-0.08000,4.00000
 0.00001176200,0.00,3.60000
 0.00001176400,-0.08000,3.60000
 0.00001176600,0.00,3.60000
 0.00001176800,-0.08000,4.00000
 0.00001177000,-0.08000,4.00000
 0.00001177200,-0.08000,4.00000
 0.00001177400,0.00,3.60000
 0.00001177600,-0.08000,3.60000
 0.00001177800,0.08000,4.00000
 0.00001178000,-0.08000,3.60000
 0.00001178200,-0.08000,4.00000
 0.00001178400,-0.08000,4.00000
 0.00001178600,0.08000,3.60000
 0.00001178800,-0.08000,3.60000
 0.00001179000,0.00,3.60000
 0.00001179200,0.08000,4.00000
 0.00001179400,-0.08000,4.00000
 0.00001179600,0.00,4.00000
 0.00001179800,-0.08000,3.60000
 0.00001180000,-0.08000,3.60000
 0.00001180200,0.00,4.00000
 0.00001180400,-0.08000,4.00000
 0.00001180600,0.00,4.00000
 0.00001180800,0.00,4.00000
 0.00001181000,0.00,3.60000
 0.00001181200,-0.08000,4.00000
 0.00001181400,0.00,4.00000
 0.00001181600,0.00,4.00000
 0.00001181800,0.00,4.00000
 0.00001182000,0.08000,4.00000
 0.00001182200,0.00,4.00000
 0.00001182400,0.00,4.00000
 0.00001182600,0.00,4.00000
 0.00001182800,0.00,4.00000
 0.00001183000,0.00,4.00000
 0.00001183200,0.00,4.00000
 0.00001183400,0.00,4.00000
 0.00001183600,-0.08000,4.00000
 0.00001183800,0.08000,4.00000
 0.00001184000,0.00,4.00000
 0.00001184200,0.00,4.00000
 0.00001184400,0.00,4.00000
 0.00001184600,0.00,4.00000
 0.00001184800,0.08000,4.00000
 0.00001185000,0.08000,4.00000
 0.00001185200,-0.08000,4.00000
 0.00001185400,0.00,4.00000
 0.00001185600,0.08000,4.00000
 0.00001185800,0.00,4.00000
 0.00001186000,0.00,3.60000
 0.00001186200,0.00,4.00000
 0.00001186400,0.00,3.60000
 0.00001186600,0.00,4.00000
 0.00001186800,-0.08000,3.60000
 0.00001187000,-0.08000,3.60000
 0.00001187200,0.00,3.60000
 0.00001187400,-0.08000,3.60000
 0.00001187600,-0.08000,4.00000
 0.00001187800,-0.08000,3.60000
 0.00001188000,-0.08000,3.60000
 0.00001188200,-0.08000,3.60000
 0.00001188400,-0.08000,3.60000
 0.00001188600,-0.08000,4.00000
 0.00001188800,0.00,3.60000
 0.00001189000,-0.08000,3.20000
 0.00001189200,0.00,3.60000
 0.00001189400,0.00,3.60000
 0.00001189600,0.00,3.60000
 0.00001189800,-0.08000,3.60000
 0.00001190000,0.00,3.60000
 0.00001190200,-0.08000,3.60000
 0.00001190400,0.00,3.60000
 0.00001190600,-0.08000,3.60000
 0.00001190800,-0.08000,3.60000
 0.00001191000,0.08000,3.60000
 0.00001191200,0.00,3.60000
 0.00001191400,-0.08000,3.60000
 0.00001191600,-0.08000,4.00000
 0.00001191800,-0.08000,3.60000
 0.00001192000,0.00,3.60000
 0.00001192200,0.00,3.60000
 0.00001192400,-0.08000,4.00000
 0.00001192600,0.00,4.00000
 0.00001192800,-0.08000,3.60000
 0.00001193000,0.08000,3.60000
 0.00001193200,-0.08000,3.60000
 0.00001193400,-0.08000,4.00000
 0.00001193600,-0.08000,4.00000
 0.00001193800,-0.08000,3.60000
 0.00001194000,-0.08000,3.60000
 0.00001194200,0.00,3.60000
 0.00001194400,-0.08000,3.60000
 0.00001194600,0.00,4.00000
 0.00001194800,-0.08000,3.60000
 0.00001195000,-0.08000,3.60000
 0.00001195200,-0.08000,3.60000
 0.00001195400,-0.08000,3.60000
 0.00001195600,0.08000,3.60000
 0.00001195800,0.00,3.60000
 0.00001196000,0.08000,3.60000
 0.00001196200,-0.08000,3.60000
 0.00001196400,0.00,3.60000
 0.00001196600,0.08000,3.60000
 0.00001196800,-0.08000,3.60000
 0.00001197000,0.08000,3.60000
 0.00001197200,0.00,4.00000
 0.00001197400,0.00,3.60000
 0.00001197600,0.00,4.00000
 0.00001197800,0.08000,3.60000
 0.00001198000,0.00,4.00000
 0.00001198200,0.00,4.00000
 0.00001198400,0.08000,4.00000
 0.00001198600,0.00,4.00000
 0.00001198800,-0.08000,3.60000
 0.00001199000,-0.08000,4.00000
 0.00001199200,0.00,4.00000
 0.00001199400,-0.08000,4.00000
 0.00001199600,0.08000,3.60000
 0.00001199800,-0.08000,3.60000
 0.00001200000,-0.08000,3.60000
 0.00001200200,0.00,4.00000
 0.00001200400,-0.08000,3.60000
 0.00001200600,-0.08000,3.60000
 0.00001200800,0.00,3.60000
 0.00001201000,-0.08000,3.60000
 0.00001201200,0.00,4.00000
 0.00001201400,0.00,3.20000
 0.00001201600,-0.08000,3.60000
 0.00001201800,-0.08000,3.60000
 0.00001202000,0.08000,3.60000
 0.00001202200,0.00,4.00000
 0.00001202400,0.00,3.60000
 0.00001202600,-0.08000,3.60000
 0.00001202800,0.00,4.00000
 0.00001203000,0.08000,3.60000
 0.00001203200,-0.08000,3.60000
 0.00001203400,-0.08000,3.60000
 0.00001203600,0.00,4.00000
 0.00001203800,0.00,4.00000
 0.00001204000,0.08000,3.60000
 0.00001204200,0.08000,3.60000
 0.00001204400,0.08000,3.60000
 0.00001204600,0.08000,4.00000
 0.00001204800,0.00,4.00000
 0.00001205000,0.00,3.60000
 0.00001205200,0.00,4.00000
 0.00001205400,0.08000,3.60000
 0.00001205600,0.00,3.60000
 0.00001205800,0.00,4.00000
 0.00001206000,0.00,4.00000
 0.00001206200,0.00,4.00000
 0.00001206400,0.08000,3.60000
 0.00001206600,0.00,3.60000
 0.00001206800,0.08000,3.60000
 0.00001207000,-0.08000,4.00000
 0.00001207200,0.08000,4.00000
 0.00001207400,0.00,3.60000
 0.00001207600,0.00,3.60000
 0.00001207800,0.08000,3.60000
 0.00001208000,0.08000,3.60000
 0.00001208200,0.08000,4.00000
 0.00001208400,-0.08000,4.00000
 0.00001208600,0.08000,3.60000
 0.00001208800,0.00,4.00000
 0.00001209000,0.08000,3.60000
 0.00001209200,0.00,4.00000
 0.00001209400,0.00,4.00000
 0.00001209600,0.00,4.00000
 0.00001209800,0.08000,4.00000
 0.00001210000,0.08000,3.60000
 0.00001210200,0.08000,4.00000
 0.00001210400,0.08000,4.00000
 0.00001210600,0.08000,4.00000
 0.00001210800,0.08000,4.00000
 0.00001211000,0.08000,3.60000
 0.00001211200,0.00,4.00000
 0.00001211400,0.08000,4.00000
 0.00001211600,0.00,4.00000
 0.00001211800,0.08000,4.00000
 0.00001212000,0.08000,4.00000
 0.00001212200,0.08000,4.00000
 0.00001212400,0.08000,4.00000
 0.00001212600,-0.08000,4.00000
 0.00001212800,0.08000,4.00000
 0.00001213000,-0.08000,4.00000
 0.00001213200,0.00,3.60000
 0.00001213400,-0.08000,4.00000
 0.00001213600,0.00,3.60000
 0.00001213800,0.00,4.00000
 0.00001214000,0.00,4.00000
 0.00001214200,0.00,3.60000
 0.00001214400,0.00,3.60000
 0.00001214600,0.00,3.60000
 0.00001214800,0.00,3.60000
 0.00001215000,0.00,4.00000
 0.00001215200,0.00,3.60000
 0.00001215400,0.08000,3.60000
 0.00001215600,-0.08000,3.60000
 0.00001215800,-0.08000,3.60000
 0.00001216000,0.00,4.00000
 0.00001216200,0.00,3.60000
 0.00001216400,0.00,3.60000
 0.00001216600,0.00,3.60000
 0.00001216800,0.00,3.60000
 0.00001217000,0.00,4.00000
 0.00001217200,0.08000,3.60000
 0.00001217400,0.00,3.60000
 0.00001217600,0.00,3.60000
 0.00001217800,0.00,3.60000
 0.00001218000,0.08000,3.60000
 0.00001218200,0.08000,3.60000
 0.00001218400,0.08000,3.60000
 0.00001218600,-0.08000,3.60000
 0.00001218800,0.08000,4.00000
 0.00001219000,0.00,3.60000
 0.00001219200,0.08000,3.60000
 0.00001219400,0.08000,3.60000
 0.00001219600,0.00,3.60000
 0.00001219800,0.08000,4.00000
 0.00001220000,0.08000,4.00000
 0.00001220200,0.00,3.60000
 0.00001220400,0.00,4.00000
 0.00001220600,0.00,3.60000
 0.00001220800,0.08000,3.60000
 0.00001221000,0.08000,4.00000
 0.00001221200,0.00,3.60000
 0.00001221400,0.00,4.00000
 0.00001221600,0.00,4.00000
 0.00001221800,0.00,3.60000
 0.00001222000,0.08000,3.60000
 0.00001222200,0.00,3.60000
 0.00001222400,0.00,3.60000
 0.00001222600,0.00,4.00000
 0.00001222800,0.08000,3.60000
 0.00001223000,0.08000,3.60000
 0.00001223200,0.08000,3.60000
 0.00001223400,0.00,3.60000
 0.00001223600,0.08000,4.00000
 0.00001223800,0.08000,3.60000
 0.00001224000,0.00,3.60000
 0.00001224200,0.08000,3.60000
 0.00001224400,0.08000,4.00000
 0.00001224600,0.00,4.00000
 0.00001224800,0.00,4.00000
 0.00001225000,0.08000,3.60000
 0.00001225200,0.00,3.60000
 0.00001225400,0.08000,4.00000
 0.00001225600,0.08000,4.00000
 0.00001225800,0.08000,4.00000
 0.00001226000,0.08000,4.00000
 0.00001226200,0.00,3.60000
 0.00001226400,0.08000,4.00000
 0.00001226600,0.08000,4.00000
 0.00001226800,-0.08000,3.60000
 0.00001227000,0.00,4.00000
 0.00001227200,0.00,4.00000
 0.00001227400,0.00,4.00000
 0.00001227600,0.00,4.00000
 0.00001227800,0.00,3.60000
 0.00001228000,0.00,3.60000
 0.00001228200,0.00,4.00000
 0.00001228400,0.08000,3.60000
 0.00001228600,0.00,4.00000
 0.00001228800,0.00,3.60000
 0.00001229000,0.08000,3.60000
 0.00001229200,0.00,3.60000
 0.00001229400,0.08000,3.60000
 0.00001229600,0.08000,4.00000
 0.00001229800,0.00,3.60000
 0.00001230000,0.08000,4.00000
 0.00001230200,0.00,3.60000
 0.00001230400,0.08000,3.60000
 0.00001230600,0.08000,4.00000
 0.00001230800,0.08000,3.60000
 0.00001231000,0.08000,4.00000
 0.00001231200,0.08000,4.00000
 0.00001231400,0.00,3.60000
 0.00001231600,0.00,4.00000
 0.00001231800,0.08000,3.60000
 0.00001232000,0.00,3.60000
 0.00001232200,0.08000,4.00000
 0.00001232400,0.08000,4.00000
 0.00001232600,0.00,4.00000
 0.00001232800,0.08000,4.00000
 0.00001233000,0.08000,3.60000
 0.00001233200,0.08000,3.60000
 0.00001233400,0.08000,4.00000
 0.00001233600,0.00,4.00000
 0.00001233800,0.00,4.00000
 0.00001234000,0.08000,4.00000
 0.00001234200,0.08000,3.60000
 0.00001234400,0.00,3.60000
 0.00001234600,0.08000,4.00000
 0.00001234800,0.00,4.00000
 0.00001235000,0.08000,4.00000
 0.00001235200,0.00,4.00000
 0.00001235400,0.16000,3.60000
 0.00001235600,0.00,4.00000
 0.00001235800,0.00,4.00000
 0.00001236000,0.08000,4.00000
 0.00001236200,0.08000,4.00000
 0.00001236400,0.08000,3.60000
 0.00001236600,0.00,4.00000
 0.00001236800,0.00,4.00000
 0.00001237000,0.08000,4.00000
 0.00001237200,0.08000,3.60000
 0.00001237400,0.08000,3.60000
 0.00001237600,0.08000,4.00000
 0.00001237800,0.00,4.00000
 0.00001238000,0.08000,4.00000
 0.00001238200,0.08000,3.60000
 0.00001238400,0.00,3.60000
 0.00001238600,0.08000,4.00000
 0.00001238800,0.00,4.00000
 0.00001239000,0.08000,4.00000
 0.00001239200,0.08000,4.00000
 0.00001239400,0.08000,3.60000
 0.00001239600,0.00,4.00000
 0.00001239800,0.00,4.00000
 0.00001240000,0.08000,4.00000
 0.00001240200,0.08000,4.00000
 0.00001240400,0.00,3.60000
 0.00001240600,0.00,4.00000
 0.00001240800,0.16000,3.60000
 0.00001241000,0.08000,4.00000
 0.00001241200,0.08000,3.60000
 0.00001241400,0.00,3.60000
 0.00001241600,0.08000,3.60000
 0.00001241800,0.16000,3.60000
 0.00001242000,0.00,3.60000
 0.00001242200,0.08000,3.60000
 0.00001242400,0.16000,4.00000
 0.00001242600,0.08000,3.60000
 0.00001242800,0.00,4.00000
 0.00001243000,0.00,3.60000
 0.00001243200,0.08000,4.00000
 0.00001243400,0.08000,4.00000
 0.00001243600,0.08000,3.60000
 0.00001243800,0.00,4.00000
 0.00001244000,0.08000,4.00000
 0.00001244200,0.00,4.00000
 0.00001244400,0.00,3.60000
 0.00001244600,0.00,3.60000
 0.00001244800,0.08000,3.60000
 0.00001245000,0.00,4.00000
 0.00001245200,0.08000,3.60000
 0.00001245400,0.00,3.60000
 0.00001245600,0.00,3.60000
 0.00001245800,0.08000,3.60000
 0.00001246000,0.08000,3.60000
 0.00001246200,0.08000,3.60000
 0.00001246400,0.08000,3.60000
 0.00001246600,0.00,3.60000
 0.00001246800,0.08000,4.00000
 0.00001247000,0.16000,3.60000
 0.00001247200,0.08000,3.60000
 0.00001247400,0.08000,3.60000
 0.00001247600,0.00,4.00000
 0.00001247800,0.08000,4.00000
 0.00001248000,0.08000,4.00000
 0.00001248200,0.08000,3.60000
 0.00001248400,0.08000,4.00000
 0.00001248600,0.00,4.00000
 0.00001248800,0.16000,3.60000
 0.00001249000,0.08000,4.00000
 0.00001249200,0.08000,3.60000
 0.00001249400,0.08000,4.00000
 0.00001249600,0.00,4.00000
 0.00001249800,0.00,3.60000
 0.00001250000,0.08000,4.00000
 0.00001250200,0.08000,3.60000
 0.00001250400,0.08000,3.60000
 0.00001250600,0.00,4.00000
 0.00001250800,0.08000,4.00000
 0.00001251000,0.08000,4.00000
 0.00001251200,0.00,3.60000
 0.00001251400,0.00,3.60000
 0.00001251600,0.08000,4.00000
 0.00001251800,0.08000,4.00000
 0.00001252000,0.08000,3.60000
 0.00001252200,0.08000,3.60000
 0.00001252400,0.08000,4.00000
 0.00001252600,0.16000,4.00000
 0.00001252800,0.00,4.00000
 0.00001253000,0.00,3.60000
 0.00001253200,0.00,4.00000
 0.00001253400,0.08000,4.00000
 0.00001253600,0.00,3.60000
 0.00001253800,0.08000,4.00000
 0.00001254000,0.00,4.00000
 0.00001254200,0.00,4.00000
 0.00001254400,0.00,4.00000
 0.00001254600,0.08000,3.60000
 0.00001254800,0.08000,3.60000
 0.00001255000,0.08000,4.00000
 0.00001255200,0.08000,4.00000
 0.00001255400,0.16000,4.00000
 0.00001255600,0.00,3.60000
 0.00001255800,0.08000,3.60000
 0.00001256000,0.16000,4.00000
 0.00001256200,0.08000,4.00000
 0.00001256400,0.16000,4.00000
 0.00001256600,0.00,3.60000
 0.00001256800,0.08000,4.00000
 0.00001257000,0.08000,4.00000
 0.00001257200,0.08000,3.60000
 0.00001257400,0.08000,4.00000
 0.00001257600,0.08000,4.00000
 0.00001257800,0.00,4.00000
 0.00001258000,0.08000,4.00000
 0.00001258200,-0.08000,3.60000
 0.00001258400,0.08000,3.60000
 0.00001258600,0.00,4.00000
 0.00001258800,0.08000,4.00000
 0.00001259000,0.08000,4.00000
 0.00001259200,0.00,4.00000
 0.00001259400,0.00,3.60000
 0.00001259600,0.00,4.00000
 0.00001259800,0.16000,4.00000
 0.00001260000,0.00,3.60000
 0.00001260200,0.08000,4.00000
 0.00001260400,0.00,4.00000
 0.00001260600,0.00,4.00000
 0.00001260800,0.08000,4.00000
 0.00001261000,0.00,3.60000
 0.00001261200,0.08000,3.60000
 0.00001261400,-0.08000,4.00000
 0.00001261600,0.08000,4.00000
 0.00001261800,-0.08000,4.00000
 0.00001262000,-0.08000,3.60000
 0.00001262200,0.08000,3.60000
 0.00001262400,0.08000,3.60000
 0.00001262600,0.08000,4.00000
 0.00001262800,-0.08000,4.00000
 0.00001263000,-0.08000,3.60000
 0.00001263200,0.00,4.00000
 0.00001263400,0.08000,3.60000
 0.00001263600,0.00,3.60000
 0.00001263800,-0.08000,4.00000
 0.00001264000,-0.08000,4.00000
 0.00001264200,0.00,4.00000
 0.00001264400,0.00,3.60000
 0.00001264600,-0.08000,3.60000
 0.00001264800,-0.08000,3.60000
 0.00001265000,0.00,4.00000
 0.00001265200,0.00,3.60000
 0.00001265400,0.08000,3.60000
 0.00001265600,0.08000,4.00000
 0.00001265800,-0.08000,3.60000
 0.00001266000,0.00,4.00000
 0.00001266200,0.08000,3.60000
 0.00001266400,-0.08000,3.60000
 0.00001266600,-0.08000,4.00000
 0.00001266800,-0.08000,4.00000
 0.00001267000,-0.08000,4.00000
 0.00001267200,0.00,4.00000
 0.00001267400,0.00,3.60000
 0.00001267600,0.00,3.60000
 0.00001267800,-0.08000,4.00000
 0.00001268000,0.08000,3.60000
 0.00001268200,-0.08000,4.00000
 0.00001268400,-0.08000,3.60000
 0.00001268600,0.00,3.60000
 0.00001268800,-0.08000,3.60000
 0.00001269000,0.00,3.60000
 0.00001269200,-0.08000,4.00000
 0.00001269400,-0.08000,3.60000
 0.00001269600,-0.08000,4.00000
 0.00001269800,-0.08000,3.60000
 0.00001270000,-0.16000,3.60000
 0.00001270200,-0.08000,4.00000
 0.00001270400,-0.08000,3.60000
 0.00001270600,0.00,4.00000
 0.00001270800,0.00,4.00000
 0.00001271000,-0.08000,3.60000
 0.00001271200,0.00,4.00000
 0.00001271400,-0.08000,3.60000
 0.00001271600,0.00,3.60000
 0.00001271800,0.00,4.00000
 0.00001272000,-0.08000,4.00000
 0.00001272200,-0.08000,4.00000
 0.00001272400,-0.08000,4.00000
 0.00001272600,-0.08000,3.60000
 0.00001272800,0.00,3.60000
 0.00001273000,-0.08000,4.00000
 0.00001273200,-0.08000,4.00000
 0.00001273400,-0.16000,4.00000
 0.00001273600,0.00,3.60000
 0.00001273800,-0.08000,3.60000
 0.00001274000,-0.08000,3.60000
 0.00001274200,-0.08000,4.00000
 0.00001274400,-0.08000,3.60000
 0.00001274600,-0.08000,3.60000
 0.00001274800,-0.08000,3.60000
 0.00001275000,-0.08000,3.60000
 0.00001275200,-0.16000,3.60000
 0.00001275400,-0.16000,3.60000
 0.00001275600,-0.08000,3.60000
 0.00001275800,-0.16000,3.60000
 0.00001276000,-0.08000,3.60000
 0.00001276200,-0.16000,3.60000
 0.00001276400,-0.08000,4.00000
 0.00001276600,0.00,3.60000
 0.00001276800,-0.16000,3.60000
 0.00001277000,-0.16000,3.60000
 0.00001277200,-0.16000,4.00000
 0.00001277400,-0.08000,4.00000
 0.00001277600,-0.16000,4.00000
 0.00001277800,-0.08000,3.60000
 0.00001278000,-0.08000,4.00000
 0.00001278200,-0.16000,4.00000
 0.00001278400,-0.08000,4.00000
 0.00001278600,-0.08000,4.00000
 0.00001278800,-0.08000,3.60000
 0.00001279000,-0.08000,4.00000
 0.00001279200,-0.16000,4.00000
 0.00001279400,-0.16000,4.00000
 0.00001279600,-0.08000,4.00000
 0.00001279800,-0.16000,3.60000
 0.00001280000,0.00,3.60000
 0.00001280200,-0.16000,4.00000
 0.00001280400,-0.08000,3.60000
 0.00001280600,-0.16000,4.00000
 0.00001280800,-0.08000,3.60000
 0.00001281000,-0.24000,3.60000
 0.00001281200,-0.08000,3.60000
 0.00001281400,-0.16000,3.60000
 0.00001281600,-0.16000,3.60000
 0.00001281800,-0.08000,3.60000
 0.00001282000,-0.24000,4.00000
 0.00001282200,-0.08000,3.60000
 0.00001282400,-0.16000,4.00000
 0.00001282600,-0.24000,3.60000
 0.00001282800,-0.24000,4.00000
 0.00001283000,-0.24000,4.00000
 0.00001283200,-0.16000,3.60000
 0.00001283400,-0.16000,4.00000
 0.00001283600,-0.16000,4.00000
 0.00001283800,-0.16000,4.00000
 0.00001284000,-0.16000,3.60000
 0.00001284200,-0.08000,3.60000
 0.00001284400,-0.16000,3.60000
 0.00001284600,-0.16000,4.00000
 0.00001284800,-0.16000,4.00000
 0.00001285000,-0.08000,3.60000
 0.00001285200,-0.16000,3.60000
 0.00001285400,-0.08000,3.60000
 0.00001285600,-0.16000,4.00000
 0.00001285800,-0.16000,4.00000
 0.00001286000,-0.16000,4.00000
 0.00001286200,-0.16000,3.60000
 0.00001286400,-0.08000,3.60000
 0.00001286600,-0.16000,4.00000
 0.00001286800,-0.16000,4.00000
 0.00001287000,-0.24000,4.00000
 0.00001287200,-0.16000,3.60000
 0.00001287400,-0.16000,3.60000
 0.00001287600,-0.16000,4.00000
 0.00001287800,-0.16000,4.00000
 0.00001288000,-0.16000,3.60000
 0.00001288200,-0.16000,3.60000
 0.00001288400,-0.16000,4.00000
 0.00001288600,-0.16000,4.00000
 0.00001288800,-0.16000,4.00000
 0.00001289000,-0.16000,3.60000
 0.00001289200,-0.16000,4.00000
 0.00001289400,-0.16000,4.00000
 0.00001289600,-0.16000,4.00000
 0.00001289800,-0.08000,4.00000
 0.00001290000,-0.24000,4.00000
 0.00001290200,-0.24000,4.00000
 0.00001290400,-0.16000,4.00000
 0.00001290600,-0.16000,4.00000
 0.00001290800,-0.24000,3.60000
 0.00001291000,-0.16000,4.00000
 0.00001291200,-0.08000,4.00000
 0.00001291400,-0.24000,4.00000
 0.00001291600,-0.24000,4.00000
 0.00001291800,-0.24000,3.60000
 0.00001292000,-0.16000,4.00000
 0.00001292200,-0.08000,4.00000
 0.00001292400,-0.24000,3.60000
 0.00001292600,-0.16000,4.00000
 0.00001292800,-0.24000,4.00000
 0.00001293000,-0.08000,4.00000
 0.00001293200,-0.16000,3.60000
 0.00001293400,-0.16000,3.60000
 0.00001293600,-0.16000,4.00000
 0.00001293800,-0.24000,4.00000
 0.00001294000,-0.24000,4.00000
 0.00001294200,-0.16000,3.60000
 0.00001294400,-0.16000,3.60000
 0.00001294600,-0.24000,4.00000
 0.00001294800,-0.16000,4.00000
 0.00001295000,-0.24000,4.00000
 0.00001295200,-0.24000,3.60000
 0.00001295400,-0.24000,3.60000
 0.00001295600,-0.24000,4.00000
 0.00001295800,-0.16000,4.00000
 0.00001296000,-0.16000,3.60000
 0.00001296200,-0.16000,3.60000
 0.00001296400,-0.16000,4.00000
 0.00001296600,-0.16000,4.00000
 0.00001296800,-0.24000,4.00000
 0.00001297000,-0.32000,3.60000
 0.00001297200,-0.16000,3.60000
 0.00001297400,-0.24000,4.00000
 0.00001297600,-0.16000,3.60000
 0.00001297800,-0.16000,4.00000
 0.00001298000,-0.24000,4.00000
 0.00001298200,-0.08000,3.60000
 0.00001298400,-0.24000,4.00000
 0.00001298600,-0.32000,3.60000
 0.00001298800,-0.24000,4.00000
 0.00001299000,-0.24000,4.00000
 0.00001299200,-0.24000,4.00000
 0.00001299400,-0.16000,4.00000
 0.00001299600,-0.24000,3.60000
 0.00001299800,-0.32000,4.00000
 0.00001300000,-0.16000,4.00000
 0.00001300200,-0.16000,4.00000
 0.00001300400,-0.16000,3.60000
 0.00001300600,-0.32000,3.60000
 0.00001300800,-0.24000,4.00000
 0.00001301000,-0.16000,4.00000
 0.00001301200,-0.24000,3.60000
 0.00001301400,-0.16000,3.60000
 0.00001301600,-0.24000,4.00000
 0.00001301800,-0.24000,4.00000
 0.00001302000,-0.16000,4.00000
 0.00001302200,-0.32000,3.60000
 0.00001302400,-0.24000,3.60000
 0.00001302600,-0.24000,4.00000
 0.00001302800,-0.24000,3.60000
 0.00001303000,-0.16000,4.00000
 0.00001303200,-0.24000,3.60000
 0.00001303400,-0.32000,3.60000
 0.00001303600,-0.24000,4.00000
 0.00001303800,-0.24000,3.60000
 0.00001304000,-0.24000,3.60000
 0.00001304200,-0.32000,3.60000
 0.00001304400,-0.08000,3.60000
 0.00001304600,-0.32000,4.00000
 0.00001304800,-0.24000,3.60000
 0.00001305000,-0.16000,3.60000
 0.00001305200,-0.24000,3.60000
 0.00001305400,-0.16000,3.60000
 0.00001305600,-0.16000,4.00000
 0.00001305800,-0.24000,3.60000
 0.00001306000,-0.24000,4.00000
 0.00001306200,-0.24000,3.60000
 0.00001306400,-0.24000,4.00000
 0.00001306600,-0.24000,4.00000
 0.00001306800,-0.24000,4.00000
 0.00001307000,-0.32000,4.00000
 0.00001307200,-0.24000,4.00000
 0.00001307400,-0.16000,4.00000
 0.00001307600,-0.32000,3.60000
 0.00001307800,-0.24000,4.00000
 0.00001308000,-0.24000,4.00000
 0.00001308200,-0.32000,4.00000
 0.00001308400,-0.32000,4.00000
 0.00001308600,-0.32000,3.60000
 0.00001308800,-0.24000,3.60000
 0.00001309000,-0.32000,4.00000
 0.00001309200,-0.24000,3.60000
 0.00001309400,-0.24000,4.00000
 0.00001309600,-0.16000,4.00000
 0.00001309800,-0.32000,3.60000
 0.00001310000,-0.16000,3.60000
 0.00001310200,-0.24000,3.60000
 0.00001310400,-0.24000,3.60000
 0.00001310600,-0.24000,4.00000
 0.00001310800,-0.24000,3.60000
 0.00001311000,-0.24000,3.60000
 0.00001311200,-0.24000,4.00000
 0.00001311400,-0.32000,3.60000
 0.00001311600,-0.32000,4.00000
 0.00001311800,-0.32000,3.60000
 0.00001312000,-0.32000,3.60000
 0.00001312200,-0.32000,4.00000
 0.00001312400,-0.32000,4.00000
 0.00001312600,-0.32000,4.00000
 0.00001312800,-0.24000,3.60000
 0.00001313000,-0.24000,3.60000
 0.00001313200,-0.32000,4.00000
 0.00001313400,-0.32000,4.00000
 0.00001313600,-0.32000,4.00000
 0.00001313800,-0.16000,3.60000
 0.00001314000,-0.16000,3.60000
 0.00001314200,-0.24000,4.00000
 0.00001314400,-0.32000,4.00000
 0.00001314600,-0.32000,4.00000
 0.00001314800,-0.32000,4.00000
 0.00001315000,-0.24000,3.60000
 0.00001315200,-0.24000,4.00000
 0.00001315400,-0.32000,4.00000
 0.00001315600,-0.32000,4.00000
 0.00001315800,-0.32000,4.00000
 0.00001316000,-0.32000,3.60000
 0.00001316200,-0.24000,4.00000
 0.00001316400,-0.32000,3.60000
 0.00001316600,-0.32000,4.00000
 0.00001316800,-0.24000,4.00000
 0.00001317000,-0.32000,3.60000
 0.00001317200,-0.32000,3.60000
 0.00001317400,-0.24000,3.60000
 0.00001317600,-0.32000,4.00000
 0.00001317800,-0.16000,4.00000
 0.00001318000,-0.32000,4.00000
 0.00001318200,-0.32000,3.60000
 0.00001318400,-0.32000,4.00000
 0.00001318600,-0.32000,4.00000
 0.00001318800,-0.24000,3.60000
 0.00001319000,-0.32000,4.00000
 0.00001319200,-0.32000,3.60000
 0.00001319400,-0.24000,4.00000
 0.00001319600,-0.32000,3.60000
 0.00001319800,-0.24000,3.60000
 0.00001320000,-0.24000,4.00000
 0.00001320200,-0.24000,3.60000
 0.00001320400,-0.24000,4.00000
 0.00001320600,-0.40000,3.60000
 0.00001320800,-0.32000,3.60000
 0.00001321000,-0.24000,4.00000
 0.00001321200,-0.32000,3.60000
 0.00001321400,-0.24000,4.00000
 0.00001321600,-0.24000,4.00000
 0.00001321800,-0.24000,3.60000
 0.00001322000,-0.24000,4.00000
 0.00001322200,-0.32000,3.60000
 0.00001322400,-0.32000,4.00000
 0.00001322600,-0.24000,4.00000
 0.00001322800,-0.24000,4.00000
 0.00001323000,-0.24000,4.00000
 0.00001323200,-0.24000,4.00000
 0.00001323400,-0.32000,4.00000
 0.00001323600,-0.24000,4.00000
 0.00001323800,-0.32000,4.00000
 0.00001324000,-0.32000,3.60000
 0.00001324200,-0.32000,4.00000
 0.00001324400,-0.32000,4.00000
 0.00001324600,-0.32000,4.00000
 0.00001324800,-0.32000,3.60000
 0.00001325000,-0.24000,3.60000
 0.00001325200,-0.32000,4.00000
 0.00001325400,-0.32000,4.00000
 0.00001325600,-0.32000,4.00000
 0.00001325800,-0.32000,3.60000
 0.00001326000,-0.32000,3.60000
 0.00001326200,-0.32000,4.00000
 0.00001326400,-0.32000,4.00000
 0.00001326600,-0.32000,4.00000
 0.00001326800,-0.32000,3.60000
 0.00001327000,-0.32000,3.60000
 0.00001327200,-0.32000,4.00000
 0.00001327400,-0.40000,4.00000
 0.00001327600,-0.32000,3.60000
 0.00001327800,-0.32000,3.60000
 0.00001328000,-0.24000,3.60000
 0.00001328200,-0.32000,4.00000
 0.00001328400,-0.32000,4.00000
 0.00001328600,-0.32000,3.60000
 0.00001328800,-0.32000,3.60000
 0.00001329000,-0.24000,3.60000
 0.00001329200,-0.32000,3.60000
 0.00001329400,-0.32000,4.00000
 0.00001329600,-0.32000,4.00000
 0.00001329800,-0.16000,3.60000
 0.00001330000,-0.32000,3.60000
 0.00001330200,-0.32000,3.60000
 0.00001330400,-0.32000,4.00000
 0.00001330600,-0.32000,4.00000
 0.00001330800,-0.32000,3.60000
 0.00001331000,-0.32000,3.60000
 0.00001331200,-0.24000,3.60000
 0.00001331400,-0.24000,4.00000
 0.00001331600,-0.32000,3.60000
 0.00001331800,-0.40000,3.60000
 0.00001332000,-0.32000,4.00000
 0.00001332200,-0.24000,3.60000
 0.00001332400,-0.40000,3.60000
 0.00001332600,-0.24000,3.60000
 0.00001332800,-0.32000,4.00000
 0.00001333000,-0.32000,4.00000
 0.00001333200,-0.24000,4.00000
 0.00001333400,-0.40000,3.60000
 0.00001333600,-0.32000,3.60000
 0.00001333800,-0.32000,4.00000
 0.00001334000,-0.40000,3.60000
 0.00001334200,-0.24000,4.00000
 0.00001334400,-0.24000,4.00000
 0.00001334600,-0.32000,3.60000
 0.00001334800,-0.32000,4.00000
 0.00001335000,-0.40000,3.60000
 0.00001335200,-0.32000,4.00000
 0.00001335400,-0.24000,4.00000
 0.00001335600,-0.24000,3.60000
 0.00001335800,-0.40000,4.00000
 0.00001336000,-0.24000,4.00000
 0.00001336200,-0.32000,4.00000
 0.00001336400,-0.24000,3.60000
 0.00001336600,-0.32000,3.60000
 0.00001336800,-0.24000,3.60000
 0.00001337000,-0.32000,4.00000
 0.00001337200,-0.24000,4.00000
 0.00001337400,-0.24000,3.60000
 0.00001337600,-0.32000,4.00000
 0.00001337800,-0.32000,3.60000
 0.00001338000,-0.40000,4.00000
 0.00001338200,-0.32000,4.00000
 0.00001338400,-0.32000,4.00000
 0.00001338600,-0.24000,4.00000
 0.00001338800,-0.40000,4.00000
 0.00001339000,-0.24000,4.00000
 0.00001339200,-0.24000,4.00000
 0.00001339400,-0.32000,4.00000
 0.00001339600,-0.40000,4.00000
 0.00001339800,-0.40000,4.00000
 0.00001340000,-0.32000,4.00000
 0.00001340200,-0.32000,4.00000
 0.00001340400,-0.40000,3.60000
 0.00001340600,-0.32000,4.00000
 0.00001340800,-0.32000,3.60000
 0.00001341000,-0.24000,4.00000
 0.00001341200,-0.32000,3.60000
 0.00001341400,-0.24000,3.60000
 0.00001341600,-0.32000,4.00000
 0.00001341800,-0.32000,3.60000
 0.00001342000,-0.32000,4.00000
 0.00001342200,-0.40000,3.60000
 0.00001342400,-0.24000,3.60000
 0.00001342600,-0.32000,4.00000
 0.00001342800,-0.32000,3.60000
 0.00001343000,-0.32000,4.00000
 0.00001343200,-0.32000,3.60000
 0.00001343400,-0.32000,3.60000
 0.00001343600,-0.32000,3.60000
 0.00001343800,-0.32000,3.60000
 0.00001344000,-0.40000,3.60000
 0.00001344200,-0.40000,3.60000
 0.00001344400,-0.32000,4.00000
 0.00001344600,-0.40000,3.60000
 0.00001344800,-0.32000,3.60000
 0.00001345000,-0.32000,3.60000
 0.00001345200,-0.32000,3.60000
 0.00001345400,-0.24000,4.00000
 0.00001345600,-0.32000,3.60000
 0.00001345800,-0.40000,3.60000
 0.00001346000,-0.32000,4.00000
 0.00001346200,-0.32000,3.60000
 0.00001346400,-0.32000,3.60000
 0.00001346600,-0.32000,3.60000
 0.00001346800,-0.32000,4.00000
 0.00001347000,-0.32000,4.00000
 0.00001347200,-0.32000,4.00000
 0.00001347400,-0.24000,3.60000
 0.00001347600,-0.24000,3.60000
 0.00001347800,-0.40000,4.00000
 0.00001348000,-0.32000,4.00000
 0.00001348200,-0.40000,4.00000
 0.00001348400,-0.40000,3.60000
 0.00001348600,-0.32000,3.60000
 0.00001348800,-0.24000,3.60000
 0.00001349000,-0.40000,4.00000
 0.00001349200,-0.32000,4.00000
 0.00001349400,-0.32000,3.60000
 0.00001349600,-0.32000,3.60000
 0.00001349800,-0.24000,3.60000
 0.00001350000,-0.32000,4.00000
 0.00001350200,-0.40000,4.00000
 0.00001350400,-0.32000,4.00000
 0.00001350600,-0.40000,3.60000
 0.00001350800,-0.32000,3.60000
 0.00001351000,-0.24000,4.00000
 0.00001351200,-0.32000,3.60000
 0.00001351400,-0.40000,4.00000
 0.00001351600,-0.40000,4.00000
 0.00001351800,-0.32000,3.60000
 0.00001352000,-0.40000,4.00000
 0.00001352200,-0.40000,3.60000
 0.00001352400,-0.40000,4.00000
 0.00001352600,-0.32000,4.00000
 0.00001352800,-0.32000,3.60000
 0.00001353000,-0.32000,4.00000
 0.00001353200,-0.40000,3.60000
 0.00001353400,-0.32000,4.00000
 0.00001353600,-0.24000,4.00000
 0.00001353800,-0.40000,3.60000
 0.00001354000,-0.40000,3.60000
 0.00001354200,-0.40000,3.60000
 0.00001354400,-0.40000,3.60000
 0.00001354600,-0.32000,4.00000
 0.00001354800,-0.32000,3.60000
 0.00001355000,-0.40000,3.60000
 0.00001355200,-0.32000,4.00000
 0.00001355400,-0.40000,3.60000
 0.00001355600,-0.40000,3.60000
 0.00001355800,-0.40000,3.60000
 0.00001356000,-0.32000,3.60000
 0.00001356200,-0.32000,4.00000
 0.00001356400,-0.40000,3.60000
 0.00001356600,-0.40000,3.60000
 0.00001356800,-0.24000,3.60000
 0.00001357000,-0.40000,3.60000
 0.00001357200,-0.40000,4.00000
 0.00001357400,-0.32000,3.60000
 0.00001357600,-0.32000,3.60000
 0.00001357800,-0.24000,3.60000
 0.00001358000,-0.40000,3.60000
 0.00001358200,-0.32000,4.00000
 0.00001358400,-0.32000,4.00000
 0.00001358600,-0.40000,3.60000
 0.00001358800,-0.40000,3.60000
 0.00001359000,-0.32000,3.60000
 0.00001359200,-0.24000,4.00000
 0.00001359400,-0.40000,4.00000
 0.00001359600,-0.24000,4.00000
 0.00001359800,-0.40000,3.60000
 0.00001360000,-0.24000,3.60000
 0.00001360200,-0.32000,4.00000
 0.00001360400,-0.32000,3.60000
 0.00001360600,-0.32000,4.00000
 0.00001360800,-0.40000,4.00000
 0.00001361000,-0.32000,3.60000
 0.00001361200,-0.40000,4.00000
 0.00001361400,-0.40000,3.60000
 0.00001361600,-0.40000,3.60000
 0.00001361800,-0.40000,4.00000
 0.00001362000,-0.40000,3.60000
 0.00001362200,-0.40000,4.00000
 0.00001362400,-0.24000,3.60000
 0.00001362600,-0.24000,3.60000
 0.00001362800,-0.40000,3.60000
 0.00001363000,-0.40000,3.60000
 0.00001363200,-0.24000,4.00000
 0.00001363400,-0.32000,3.60000
 0.00001363600,-0.32000,3.60000
 0.00001363800,-0.32000,3.60000
 0.00001364000,-0.32000,4.00000
 0.00001364200,-0.32000,4.00000
 0.00001364400,-0.24000,3.60000
 0.00001364600,-0.32000,3.60000
 0.00001364800,-0.32000,4.00000
 0.00001365000,-0.32000,4.00000
 0.00001365200,-0.32000,4.00000
 0.00001365400,-0.24000,3.60000
 0.00001365600,-0.40000,4.00000
 0.00001365800,-0.32000,4.00000
 0.00001366000,-0.32000,4.00000
 0.00001366200,-0.32000,4.00000
 0.00001366400,-0.32000,4.00000
 0.00001366600,-0.32000,4.00000
 0.00001366800,-0.24000,3.60000
 0.00001367000,-0.40000,4.00000
 0.00001367200,-0.32000,4.00000
 0.00001367400,-0.32000,4.00000
 0.00001367600,-0.40000,3.60000
 0.00001367800,-0.32000,3.60000
 0.00001368000,-0.32000,3.60000
 0.00001368200,-0.32000,4.00000
 0.00001368400,-0.40000,4.00000
 0.00001368600,-0.40000,3.60000
 0.00001368800,-0.40000,4.00000
 0.00001369000,-0.24000,3.60000
 0.00001369200,-0.32000,3.60000
 0.00001369400,-0.48000,4.00000
 0.00001369600,-0.32000,4.00000
 0.00001369800,-0.32000,4.00000
 0.00001370000,-0.40000,3.60000
 0.00001370200,-0.40000,3.60000
 0.00001370400,-0.40000,4.00000
 0.00001370600,-0.40000,4.00000
 0.00001370800,-0.40000,3.60000
 0.00001371000,-0.40000,3.60000
 0.00001371200,-0.24000,3.60000
 0.00001371400,-0.40000,4.00000
 0.00001371600,-0.32000,3.60000
 0.00001371800,-0.40000,3.60000
 0.00001372000,-0.32000,3.60000
 0.00001372200,-0.32000,3.60000
 0.00001372400,-0.32000,4.00000
 0.00001372600,-0.32000,3.60000
 0.00001372800,-0.40000,4.00000
 0.00001373000,-0.40000,3.60000
 0.00001373200,-0.32000,4.00000
 0.00001373400,-0.40000,4.00000
 0.00001373600,-0.40000,3.60000
 0.00001373800,-0.32000,4.00000
 0.00001374000,-0.48000,3.60000
 0.00001374200,-0.32000,4.00000
 0.00001374400,-0.32000,3.60000
 0.00001374600,-0.32000,3.60000
 0.00001374800,-0.32000,4.00000
 0.00001375000,-0.40000,3.60000
 0.00001375200,-0.40000,4.00000
 0.00001375400,-0.24000,3.60000
 0.00001375600,-0.32000,3.60000
 0.00001375800,-0.32000,4.00000
 0.00001376000,-0.32000,4.00000
 0.00001376200,-0.40000,4.00000
 0.00001376400,-0.40000,4.00000
 0.00001376600,-0.40000,3.60000
 0.00001376800,-0.24000,3.60000
 0.00001377000,-0.32000,4.00000
 0.00001377200,-0.32000,4.00000
 0.00001377400,-0.40000,4.00000
 0.00001377600,-0.32000,3.60000
 0.00001377800,-0.40000,3.60000
 0.00001378000,-0.32000,3.60000
 0.00001378200,-0.32000,4.00000
 0.00001378400,-0.32000,3.60000
 0.00001378600,-0.24000,3.60000
 0.00001378800,-0.40000,4.00000
 0.00001379000,-0.40000,3.60000
 0.00001379200,-0.32000,4.00000
 0.00001379400,-0.40000,3.60000
 0.00001379600,-0.40000,3.60000
 0.00001379800,-0.40000,4.00000
 0.00001380000,-0.32000,3.60000
 0.00001380200,-0.40000,4.00000
 0.00001380400,-0.32000,3.60000
 0.00001380600,-0.40000,3.60000
 0.00001380800,-0.32000,3.60000
 0.00001381000,-0.32000,3.60000
 0.00001381200,-0.32000,3.60000
 0.00001381400,-0.32000,3.60000
 0.00001381600,-0.24000,4.00000
 0.00001381800,-0.32000,3.60000
 0.00001382000,-0.32000,4.00000
 0.00001382200,-0.40000,3.60000
 0.00001382400,-0.32000,4.00000
 0.00001382600,-0.32000,4.00000
 0.00001382800,-0.24000,3.60000
 0.00001383000,-0.32000,4.00000
 0.00001383200,-0.40000,4.00000
 0.00001383400,-0.40000,4.00000
 0.00001383600,-0.40000,4.00000
 0.00001383800,-0.32000,3.60000
 0.00001384000,-0.08000,3.60000
 0.00001384200,0.08000,4.00000
 0.00001384400,0.64000,4.00000
 0.00001384600,1.04000,4.00000
 0.00001384800,1.68000,3.60000
 0.00001385000,1.92000,3.60000
 0.00001385200,2.32000,3.60000
 0.00001385400,2.48000,4.00000
 0.00001385600,2.72000,3.60000
 0.00001385800,2.80000,3.60000
 0.00001386000,3.12000,3.60000
 0.00001386200,3.28000,3.60000
 0.00001386400,3.28000,3.60000
 0.00001386600,3.44000,3.60000
 0.00001386800,3.44000,4.00000
 0.00001387000,3.60000,3.60000
 0.00001387200,3.68000,4.00000
 0.00001387400,3.68000,3.60000
 0.00001387600,3.76000,4.00000
 0.00001387800,3.84000,4.00000
 0.00001388000,3.92000,3.60000
 0.00001388200,4.00000,4.00000
 0.00001388400,4.00000,3.60000
 0.00001388600,4.00000,4.00000
 0.00001388800,4.16000,4.00000
 0.00001389000,4.08000,3.60000
 0.00001389200,4.16000,3.60000
 0.00001389400,4.16000,3.60000
 0.00001389600,4.08000,4.00000
 0.00001389800,4.16000,4.00000
 0.00001390000,4.08000,3.60000
 0.00001390200,4.24000,3.60000
 0.00001390400,4.08000,4.00000
 0.00001390600,4.08000,4.00000
 0.00001390800,4.16000,4.00000
 0.00001391000,4.16000,3.60000
 0.00001391200,4.24000,3.60000
 0.00001391400,4.16000,4.00000
 0.00001391600,4.24000,3.60000
 0.00001391800,4.24000,4.00000
 0.00001392000,4.32000,3.60000
 0.00001392200,4.16000,3.60000
 0.00001392400,4.24000,4.00000
 0.00001392600,4.24000,3.60000
 0.00001392800,4.24000,3.60000
 0.00001393000,4.32000,3.60000
 0.00001393200,4.32000,4.00000
 0.00001393400,4.24000,4.00000
 0.00001393600,4.24000,4.00000
 0.00001393800,4.32000,3.60000
 0.00001394000,4.24000,3.60000
 0.00001394200,4.40000,4.00000
 0.00001394400,4.40000,4.00000
 0.00001394600,4.32000,4.00000
 0.00001394800,4.32000,4.00000
 0.00001395000,4.40000,3.60000
 0.00001395200,4.32000,4.00000
 0.00001395400,4.32000,4.00000
 0.00001395600,4.32000,3.60000
 0.00001395800,4.40000,4.00000
 0.00001396000,4.24000,4.00000
 0.00001396200,4.32000,4.00000
 0.00001396400,4.24000,3.60000
 0.00001396600,4.32000,3.60000
 0.00001396800,4.32000,4.00000
 0.00001397000,4.24000,4.00000
 0.00001397200,4.32000,4.00000
 0.00001397400,4.24000,3.60000
 0.00001397600,4.32000,3.60000
 0.00001397800,4.32000,4.00000
 0.00001398000,4.24000,3.60000
 0.00001398200,4.32000,4.00000
 0.00001398400,4.40000,4.00000
 0.00001398600,4.24000,3.60000
 0.00001398800,4.32000,4.00000
 0.00001399000,4.32000,3.60000
 0.00001399200,4.40000,3.60000
 0.00001399400,4.40000,4.00000
 0.00001399600,4.40000,3.60000
 0.00001399800,4.40000,4.00000
 0.00001400000,4.48000,4.00000
 0.00001400200,4.40000,3.60000
 0.00001400400,4.48000,4.00000
 0.00001400600,4.40000,3.60000
 0.00001400800,4.40000,3.60000
 0.00001401000,4.40000,4.00000
 0.00001401200,4.40000,4.00000
 0.00001401400,4.48000,4.00000
 0.00001401600,4.40000,4.00000
 0.00001401800,4.40000,3.60000
 0.00001402000,4.48000,4.00000
 0.00001402200,4.32000,4.00000
 0.00001402400,4.40000,4.00000
 0.00001402600,4.40000,4.00000
 0.00001402800,4.32000,3.60000
 0.00001403000,4.40000,4.00000
 0.00001403200,4.40000,4.00000
 0.00001403400,4.40000,4.00000
 0.00001403600,4.32000,4.00000
 0.00001403800,4.32000,3.60000
 0.00001404000,4.32000,4.00000
 0.00001404200,4.40000,4.00000
 0.00001404400,4.32000,3.60000
 0.00001404600,4.40000,4.00000
 0.00001404800,4.48000,4.00000
 0.00001405000,4.48000,4.00000
 0.00001405200,4.48000,3.60000
 0.00001405400,4.40000,3.60000
 0.00001405600,4.48000,4.00000
 0.00001405800,4.48000,4.00000
 0.00001406000,4.40000,3.60000
 0.00001406200,4.56000,3.60000
 0.00001406400,4.48000,4.00000
 0.00001406600,4.40000,4.00000
 0.00001406800,4.40000,4.00000
 0.00001407000,4.40000,3.60000
 0.00001407200,4.48000,3.60000
 0.00001407400,4.40000,4.00000
 0.00001407600,4.40000,3.60000
 0.00001407800,4.40000,4.00000
 0.00001408000,4.48000,3.60000
 0.00001408200,4.48000,3.60000
 0.00001408400,4.48000,3.60000
 0.00001408600,4.40000,3.60000
 0.00001408800,4.48000,4.00000
 0.00001409000,4.32000,3.60000
 0.00001409200,4.48000,3.60000
 0.00001409400,4.48000,3.60000
 0.00001409600,4.48000,3.60000
 0.00001409800,4.48000,4.00000
 0.00001410000,4.40000,4.00000
 0.00001410200,4.48000,3.60000
 0.00001410400,4.48000,4.00000
 0.00001410600,4.48000,3.60000
 0.00001410800,4.40000,4.00000
 0.00001411000,4.48000,4.00000
 0.00001411200,4.48000,4.00000
 0.00001411400,4.56000,4.00000
 0.00001411600,4.56000,4.00000
 0.00001411800,4.56000,4.00000
 0.00001412000,4.56000,4.00000
 0.00001412200,4.56000,4.00000
 0.00001412400,4.56000,3.60000
 0.00001412600,4.56000,4.00000
 0.00001412800,4.56000,4.00000
 0.00001413000,4.48000,4.00000
 0.00001413200,4.56000,4.00000
 0.00001413400,4.56000,3.60000
 0.00001413600,4.56000,3.60000
 0.00001413800,4.56000,4.00000
 0.00001414000,4.56000,4.00000
 0.00001414200,4.56000,4.00000
 0.00001414400,4.56000,4.00000
 0.00001414600,4.48000,3.60000
 0.00001414800,4.48000,3.60000
 0.00001415000,4.56000,4.00000
 0.00001415200,4.48000,3.60000
 0.00001415400,4.56000,4.00000
 0.00001415600,4.48000,4.00000
 0.00001415800,4.48000,3.60000
 0.00001416000,4.56000,3.60000
 0.00001416200,4.48000,3.60000
 0.00001416400,4.56000,3.60000
 0.00001416600,4.56000,4.00000
 0.00001416800,4.56000,3.60000
 0.00001417000,4.48000,3.60000
 0.00001417200,4.56000,4.00000
 0.00001417400,4.56000,3.60000
 0.00001417600,4.56000,3.60000
 0.00001417800,4.64000,3.60000
 0.00001418000,4.56000,4.00000
 0.00001418200,4.64000,4.00000
 0.00001418400,4.56000,4.00000
 0.00001418600,4.56000,3.60000
 0.00001418800,4.64000,3.60000
 0.00001419000,4.64000,4.00000
 0.00001419200,4.56000,4.00000
 0.00001419400,4.56000,4.00000
 0.00001419600,4.56000,3.60000
 0.00001419800,4.56000,3.60000
 0.00001420000,4.64000,3.60000
 0.00001420200,4.64000,4.00000
 0.00001420400,4.56000,4.00000
 0.00001420600,4.64000,3.60000
 0.00001420800,4.64000,3.60000
 0.00001421000,4.56000,3.60000
 0.00001421200,4.56000,4.00000
 0.00001421400,4.56000,4.00000
 0.00001421600,4.48000,4.00000
 0.00001421800,4.56000,3.60000
 0.00001422000,4.56000,4.00000
 0.00001422200,4.56000,4.00000
 0.00001422400,4.56000,3.60000
 0.00001422600,4.56000,4.00000
 0.00001422800,4.56000,4.00000
 0.00001423000,4.64000,4.00000
 0.00001423200,4.56000,4.00000
 0.00001423400,4.48000,3.60000
 0.00001423600,4.56000,4.00000
 0.00001423800,4.56000,4.00000
 0.00001424000,4.64000,3.60000
 0.00001424200,4.64000,4.00000
 0.00001424400,4.56000,3.60000
 0.00001424600,4.64000,4.00000
 0.00001424800,4.64000,4.00000
 0.00001425000,4.56000,3.60000
 0.00001425200,4.56000,3.60000
 0.00001425400,4.56000,3.60000
 0.00001425600,4.56000,3.60000
 0.00001425800,4.64000,4.00000
 0.00001426000,4.64000,3.60000
 0.00001426200,4.56000,3.60000
 0.00001426400,4.64000,4.00000
 0.00001426600,4.72000,3.60000
 0.00001426800,4.72000,3.60000
 0.00001427000,4.64000,3.60000
 0.00001427200,4.56000,3.60000
 0.00001427400,4.56000,4.00000
 0.00001427600,4.56000,4.00000
 0.00001427800,4.64000,3.60000
 0.00001428000,4.56000,4.00000
 0.00001428200,4.56000,3.60000
 0.00001428400,4.56000,4.00000
 0.00001428600,4.56000,4.00000
 0.00001428800,4.56000,3.60000
 0.00001429000,4.64000,4.00000
 0.00001429200,4.64000,3.60000
 0.00001429400,4.64000,4.00000
 0.00001429600,4.64000,4.00000
 0.00001429800,4.64000,3.60000
 0.00001430000,4.56000,3.60000
 0.00001430200,4.64000,3.60000
 0.00001430400,4.64000,4.00000
 0.00001430600,4.56000,4.00000
 0.00001430800,4.72000,4.00000
 0.00001431000,4.64000,3.60000
 0.00001431200,4.72000,3.60000
 0.00001431400,4.72000,4.00000
 0.00001431600,4.72000,3.60000
 0.00001431800,4.64000,4.00000
 0.00001432000,4.64000,4.00000
 0.00001432200,4.56000,3.60000
 0.00001432400,4.56000,4.00000
 0.00001432600,4.72000,3.60000
 0.00001432800,4.64000,3.60000
 0.00001433000,4.64000,4.00000
 0.00001433200,4.56000,4.00000
 0.00001433400,4.64000,4.00000
 0.00001433600,4.64000,3.60000
 0.00001433800,4.64000,3.60000
 0.00001434000,4.64000,3.60000
 0.00001434200,4.56000,4.00000
 0.00001434400,4.64000,4.00000
 0.00001434600,4.72000,3.60000
 0.00001434800,4.64000,3.60000
 0.00001435000,4.64000,3.60000
 0.00001435200,4.72000,4.00000
 0.00001435400,4.64000,4.00000
 0.00001435600,4.72000,4.00000
 0.00001435800,4.72000,3.60000
 0.00001436000,4.56000,4.00000
 0.00001436200,4.72000,4.00000
 0.00001436400,4.64000,4.00000
 0.00001436600,4.72000,4.00000
 0.00001436800,4.64000,4.00000
 0.00001437000,4.72000,4.00000
 0.00001437200,4.72000,4.00000
 0.00001437400,4.64000,4.00000
 0.00001437600,4.72000,4.00000
 0.00001437800,4.72000,4.00000
 0.00001438000,4.72000,3.60000
 0.00001438200,4.80000,4.00000
 0.00001438400,4.72000,4.00000
 0.00001438600,4.72000,4.00000
 0.00001438800,4.72000,4.00000
 0.00001439000,4.72000,3.60000
 0.00001439200,4.72000,4.00000
 0.00001439400,4.72000,4.00000
 0.00001439600,4.72000,4.00000
 0.00001439800,4.72000,4.00000
 0.00001440000,4.72000,4.00000
 0.00001440200,4.64000,4.00000
 0.00001440400,4.56000,3.60000
 0.00001440600,4.64000,4.00000
 0.00001440800,4.64000,4.00000
 0.00001441000,4.56000,4.00000
 0.00001441200,4.56000,4.00000
 0.00001441400,4.64000,3.60000
 0.00001441600,4.72000,3.60000
 0.00001441800,4.56000,4.00000
 0.00001442000,4.72000,3.60000
 0.00001442200,4.64000,4.00000
 0.00001442400,4.72000,3.60000
 0.00001442600,4.64000,3.60000
 0.00001442800,4.72000,3.60000
 0.00001443000,4.80000,3.60000
 0.00001443200,4.64000,3.60000
 0.00001443400,4.72000,3.60000
 0.00001443600,4.64000,4.00000
 0.00001443800,4.80000,3.60000
 0.00001444000,4.72000,4.00000
 0.00001444200,4.72000,3.60000
 0.00001444400,4.72000,3.60000
 0.00001444600,4.72000,4.00000
 0.00001444800,4.72000,3.60000
 0.00001445000,4.64000,4.00000
 0.00001445200,4.72000,3.60000
 0.00001445400,4.72000,3.60000
 0.00001445600,4.72000,3.60000
 0.00001445800,4.72000,3.60000
 0.00001446000,4.72000,4.00000
 0.00001446200,4.72000,3.60000
 0.00001446400,4.72000,4.00000
 0.00001446600,4.72000,3.60000
 0.00001446800,4.72000,3.60000
 0.00001447000,4.72000,4.00000
 0.00001447200,4.64000,4.00000
 0.00001447400,4.56000,4.00000
 0.00001447600,4.72000,4.00000
 0.00001447800,4.80000,3.60000
 0.00001448000,4.80000,3.60000
 0.00001448200,4.64000,4.00000
 0.00001448400,4.72000,4.00000
 0.00001448600,4.72000,4.00000
 0.00001448800,4.80000,3.60000
 0.00001449000,4.64000,3.60000
 0.00001449200,4.80000,4.00000
 0.00001449400,4.72000,4.00000
 0.00001449600,4.72000,3.60000
 0.00001449800,4.64000,3.60000
 0.00001450000,4.80000,3.60000
 0.00001450200,4.72000,4.00000
 0.00001450400,4.72000,3.60000
 0.00001450600,4.64000,3.60000
 0.00001450800,4.72000,3.60000
 0.00001451000,4.72000,3.60000
 0.00001451200,4.80000,3.60000
 0.00001451400,4.72000,3.60000
 0.00001451600,4.72000,3.60000
 0.00001451800,4.72000,3.60000
 0.00001452000,4.80000,3.60000
 0.00001452200,4.72000,3.60000
 0.00001452400,4.72000,3.60000
 0.00001452600,4.72000,3.60000
 0.00001452800,4.72000,4.00000
 0.00001453000,4.72000,3.60000
 0.00001453200,4.64000,4.00000
 0.00001453400,4.64000,3.60000
 0.00001453600,4.64000,4.00000
 0.00001453800,4.80000,4.00000
 0.00001454000,4.64000,3.60000
 0.00001454200,4.64000,4.00000
 0.00001454400,4.80000,4.00000
 0.00001454600,4.80000,4.00000
 0.00001454800,4.72000,3.60000
 0.00001455000,4.80000,3.60000
 0.00001455200,4.80000,4.00000
 0.00001455400,4.72000,4.00000
 0.00001455600,4.72000,3.60000
 0.00001455800,4.72000,3.60000
 0.00001456000,4.72000,3.60000
 0.00001456200,4.72000,4.00000
 0.00001456400,4.64000,3.60000
 0.00001456600,4.72000,3.60000
 0.00001456800,4.80000,3.60000
 0.00001457000,4.72000,3.60000
 0.00001457200,4.80000,3.60000
 0.00001457400,4.72000,3.60000
 0.00001457600,4.80000,3.60000
 0.00001457800,4.80000,3.60000
 0.00001458000,4.64000,3.60000
 0.00001458200,4.80000,3.60000
 0.00001458400,4.72000,4.00000
 0.00001458600,4.72000,3.60000
 0.00001458800,4.72000,4.00000
 0.00001459000,4.72000,3.60000
 0.00001459200,4.64000,3.60000
 0.00001459400,4.72000,4.00000
 0.00001459600,4.72000,3.60000
 0.00001459800,4.80000,4.00000
 0.00001460000,4.80000,4.00000
 0.00001460200,4.72000,3.60000
 0.00001460400,4.80000,4.00000
 0.00001460600,4.80000,3.60000
 0.00001460800,4.80000,4.00000
 0.00001461000,4.72000,4.00000
 0.00001461200,4.80000,4.00000
 0.00001461400,4.80000,4.00000
 0.00001461600,4.80000,3.60000
 0.00001461800,4.72000,4.00000
 0.00001462000,4.80000,4.00000
 0.00001462200,4.80000,4.00000
 0.00001462400,4.72000,3.60000
 0.00001462600,4.80000,3.60000
 0.00001462800,4.80000,4.00000
 0.00001463000,4.80000,4.00000
 0.00001463200,4.80000,3.60000
 0.00001463400,4.80000,3.60000
 0.00001463600,4.80000,3.60000
 0.00001463800,4.80000,4.00000
 0.00001464000,4.88000,4.00000
 0.00001464200,4.80000,3.60000
 0.00001464400,4.72000,4.00000
 0.00001464600,4.80000,3.60000
 0.00001464800,4.80000,4.00000
 0.00001465000,4.80000,4.00000
 0.00001465200,4.80000,3.60000
 0.00001465400,4.72000,4.00000
 0.00001465600,4.80000,4.00000
 0.00001465800,4.64000,4.00000
 0.00001466000,4.72000,3.60000
 0.00001466200,4.80000,3.60000
 0.00001466400,4.80000,3.60000
 0.00001466600,4.72000,4.00000
 0.00001466800,4.80000,4.00000
 0.00001467000,4.72000,3.60000
 0.00001467200,4.80000,4.00000
 0.00001467400,4.80000,3.60000
 0.00001467600,4.72000,3.60000
 0.00001467800,4.80000,4.00000
 0.00001468000,4.80000,4.00000
 0.00001468200,4.72000,4.00000
 0.00001468400,4.80000,3.60000
 0.00001468600,4.80000,3.60000
 0.00001468800,4.80000,4.00000
 0.00001469000,4.80000,4.00000
 0.00001469200,4.72000,3.60000
 0.00001469400,4.80000,3.60000
 0.00001469600,4.88000,4.00000
 0.00001469800,4.72000,4.00000
 0.00001470000,4.80000,4.00000
 0.00001470200,4.72000,3.60000
 0.00001470400,4.80000,3.60000
 0.00001470600,4.80000,4.00000
 0.00001470800,4.72000,3.60000
 0.00001471000,4.80000,4.00000
 0.00001471200,4.64000,4.00000
 0.00001471400,4.80000,3.60000
 0.00001471600,4.72000,4.00000
 0.00001471800,4.64000,3.60000
 0.00001472000,4.64000,3.60000
 0.00001472200,4.64000,4.00000
 0.00001472400,4.64000,3.60000
 0.00001472600,4.72000,4.00000
 0.00001472800,4.80000,3.60000
 0.00001473000,4.80000,3.60000
 0.00001473200,4.72000,4.00000
 0.00001473400,4.64000,3.60000
 0.00001473600,4.72000,4.00000
 0.00001473800,4.80000,3.60000
 0.00001474000,4.72000,3.60000
 0.00001474200,4.80000,4.00000
 0.00001474400,4.80000,4.00000
 0.00001474600,4.80000,4.00000
 0.00001474800,4.80000,4.00000
 0.00001475000,4.80000,3.60000
 0.00001475200,4.80000,4.00000
 0.00001475400,4.80000,4.00000
 0.00001475600,4.72000,3.60000
 0.00001475800,4.80000,4.00000
 0.00001476000,4.80000,4.00000
 0.00001476200,4.80000,4.00000
 0.00001476400,4.72000,4.00000
 0.00001476600,4.80000,3.60000
 0.00001476800,4.80000,4.00000
 0.00001477000,4.80000,4.00000
 0.00001477200,4.80000,3.60000
 0.00001477400,4.72000,4.00000
 0.00001477600,4.72000,4.00000
 0.00001477800,4.64000,4.00000
 0.00001478000,4.64000,3.60000
 0.00001478200,4.72000,3.60000
 0.00001478400,4.80000,3.60000
 0.00001478600,4.64000,4.00000
 0.00001478800,4.80000,3.60000
 0.00001479000,4.72000,3.60000
 0.00001479200,4.72000,3.60000
 0.00001479400,4.72000,3.60000
 0.00001479600,4.80000,3.60000
 0.00001479800,4.80000,3.60000
 0.00001480000,4.80000,4.00000
 0.00001480200,4.72000,3.60000
 0.00001480400,4.80000,4.00000
 0.00001480600,4.80000,3.60000
 0.00001480800,4.80000,3.60000
 0.00001481000,4.80000,4.00000
 0.00001481200,4.80000,4.00000
 0.00001481400,4.88000,4.00000
 0.00001481600,4.80000,4.00000
 0.00001481800,4.72000,3.60000
 0.00001482000,4.80000,3.60000
 0.00001482200,4.80000,4.00000
 0.00001482400,4.72000,3.60000
 0.00001482600,4.80000,4.00000
 0.00001482800,4.80000,4.00000
 0.00001483000,4.80000,3.60000
 0.00001483200,4.80000,4.00000
 0.00001483400,4.72000,3.60000
 0.00001483600,4.72000,4.00000
 0.00001483800,4.80000,4.00000
 0.00001484000,4.64000,3.60000
 0.00001484200,4.72000,4.00000
 0.00001484400,4.80000,4.00000
 0.00001484600,4.80000,4.00000
 0.00001484800,4.72000,3.60000
 0.00001485000,4.72000,3.60000
 0.00001485200,4.72000,4.00000
 0.00001485400,4.80000,4.00000
 0.00001485600,4.80000,4.00000
 0.00001485800,4.80000,3.60000
 0.00001486000,4.72000,4.00000
 0.00001486200,4.80000,4.00000
 0.00001486400,4.80000,4.00000
 0.00001486600,4.80000,4.00000
 0.00001486800,4.80000,4.00000
 0.00001487000,4.80000,4.00000
 0.00001487200,4.80000,3.60000
 0.00001487400,4.72000,4.00000
 0.00001487600,4.80000,4.00000
 0.00001487800,4.80000,4.00000
 0.00001488000,4.80000,3.60000
 0.00001488200,4.72000,3.60000
 0.00001488400,4.80000,4.00000
 0.00001488600,4.72000,4.00000
 0.00001488800,4.72000,3.60000
 0.00001489000,4.72000,3.60000
 0.00001489200,4.64000,3.60000
 0.00001489400,4.80000,4.00000
 0.00001489600,4.72000,4.00000
 0.00001489800,4.72000,3.60000
 0.00001490000,4.72000,4.00000
 0.00001490200,4.64000,3.60000
 0.00001490400,4.80000,4.00000
 0.00001490600,4.80000,4.00000
 0.00001490800,4.80000,3.60000
 0.00001491000,4.80000,4.00000
 0.00001491200,4.80000,3.60000
 0.00001491400,4.64000,4.00000
 0.00001491600,4.64000,4.00000
 0.00001491800,4.80000,3.60000
 0.00001492000,4.72000,3.60000
 0.00001492200,4.80000,3.60000
 0.00001492400,4.72000,4.00000
 0.00001492600,4.72000,4.00000
 0.00001492800,4.72000,4.00000
 0.00001493000,4.80000,3.60000
 0.00001493200,4.72000,3.60000
 0.00001493400,4.72000,4.00000
 0.00001493600,4.80000,4.00000
 0.00001493800,4.80000,4.00000
 0.00001494000,4.80000,3.60000
 0.00001494200,4.72000,3.60000
 0.00001494400,4.88000,4.00000
 0.00001494600,4.80000,4.00000
 0.00001494800,4.64000,3.60000
 0.00001495000,4.80000,3.60000
 0.00001495200,4.80000,4.00000
 0.00001495400,4.72000,4.00000
 0.00001495600,4.72000,4.00000
 0.00001495800,4.72000,3.60000
 0.00001496000,4.72000,3.60000
 0.00001496200,4.72000,4.00000
 0.00001496400,4.64000,3.60000
 0.00001496600,4.64000,4.00000
 0.00001496800,4.72000,3.60000
 0.00001497000,4.72000,3.60000
 0.00001497200,4.64000,3.60000
 0.00001497400,4.80000,3.60000
 0.00001497600,4.80000,4.00000
 0.00001497800,4.72000,3.60000
 0.00001498000,4.72000,3.60000
 0.00001498200,4.72000,3.60000
 0.00001498400,4.80000,3.60000
 0.00001498600,4.80000,4.00000
 0.00001498800,4.80000,3.60000
 0.00001499000,4.80000,3.60000
 0.00001499200,4.80000,4.00000
 0.00001499400,4.80000,3.60000
 0.00001499600,4.80000,3.60000
 0.00001499800,4.80000,3.60000
 0.00001500000,4.80000,4.00000
 0.00001500200,4.80000,4.00000
 0.00001500400,4.72000,4.00000
 0.00001500600,4.80000,3.60000
 0.00001500800,4.80000,4.00000
 0.00001501000,4.72000,4.00000
 0.00001501200,4.80000,3.60000
 0.00001501400,4.80000,4.00000
 0.00001501600,4.80000,4.00000
 0.00001501800,4.64000,4.00000
 0.00001502000,4.64000,4.00000
 0.00001502200,4.72000,3.60000
 0.00001502400,4.72000,3.60000
 0.00001502600,4.72000,4.00000
 0.00001502800,4.64000,4.00000
 0.00001503000,4.64000,4.00000
 0.00001503200,4.72000,4.00000
 0.00001503400,4.80000,3.60000
 0.00001503600,4.72000,3.60000
 0.00001503800,4.72000,4.00000
 0.00001504000,4.80000,3.60000
 0.00001504200,4.72000,4.00000
 0.00001504400,4.80000,3.60000
 0.00001504600,4.80000,3.60000
 0.00001504800,4.80000,4.00000
 0.00001505000,4.80000,3.60000
 0.00001505200,4.72000,4.00000
 0.00001505400,4.80000,3.60000
 0.00001505600,4.72000,4.00000
 0.00001505800,4.64000,4.00000
 0.00001506000,4.72000,4.00000
 0.00001506200,4.80000,4.00000
 0.00001506400,4.72000,3.60000
 0.00001506600,4.72000,4.00000
 0.00001506800,4.64000,4.00000
 0.00001507000,4.80000,4.00000
 0.00001507200,4.80000,4.00000
 0.00001507400,4.72000,3.60000
 0.00001507600,4.72000,3.60000
 0.00001507800,4.72000,4.00000
 0.00001508000,4.72000,4.00000
 0.00001508200,4.64000,4.00000
 0.00001508400,4.72000,3.60000
 0.00001508600,4.72000,3.60000
 0.00001508800,4.80000,3.60000
 0.00001509000,4.64000,4.00000
 0.00001509200,4.64000,4.00000
 0.00001509400,4.64000,3.60000
 0.00001509600,4.72000,3.60000
 0.00001509800,4.72000,3.60000
 0.00001510000,4.72000,3.60000
 0.00001510200,4.72000,4.00000
 0.00001510400,4.72000,4.00000
 0.00001510600,4.72000,3.60000
 0.00001510800,4.64000,3.60000
 0.00001511000,4.80000,3.60000
 0.00001511200,4.64000,3.60000
 0.00001511400,4.80000,4.00000
 0.00001511600,4.72000,4.00000
 0.00001511800,4.72000,3.60000
 0.00001512000,4.72000,4.00000
 0.00001512200,4.72000,3.60000
 0.00001512400,4.72000,3.60000
 0.00001512600,4.80000,4.00000
 0.00001512800,4.80000,3.60000
 0.00001513000,4.80000,4.00000
 0.00001513200,4.72000,4.00000
 0.00001513400,4.72000,3.60000
 0.00001513600,4.64000,4.00000
 0.00001513800,4.72000,3.60000
 0.00001514000,4.72000,3.60000
 0.00001514200,4.72000,4.00000
 0.00001514400,4.80000,3.60000
 0.00001514600,4.80000,4.00000
 0.00001514800,4.72000,3.60000
 0.00001515000,4.72000,3.60000
 0.00001515200,4.72000,4.00000
 0.00001515400,4.72000,3.60000
 0.00001515600,4.72000,4.00000
 0.00001515800,4.80000,3.60000
 0.00001516000,4.72000,4.00000
 0.00001516200,4.64000,4.00000
 0.00001516400,4.72000,3.60000
 0.00001516600,4.80000,4.00000
 0.00001516800,4.72000,3.60000
 0.00001517000,4.64000,4.00000
 0.00001517200,4.72000,4.00000
 0.00001517400,4.80000,3.60000
 0.00001517600,4.80000,3.60000
 0.00001517800,4.64000,3.60000
 0.00001518000,4.80000,4.00000
 0.00001518200,4.80000,4.00000
 0.00001518400,4.80000,3.60000
 0.00001518600,4.64000,3.60000
 0.00001518800,4.80000,4.00000
 0.00001519000,4.80000,4.00000
 0.00001519200,4.64000,3.60000
 0.00001519400,4.72000,3.60000
 0.00001519600,4.72000,4.00000
 0.00001519800,4.72000,4.00000
 0.00001520000,4.80000,3.60000
 0.00001520200,4.80000,3.60000
 0.00001520400,4.72000,3.60000
 0.00001520600,4.80000,4.00000
 0.00001520800,4.64000,4.00000
 0.00001521000,4.64000,3.60000
 0.00001521200,4.64000,3.60000
 0.00001521400,4.64000,3.60000
 0.00001521600,4.72000,3.60000
 0.00001521800,4.64000,4.00000
 0.00001522000,4.64000,3.60000
 0.00001522200,4.64000,3.60000
 0.00001522400,4.72000,3.60000
 0.00001522600,4.72000,3.60000
 0.00001522800,4.72000,3.60000
 0.00001523000,4.72000,3.60000
 0.00001523200,4.80000,4.00000
 0.00001523400,4.80000,3.60000
 0.00001523600,4.72000,3.60000
 0.00001523800,4.80000,3.60000
 0.00001524000,4.72000,4.00000
 0.00001524200,4.80000,4.00000
 0.00001524400,4.80000,4.00000
 0.00001524600,4.72000,3.60000
 0.00001524800,4.80000,4.00000
 0.00001525000,4.72000,4.00000
 0.00001525200,4.72000,4.00000
 0.00001525400,4.80000,4.00000
 0.00001525600,4.80000,4.00000
 0.00001525800,4.80000,4.00000
 0.00001526000,4.80000,3.60000
 0.00001526200,4.80000,4.00000
 0.00001526400,4.80000,4.00000
 0.00001526600,4.72000,4.00000
 0.00001526800,4.72000,3.60000
 0.00001527000,4.72000,3.60000
 0.00001527200,4.72000,3.60000
 0.00001527400,4.64000,4.00000
 0.00001527600,4.64000,3.60000
 0.00001527800,4.72000,3.60000
 0.00001528000,4.72000,3.60000
 0.00001528200,4.72000,3.60000
 0.00001528400,4.80000,4.00000
 0.00001528600,4.72000,3.60000
 0.00001528800,4.80000,4.00000
 0.00001529000,4.72000,3.60000
 0.00001529200,4.72000,3.60000
 0.00001529400,4.80000,4.00000
 0.00001529600,4.72000,4.00000
 0.00001529800,4.64000,4.00000
 0.00001530000,4.72000,4.00000
 0.00001530200,4.72000,3.60000
 0.00001530400,4.72000,3.60000
 0.00001530600,4.72000,4.00000
 0.00001530800,4.80000,3.60000
 0.00001531000,4.80000,4.00000
 0.00001531200,4.72000,3.60000
 0.00001531400,4.80000,3.60000
 0.00001531600,4.72000,4.00000
 0.00001531800,4.80000,3.60000
 0.00001532000,4.80000,4.00000
 0.00001532200,4.72000,3.60000
 0.00001532400,4.64000,4.00000
 0.00001532600,4.72000,4.00000
 0.00001532800,4.80000,3.60000
 0.00001533000,4.64000,4.00000
 0.00001533200,4.72000,4.00000
 0.00001533400,4.64000,4.00000
 0.00001533600,4.64000,3.60000
 0.00001533800,4.56000,3.60000
 0.00001534000,4.64000,3.60000
 0.00001534200,4.64000,4.00000
 0.00001534400,4.72000,3.60000
 0.00001534600,4.64000,3.60000
 0.00001534800,4.72000,3.60000
 0.00001535000,4.72000,3.60000
 0.00001535200,4.64000,4.00000
 0.00001535400,4.80000,3.60000
 0.00001535600,4.64000,4.00000
 0.00001535800,4.72000,3.60000
 0.00001536000,4.80000,4.00000
 0.00001536200,4.80000,4.00000
 0.00001536400,4.72000,4.00000
 0.00001536600,4.72000,4.00000
 0.00001536800,4.80000,3.60000
 0.00001537000,4.64000,4.00000
 0.00001537200,4.80000,3.60000
 0.00001537400,4.80000,4.00000
 0.00001537600,4.80000,3.60000
 0.00001537800,4.80000,3.60000
 0.00001538000,4.80000,4.00000
 0.00001538200,4.80000,3.60000
 0.00001538400,4.72000,4.00000
 0.00001538600,4.72000,3.60000
 0.00001538800,4.72000,4.00000
 0.00001539000,4.80000,4.00000
 0.00001539200,4.64000,4.00000
 0.00001539400,4.64000,4.00000
 0.00001539600,4.72000,4.00000
 0.00001539800,4.64000,4.00000
 0.00001540000,4.72000,3.60000
 0.00001540200,4.64000,4.00000
 0.00001540400,4.72000,3.60000
 0.00001540600,4.80000,4.00000
 0.00001540800,4.72000,4.00000
 0.00001541000,4.64000,3.60000
 0.00001541200,4.72000,4.00000
 0.00001541400,4.72000,3.60000
 0.00001541600,4.80000,3.60000
 0.00001541800,4.72000,4.00000
 0.00001542000,4.64000,4.00000
 0.00001542200,4.80000,4.00000
 0.00001542400,4.80000,4.00000
 0.00001542600,4.72000,3.60000
 0.00001542800,4.72000,4.00000
 0.00001543000,4.72000,4.00000
 0.00001543200,4.80000,3.60000
 0.00001543400,4.72000,4.00000
 0.00001543600,4.72000,3.60000
 0.00001543800,4.72000,4.00000
 0.00001544000,4.80000,3.60000
 0.00001544200,4.80000,3.60000
 0.00001544400,4.72000,4.00000
 0.00001544600,4.80000,3.60000
 0.00001544800,4.64000,3.60000
 0.00001545000,4.72000,3.60000
 0.00001545200,4.64000,4.00000
 0.00001545400,4.72000,4.00000
 0.00001545600,4.64000,4.00000
 0.00001545800,4.72000,3.60000
 0.00001546000,4.64000,4.00000
 0.00001546200,4.72000,4.00000
 0.00001546400,4.72000,4.00000
 0.00001546600,4.64000,4.00000
 0.00001546800,4.64000,3.60000
 0.00001547000,4.72000,4.00000
 0.00001547200,4.72000,4.00000
 0.00001547400,4.64000,4.00000
 0.00001547600,4.72000,4.00000
 0.00001547800,4.64000,3.60000
 0.00001548000,4.80000,3.60000
 0.00001548200,4.72000,4.00000
 0.00001548400,4.64000,3.60000
 0.00001548600,4.64000,4.00000
 0.00001548800,4.80000,4.00000
 0.00001549000,4.64000,3.60000
 0.00001549200,4.80000,3.60000
 0.00001549400,4.64000,3.60000
 0.00001549600,4.72000,3.60000
 0.00001549800,4.72000,4.00000
 0.00001550000,4.72000,3.60000
 0.00001550200,4.80000,3.60000
 0.00001550400,4.72000,4.00000
 0.00001550600,4.64000,3.60000
 0.00001550800,4.72000,4.00000
 0.00001551000,4.80000,3.60000
 0.00001551200,4.64000,3.60000
 0.00001551400,4.64000,4.00000
 0.00001551600,4.64000,4.00000
 0.00001551800,4.64000,4.00000
 0.00001552000,4.72000,3.60000
 0.00001552200,4.72000,3.60000
 0.00001552400,4.64000,3.60000
 0.00001552600,4.64000,4.00000
 0.00001552800,4.72000,4.00000
 0.00001553000,4.72000,3.60000
 0.00001553200,4.72000,3.60000
 0.00001553400,4.72000,3.60000
 0.00001553600,4.64000,4.00000
 0.00001553800,4.72000,4.00000
 0.00001554000,4.72000,4.00000
 0.00001554200,4.72000,3.60000
 0.00001554400,4.72000,4.00000
 0.00001554600,4.64000,4.00000
 0.00001554800,4.72000,4.00000
 0.00001555000,4.64000,4.00000
 0.00001555200,4.64000,3.60000
 0.00001555400,4.72000,4.00000
 0.00001555600,4.72000,3.60000
 0.00001555800,4.72000,4.00000
 0.00001556000,4.80000,4.00000
 0.00001556200,4.72000,3.60000
 0.00001556400,4.72000,3.60000
 0.00001556600,4.72000,3.60000
 0.00001556800,4.80000,4.00000
 0.00001557000,4.72000,4.00000
 0.00001557200,4.72000,4.00000
 0.00001557400,4.80000,3.60000
 0.00001557600,4.72000,4.00000
 0.00001557800,4.72000,4.00000
 0.00001558000,4.64000,4.00000
 0.00001558200,4.64000,4.00000
 0.00001558400,4.72000,4.00000
 0.00001558600,4.64000,4.00000
 0.00001558800,4.72000,3.60000
 0.00001559000,4.72000,4.00000
 0.00001559200,4.72000,4.00000
 0.00001559400,4.56000,4.00000
 0.00001559600,4.72000,4.00000
 0.00001559800,4.72000,3.60000
 0.00001560000,4.64000,3.60000
 0.00001560200,4.72000,4.00000
 0.00001560400,4.72000,3.60000
 0.00001560600,4.80000,4.00000
 0.00001560800,4.80000,4.00000
 0.00001561000,4.72000,3.60000
 0.00001561200,4.72000,4.00000
 0.00001561400,4.80000,3.60000
 0.00001561600,4.80000,4.00000
 0.00001561800,4.72000,4.00000
 0.00001562000,4.72000,4.00000
 0.00001562200,4.80000,4.00000
 0.00001562400,4.72000,4.00000
 0.00001562600,4.80000,4.00000
 0.00001562800,4.72000,4.00000
 0.00001563000,4.72000,4.00000
 0.00001563200,4.64000,3.60000
 0.00001563400,4.64000,4.00000
 0.00001563600,4.72000,3.60000
 0.00001563800,4.72000,4.00000
 0.00001564000,4.72000,3.60000
 0.00001564200,4.72000,3.60000
 0.00001564400,4.72000,4.00000
 0.00001564600,4.72000,3.60000
 0.00001564800,4.64000,4.00000
 0.00001565000,4.72000,3.60000
 0.00001565200,4.64000,3.60000
 0.00001565400,4.72000,4.00000
 0.00001565600,4.72000,4.00000
 0.00001565800,4.72000,4.00000
 0.00001566000,4.72000,4.00000
 0.00001566200,4.72000,3.60000
 0.00001566400,4.72000,4.00000
 0.00001566600,4.64000,4.00000
 0.00001566800,4.64000,3.60000
 0.00001567000,4.72000,4.00000
 0.00001567200,4.72000,3.60000
 0.00001567400,4.64000,4.00000
 0.00001567600,4.72000,4.00000
 0.00001567800,4.64000,3.60000
 0.00001568000,4.80000,3.60000
 0.00001568200,4.72000,3.60000
 0.00001568400,4.64000,3.60000
 0.00001568600,4.72000,4.00000
 0.00001568800,4.72000,4.00000
 0.00001569000,4.64000,3.60000
 0.00001569200,4.64000,4.00000
 0.00001569400,4.64000,3.60000
 0.00001569600,4.64000,3.60000
 0.00001569800,4.64000,4.00000
 0.00001570000,4.72000,3.60000
 0.00001570200,4.64000,4.00000
 0.00001570400,4.64000,3.60000
 0.00001570600,4.64000,3.60000
 0.00001570800,4.64000,3.60000
 0.00001571000,4.72000,3.60000
 0.00001571200,4.64000,4.00000
 0.00001571400,4.56000,3.60000
 0.00001571600,4.64000,4.00000
 0.00001571800,4.72000,3.60000
 0.00001572000,4.64000,3.60000
 0.00001572200,4.56000,4.00000
 0.00001572400,4.72000,4.00000
 0.00001572600,4.64000,4.00000
 0.00001572800,4.64000,3.60000
 0.00001573000,4.72000,3.60000
 0.00001573200,4.72000,3.60000
 0.00001573400,4.80000,4.00000
 0.00001573600,4.80000,4.00000
 0.00001573800,4.72000,3.60000
 0.00001574000,4.64000,4.00000
 0.00001574200,4.72000,3.60000
 0.00001574400,4.80000,4.00000
 0.00001574600,4.72000,4.00000
 0.00001574800,4.80000,4.00000
 0.00001575000,4.72000,4.00000
 0.00001575200,4.72000,4.00000
 0.00001575400,4.64000,4.00000
 0.00001575600,4.72000,3.60000
 0.00001575800,4.72000,4.00000
 0.00001576000,4.80000,3.60000
 0.00001576200,4.72000,4.00000
 0.00001576400,4.72000,4.00000
 0.00001576600,4.72000,3.60000
 0.00001576800,4.72000,4.00000
 0.00001577000,4.64000,3.60000
 0.00001577200,4.64000,4.00000
 0.00001577400,4.72000,4.00000
 0.00001577600,4.64000,4.00000
 0.00001577800,4.72000,4.00000
 0.00001578000,4.72000,4.00000
 0.00001578200,4.72000,4.00000
 0.00001578400,4.72000,4.00000
 0.00001578600,4.72000,4.00000
 0.00001578800,4.72000,4.00000
 0.00001579000,4.72000,4.00000
 0.00001579200,4.80000,4.00000
 0.00001579400,4.64000,4.00000
 0.00001579600,4.72000,4.00000
 0.00001579800,4.72000,4.00000
 0.00001580000,4.80000,3.60000
 0.00001580200,4.72000,4.00000
 0.00001580400,4.64000,4.00000
 0.00001580600,4.80000,4.00000
 0.00001580800,4.80000,3.60000
 0.00001581000,4.64000,3.60000
 0.00001581200,4.64000,4.00000
 0.00001581400,4.72000,4.00000
 0.00001581600,4.80000,3.60000
 0.00001581800,4.64000,3.60000
 0.00001582000,4.72000,3.60000
 0.00001582200,4.64000,4.00000
 0.00001582400,4.64000,3.60000
 0.00001582600,4.64000,3.60000
 0.00001582800,4.64000,3.60000
 0.00001583000,4.72000,3.60000
 0.00001583200,4.56000,3.60000
 0.00001583400,4.56000,3.60000
 0.00001583600,4.56000,4.00000
 0.00001583800,4.64000,3.60000
 0.00001584000,4.64000,3.60000
 0.00001584200,4.64000,3.60000
 0.00001584400,4.64000,3.60000
 0.00001584600,4.64000,4.00000
 0.00001584800,4.72000,3.60000
 0.00001585000,4.64000,3.60000
 0.00001585200,4.72000,3.60000
 0.00001585400,4.72000,3.60000
 0.00001585600,4.72000,4.00000
 0.00001585800,4.72000,3.60000
 0.00001586000,4.64000,3.60000
 0.00001586200,4.72000,3.60000
 0.00001586400,4.64000,4.00000
 0.00001586600,4.72000,4.00000
 0.00001586800,4.64000,3.60000
 0.00001587000,4.64000,3.60000
 0.00001587200,4.72000,4.00000
 0.00001587400,4.64000,4.00000
 0.00001587600,4.72000,3.60000
 0.00001587800,4.64000,3.60000
 0.00001588000,4.80000,3.60000
 0.00001588200,4.64000,4.00000
 0.00001588400,4.80000,3.60000
 0.00001588600,4.72000,3.60000
 0.00001588800,4.64000,3.60000
 0.00001589000,4.72000,3.60000
 0.00001589200,4.64000,4.00000
 0.00001589400,4.72000,3.60000
 0.00001589600,4.64000,4.00000
 0.00001589800,4.64000,3.60000
 0.00001590000,4.56000,3.60000
 0.00001590200,4.64000,4.00000
 0.00001590400,4.72000,3.60000
 0.00001590600,4.72000,4.00000
 0.00001590800,4.72000,3.60000
 0.00001591000,4.64000,3.60000
 0.00001591200,4.72000,4.00000
 0.00001591400,4.80000,3.60000
 0.00001591600,4.72000,3.60000
 0.00001591800,4.72000,3.60000
 0.00001592000,4.64000,4.00000
 0.00001592200,4.72000,4.00000
 0.00001592400,4.72000,3.60000
 0.00001592600,4.72000,3.60000
 0.00001592800,4.72000,4.00000
 0.00001593000,4.64000,4.00000
 0.00001593200,4.64000,4.00000
 0.00001593400,4.72000,3.60000
 0.00001593600,4.80000,3.60000
 0.00001593800,4.64000,4.00000
 0.00001594000,4.72000,4.00000
 0.00001594200,4.64000,4.00000
 0.00001594400,4.72000,3.60000
 0.00001594600,4.64000,3.60000
 0.00001594800,4.64000,3.60000
 0.00001595000,4.64000,4.00000
 0.00001595200,4.64000,3.60000
 0.00001595400,4.56000,3.60000
 0.00001595600,4.72000,3.60000
 0.00001595800,4.64000,3.60000
 0.00001596000,4.72000,3.60000
 0.00001596200,4.64000,3.60000
 0.00001596400,4.56000,3.60000
 0.00001596600,4.72000,3.60000
 0.00001596800,4.72000,4.00000
 0.00001597000,4.64000,3.60000
 0.00001597200,4.64000,4.00000
 0.00001597400,4.64000,3.60000
 0.00001597600,4.72000,4.00000
 0.00001597800,4.72000,4.00000
 0.00001598000,4.64000,3.60000
 0.00001598200,4.64000,4.00000
 0.00001598400,4.72000,4.00000
 0.00001598600,4.72000,4.00000
 0.00001598800,4.72000,3.60000
 0.00001599000,4.72000,3.60000
 0.00001599200,4.80000,4.00000
 0.00001599400,4.72000,4.00000
 0.00001599600,4.64000,3.60000
 0.00001599800,4.80000,3.60000
 0.00001600000,4.64000,4.00000
 0.00001600200,4.64000,4.00000
 0.00001600400,4.72000,4.00000
 0.00001600600,4.64000,3.60000
 0.00001600800,4.72000,3.60000
 0.00001601000,4.72000,4.00000
 0.00001601200,4.72000,3.60000
 0.00001601400,4.64000,4.00000
 0.00001601600,4.72000,3.60000
 0.00001601800,4.64000,3.60000
 0.00001602000,4.64000,3.60000
 0.00001602200,4.64000,3.60000
 0.00001602400,4.72000,4.00000
 0.00001602600,4.64000,3.60000
 0.00001602800,4.64000,4.00000
 0.00001603000,4.64000,3.60000
 0.00001603200,4.64000,3.60000
 0.00001603400,4.64000,4.00000
 0.00001603600,4.72000,3.60000
 0.00001603800,4.80000,4.00000
 0.00001604000,4.80000,4.00000
 0.00001604200,4.72000,3.60000
 0.00001604400,4.56000,4.00000
 0.00001604600,4.72000,3.60000
 0.00001604800,4.64000,4.00000
 0.00001605000,4.72000,4.00000
 0.00001605200,4.72000,4.00000
 0.00001605400,4.64000,4.00000
 0.00001605600,4.72000,4.00000
 0.00001605800,4.72000,4.00000
 0.00001606000,4.72000,3.60000
 0.00001606200,4.72000,4.00000
 0.00001606400,4.72000,4.00000
 0.00001606600,4.64000,4.00000
 0.00001606800,4.72000,4.00000
 0.00001607000,4.72000,3.60000
 0.00001607200,4.64000,3.60000
 0.00001607400,4.72000,4.00000
 0.00001607600,4.64000,4.00000
 0.00001607800,4.72000,4.00000
 0.00001608000,4.64000,4.00000
 0.00001608200,4.72000,3.60000
 0.00001608400,4.64000,4.00000
 0.00001608600,4.64000,4.00000
 0.00001608800,4.72000,4.00000
 0.00001609000,4.72000,4.00000
 0.00001609200,4.64000,3.60000
 0.00001609400,4.64000,4.00000
 0.00001609600,4.72000,4.00000
 0.00001609800,4.64000,4.00000
 0.00001610000,4.72000,3.60000
 0.00001610200,4.72000,3.60000
 0.00001610400,4.72000,3.60000
 0.00001610600,4.64000,4.00000
 0.00001610800,4.72000,4.00000
 0.00001611000,4.80000,3.60000
 0.00001611200,4.64000,3.60000
 0.00001611400,4.72000,3.60000
 0.00001611600,4.64000,4.00000
 0.00001611800,4.72000,4.00000
 0.00001612000,4.72000,4.00000
 0.00001612200,4.64000,3.60000
 0.00001612400,4.72000,3.60000
 0.00001612600,4.64000,4.00000
 0.00001612800,4.56000,4.00000
 0.00001613000,4.64000,4.00000
 0.00001613200,4.64000,3.60000
 0.00001613400,4.56000,3.60000
 0.00001613600,4.80000,3.60000
 0.00001613800,4.72000,4.00000
 0.00001614000,4.64000,3.60000
 0.00001614200,4.64000,3.60000
 0.00001614400,4.64000,3.60000
 0.00001614600,4.72000,3.60000
 0.00001614800,4.64000,3.60000
 0.00001615000,4.72000,3.60000
 0.00001615200,4.64000,4.00000
 0.00001615400,4.56000,3.60000
 0.00001615600,4.64000,4.00000
 0.00001615800,4.64000,3.60000
 0.00001616000,4.72000,3.60000
 0.00001616200,4.64000,4.00000
 0.00001616400,4.72000,3.60000
 0.00001616600,4.64000,4.00000
 0.00001616800,4.80000,4.00000
 0.00001617000,4.64000,3.60000
 0.00001617200,4.64000,3.60000
 0.00001617400,4.64000,3.60000
 0.00001617600,4.72000,3.60000
 0.00001617800,4.72000,4.00000
 0.00001618000,4.72000,3.60000
 0.00001618200,4.72000,3.60000
 0.00001618400,4.72000,4.00000
 0.00001618600,4.64000,3.60000
 0.00001618800,4.72000,3.60000
 0.00001619000,4.72000,3.60000
 0.00001619200,4.72000,3.60000
 0.00001619400,4.64000,4.00000
 0.00001619600,4.72000,4.00000
 0.00001619800,4.64000,3.60000
 0.00001620000,4.64000,3.60000
 0.00001620200,4.64000,3.60000
 0.00001620400,4.56000,4.00000
 0.00001620600,4.72000,4.00000
 0.00001620800,4.64000,4.00000
 0.00001621000,4.64000,3.60000
 0.00001621200,4.64000,4.00000
 0.00001621400,4.72000,4.00000
 0.00001621600,4.64000,4.00000
 0.00001621800,4.64000,4.00000
 0.00001622000,4.64000,3.60000
 0.00001622200,4.72000,4.00000
 0.00001622400,4.72000,4.00000
 0.00001622600,4.64000,4.00000
 0.00001622800,4.72000,4.00000
 0.00001623000,4.64000,3.60000
 0.00001623200,4.72000,3.60000
 0.00001623400,4.64000,4.00000
 0.00001623600,4.72000,3.60000
 0.00001623800,4.72000,4.00000
 0.00001624000,4.80000,4.00000
 0.00001624200,4.64000,3.60000
 0.00001624400,4.64000,4.00000
 0.00001624600,4.72000,3.60000
 0.00001624800,4.72000,3.60000
 0.00001625000,4.64000,4.00000
 0.00001625200,4.72000,4.00000
 0.00001625400,4.64000,4.00000
 0.00001625600,4.72000,4.00000
 0.00001625800,4.64000,3.60000
 0.00001626000,4.72000,3.60000
 0.00001626200,4.72000,4.00000
 0.00001626400,4.72000,3.60000
 0.00001626600,4.56000,4.00000
 0.00001626800,4.56000,4.00000
 0.00001627000,4.64000,3.60000
 0.00001627200,4.64000,3.60000
 0.00001627400,4.64000,3.60000
 0.00001627600,4.72000,3.60000
 0.00001627800,4.64000,4.00000
 0.00001628000,4.72000,4.00000
 0.00001628200,4.72000,3.60000
 0.00001628400,4.64000,3.60000
 0.00001628600,4.72000,3.60000
 0.00001628800,4.72000,4.00000
 0.00001629000,4.72000,4.00000
 0.00001629200,4.72000,4.00000
 0.00001629400,4.64000,3.60000
 0.00001629600,4.72000,4.00000
 0.00001629800,4.72000,4.00000
 0.00001630000,4.64000,3.60000
 0.00001630200,4.72000,4.00000
 0.00001630400,4.64000,4.00000
 0.00001630600,4.72000,4.00000
 0.00001630800,4.72000,4.00000
 0.00001631000,4.72000,3.60000
 0.00001631200,4.72000,3.60000
 0.00001631400,4.64000,4.00000
 0.00001631600,4.64000,4.00000
 0.00001631800,4.72000,4.00000
 0.00001632000,4.72000,3.60000
 0.00001632200,4.64000,3.60000
 0.00001632400,4.56000,4.00000
 0.00001632600,4.72000,4.00000
 0.00001632800,4.64000,4.00000
 0.00001633000,4.64000,3.60000
 0.00001633200,4.64000,4.00000
 0.00001633400,4.56000,4.00000
 0.00001633600,4.64000,4.00000
 0.00001633800,4.64000,4.00000
 0.00001634000,4.64000,3.60000
 0.00001634200,4.72000,4.00000
 0.00001634400,4.72000,4.00000
 0.00001634600,4.64000,4.00000
 0.00001634800,4.64000,4.00000
 0.00001635000,4.72000,3.60000
 0.00001635200,4.72000,3.60000
 0.00001635400,4.72000,4.00000
 0.00001635600,4.64000,4.00000
 0.00001635800,4.64000,4.00000
 0.00001636000,4.72000,4.00000
 0.00001636200,4.72000,3.60000
 0.00001636400,4.64000,3.60000
 0.00001636600,4.80000,4.00000
 0.00001636800,4.64000,4.00000
 0.00001637000,4.72000,4.00000
 0.00001637200,4.72000,3.60000
 0.00001637400,4.64000,3.60000
 0.00001637600,4.72000,4.00000
 0.00001637800,4.64000,4.00000
 0.00001638000,4.64000,3.60000
 0.00001638200,4.72000,3.60000
 0.00001638400,4.72000,3.60000
 0.00001638600,4.56000,4.00000
 0.00001638800,4.72000,4.00000
 0.00001639000,4.64000,3.60000
 0.00001639200,4.64000,3.60000
 0.00001639400,4.64000,3.60000
 0.00001639600,4.56000,3.60000
 0.00001639800,4.72000,4.00000
 0.00001640000,4.64000,4.00000
 0.00001640200,4.64000,3.60000
 0.00001640400,4.72000,3.60000
 0.00001640600,4.72000,3.60000
 0.00001640800,4.72000,4.00000
 0.00001641000,4.64000,4.00000
 0.00001641200,4.64000,3.60000
 0.00001641400,4.80000,3.60000
 0.00001641600,4.72000,3.60000
 0.00001641800,4.72000,4.00000
 0.00001642000,4.72000,4.00000
 0.00001642200,4.64000,3.60000
 0.00001642400,4.72000,4.00000
 0.00001642600,4.72000,3.60000
 0.00001642800,4.72000,3.60000
 0.00001643000,4.72000,4.00000
 0.00001643200,4.72000,4.00000
 0.00001643400,4.64000,4.00000
 0.00001643600,4.72000,4.00000
 0.00001643800,4.64000,3.60000
 0.00001644000,4.80000,3.60000
 0.00001644200,4.72000,4.00000
 0.00001644400,4.64000,3.60000
 0.00001644600,4.72000,4.00000
 0.00001644800,4.64000,4.00000
 0.00001645000,4.64000,3.60000
 0.00001645200,4.64000,4.00000
 0.00001645400,4.64000,3.60000
 0.00001645600,4.64000,4.00000
 0.00001645800,4.64000,4.00000
 0.00001646000,4.56000,3.60000
 0.00001646200,4.72000,4.00000
 0.00001646400,4.64000,4.00000
 0.00001646600,4.56000,4.00000
 0.00001646800,4.64000,3.60000
 0.00001647000,4.64000,3.60000
 0.00001647200,4.72000,3.60000
 0.00001647400,4.64000,4.00000
 0.00001647600,4.72000,3.60000
 0.00001647800,4.72000,3.60000
 0.00001648000,4.72000,3.60000
 0.00001648200,4.64000,3.60000
 0.00001648400,4.72000,4.00000
 0.00001648600,4.72000,3.60000
 0.00001648800,4.64000,4.00000
 0.00001649000,4.72000,3.60000
 0.00001649200,4.64000,4.00000
 0.00001649400,4.80000,4.00000
 0.00001649600,4.72000,4.00000
 0.00001649800,4.72000,4.00000
 0.00001650000,4.72000,4.00000
 0.00001650200,4.64000,4.00000
 0.00001650400,4.64000,4.00000
 0.00001650600,4.64000,4.00000
 0.00001650800,4.72000,3.60000
 0.00001651000,4.64000,4.00000
 0.00001651200,4.72000,3.60000
 0.00001651400,4.64000,4.00000
 0.00001651600,4.64000,3.60000
 0.00001651800,4.72000,3.60000
 0.00001652000,4.72000,4.00000
 0.00001652200,4.56000,3.60000
 0.00001652400,4.56000,4.00000
 0.00001652600,4.72000,3.60000
 0.00001652800,4.72000,3.60000
 0.00001653000,4.56000,4.00000
 0.00001653200,4.72000,4.00000
 0.00001653400,4.64000,4.00000
 0.00001653600,4.72000,3.60000
 0.00001653800,4.64000,3.60000
 0.00001654000,4.72000,3.60000
 0.00001654200,4.72000,4.00000
 0.00001654400,4.64000,3.60000
 0.00001654600,4.72000,3.60000
 0.00001654800,4.72000,4.00000
 0.00001655000,4.72000,3.60000
 0.00001655200,4.72000,3.60000
 0.00001655400,4.72000,3.60000
 0.00001655600,4.72000,4.00000
 0.00001655800,4.72000,4.00000
 0.00001656000,4.64000,3.60000
 0.00001656200,4.64000,3.60000
 0.00001656400,4.64000,4.00000
 0.00001656600,4.72000,4.00000
 0.00001656800,4.64000,3.60000
 0.00001657000,4.64000,3.60000
 0.00001657200,4.64000,4.00000
 0.00001657400,4.56000,4.00000
 0.00001657600,4.56000,4.00000
 0.00001657800,4.64000,3.60000
 0.00001658000,4.64000,3.60000
 0.00001658200,4.64000,4.00000
 0.00001658400,4.56000,4.00000
 0.00001658600,4.64000,4.00000
 0.00001658800,4.72000,4.00000
 0.00001659000,4.72000,3.60000
 0.00001659200,4.56000,4.00000
 0.00001659400,4.56000,4.00000
 0.00001659600,4.72000,4.00000
 0.00001659800,4.72000,4.00000
 0.00001660000,4.64000,3.60000
 0.00001660200,4.72000,4.00000
 0.00001660400,4.72000,4.00000
 0.00001660600,4.72000,4.00000
 0.00001660800,4.64000,4.00000
 0.00001661000,4.72000,3.60000
 0.00001661200,4.72000,4.00000
 0.00001661400,4.80000,4.00000
 0.00001661600,4.72000,4.00000
 0.00001661800,4.64000,4.00000
 0.00001662000,4.72000,4.00000
 0.00001662200,4.72000,4.00000
 0.00001662400,4.72000,4.00000
 0.00001662600,4.64000,4.00000
 0.00001662800,4.72000,4.00000
 0.00001663000,4.64000,4.00000
 0.00001663200,4.64000,3.60000
 0.00001663400,4.64000,4.00000
 0.00001663600,4.56000,3.60000
 0.00001663800,4.64000,4.00000
 0.00001664000,4.64000,4.00000
 0.00001664200,4.56000,3.60000
 0.00001664400,4.64000,4.00000
 0.00001664600,4.64000,3.60000
 0.00001664800,4.72000,3.60000
 0.00001665000,4.64000,4.00000
 0.00001665200,4.56000,3.60000
 0.00001665400,4.72000,4.00000
 0.00001665600,4.64000,4.00000
 0.00001665800,4.64000,3.60000
 0.00001666000,4.72000,3.60000
 0.00001666200,4.64000,3.60000
 0.00001666400,4.64000,3.60000
 0.00001666600,4.64000,4.00000
 0.00001666800,4.56000,3.60000
 0.00001667000,4.72000,3.60000
 0.00001667200,4.72000,3.60000
 0.00001667400,4.72000,3.60000
 0.00001667600,4.64000,4.00000
 0.00001667800,4.64000,3.60000
 0.00001668000,4.56000,3.60000
 0.00001668200,4.72000,3.60000
 0.00001668400,4.56000,3.60000
 0.00001668600,4.72000,4.00000
 0.00001668800,4.72000,4.00000
 0.00001669000,4.64000,3.60000
 0.00001669200,4.64000,4.00000
 0.00001669400,4.64000,3.60000
 0.00001669600,4.56000,4.00000
 0.00001669800,4.64000,4.00000
 0.00001670000,4.64000,3.60000
 0.00001670200,4.56000,4.00000
 0.00001670400,4.64000,4.00000
 0.00001670600,4.64000,4.00000
 0.00001670800,4.56000,3.60000
 0.00001671000,4.64000,3.60000
 0.00001671200,4.64000,4.00000
 0.00001671400,4.56000,4.00000
 0.00001671600,4.56000,4.00000
 0.00001671800,4.64000,3.60000
 0.00001672000,4.56000,3.60000
 0.00001672200,4.56000,4.00000
 0.00001672400,4.64000,3.60000
 0.00001672600,4.64000,4.00000
 0.00001672800,4.72000,3.60000
 0.00001673000,4.72000,3.60000
 0.00001673200,4.72000,3.60000
 0.00001673400,4.64000,3.60000
 0.00001673600,4.64000,4.00000
 0.00001673800,4.72000,3.60000
 0.00001674000,4.64000,3.60000
 0.00001674200,4.72000,3.60000
 0.00001674400,4.72000,4.00000
 0.00001674600,4.64000,4.00000
 0.00001674800,4.72000,4.00000
 0.00001675000,4.64000,3.60000
 0.00001675200,4.64000,3.60000
 0.00001675400,4.72000,4.00000
 0.00001675600,4.56000,3.60000
 0.00001675800,4.72000,4.00000
 0.00001676000,4.72000,4.00000
 0.00001676200,4.64000,3.60000
 0.00001676400,4.64000,4.00000
 0.00001676600,4.56000,3.60000
 0.00001676800,4.64000,4.00000
 0.00001677000,4.64000,4.00000
 0.00001677200,4.64000,3.60000
 0.00001677400,4.64000,4.00000
 0.00001677600,4.72000,4.00000
 0.00001677800,4.64000,4.00000
 0.00001678000,4.64000,4.00000
 0.00001678200,4.72000,3.60000
 0.00001678400,4.64000,3.60000
 0.00001678600,4.64000,4.00000
 0.00001678800,4.64000,4.00000
 0.00001679000,4.72000,4.00000
 0.00001679200,4.56000,4.00000
 0.00001679400,4.64000,3.60000
 0.00001679600,4.72000,3.60000
 0.00001679800,4.72000,4.00000
 0.00001680000,4.72000,4.00000
 0.00001680200,4.72000,4.00000
 0.00001680400,4.56000,4.00000
 0.00001680600,4.72000,3.60000
 0.00001680800,4.72000,4.00000
 0.00001681000,4.72000,4.00000
 0.00001681200,4.72000,4.00000
 0.00001681400,4.64000,4.00000
 0.00001681600,4.72000,4.00000
 0.00001681800,4.56000,4.00000
 0.00001682000,4.56000,3.60000
 0.00001682200,4.64000,4.00000
 0.00001682400,4.64000,3.60000
 0.00001682600,4.64000,4.00000
 0.00001682800,4.64000,3.60000
 0.00001683000,4.64000,3.60000
 0.00001683200,4.64000,4.00000
 0.00001683400,4.64000,3.60000
 0.00001683600,4.64000,3.60000
 0.00001683800,4.64000,3.60000
 0.00001684000,4.72000,4.00000
 0.00001684200,4.64000,4.00000
 0.00001684400,4.64000,3.60000
 0.00001684600,4.72000,3.60000
 0.00001684800,4.64000,3.60000
 0.00001685000,4.72000,4.00000
 0.00001685200,4.64000,4.00000
 0.00001685400,4.64000,3.60000
 0.00001685600,4.72000,4.00000
 0.00001685800,4.56000,3.60000
 0.00001686000,4.72000,4.00000
 0.00001686200,4.64000,4.00000
 0.00001686400,4.72000,3.60000
 0.00001686600,4.64000,4.00000
 0.00001686800,4.72000,3.60000
 0.00001687000,4.72000,4.00000
 0.00001687200,4.72000,3.60000
 0.00001687400,4.64000,3.60000
 0.00001687600,4.64000,4.00000
 0.00001687800,4.72000,3.60000
 0.00001688000,4.64000,3.60000
 0.00001688200,4.64000,3.60000
 0.00001688400,4.56000,4.00000
 0.00001688600,4.72000,4.00000
 0.00001688800,4.64000,4.00000
 0.00001689000,4.64000,3.60000
 0.00001689200,4.64000,4.00000
 0.00001689400,4.56000,4.00000
 0.00001689600,4.64000,4.00000
 0.00001689800,4.56000,4.00000
 0.00001690000,4.56000,3.60000
 0.00001690200,4.56000,4.00000
 0.00001690400,4.72000,3.60000
 0.00001690600,4.56000,4.00000
 0.00001690800,4.64000,3.60000
 0.00001691000,4.64000,3.60000
 0.00001691200,4.72000,3.60000
 0.00001691400,4.72000,3.60000
 0.00001691600,4.64000,3.60000
 0.00001691800,4.64000,3.60000
 0.00001692000,4.72000,4.00000
 0.00001692200,4.64000,3.60000
 0.00001692400,4.72000,3.60000
 0.00001692600,4.64000,3.60000
 0.00001692800,4.64000,3.60000
 0.00001693000,4.72000,4.00000
 0.00001693200,4.72000,3.60000
 0.00001693400,4.72000,3.60000
 0.00001693600,4.72000,4.00000
 0.00001693800,4.64000,3.60000
 0.00001694000,4.56000,4.00000
 0.00001694200,4.64000,3.60000
 0.00001694400,4.72000,3.60000
 0.00001694600,4.56000,4.00000
 0.00001694800,4.64000,4.00000
 0.00001695000,4.56000,4.00000
 0.00001695200,4.64000,3.60000
 0.00001695400,4.56000,3.60000
 0.00001695600,4.64000,3.60000
 0.00001695800,4.72000,4.00000
 0.00001696000,4.64000,3.60000
 0.00001696200,4.56000,3.60000
 0.00001696400,4.64000,4.00000
 0.00001696600,4.72000,3.60000
 0.00001696800,4.64000,3.60000
 0.00001697000,4.64000,3.60000
 0.00001697200,4.64000,4.00000
 0.00001697400,4.72000,4.00000
 0.00001697600,4.64000,4.00000
 0.00001697800,4.56000,3.60000
 0.00001698000,4.72000,3.60000
 0.00001698200,4.64000,4.00000
 0.00001698400,4.72000,3.60000
 0.00001698600,4.72000,4.00000
 0.00001698800,4.72000,3.60000
 0.00001699000,4.64000,3.60000
 0.00001699200,4.72000,4.00000
 0.00001699400,4.72000,3.60000
 0.00001699600,4.72000,3.60000
 0.00001699800,4.72000,3.60000
 0.00001700000,4.64000,4.00000
 0.00001700200,4.72000,4.00000
 0.00001700400,4.72000,4.00000
 0.00001700600,4.64000,3.60000
 0.00001700800,4.72000,4.00000
 0.00001701000,4.56000,4.00000
 0.00001701200,4.64000,4.00000
 0.00001701400,4.64000,4.00000
 0.00001701600,4.64000,3.60000
 0.00001701800,4.64000,4.00000
 0.00001702000,4.56000,4.00000
 0.00001702200,4.64000,4.00000
 0.00001702400,4.64000,4.00000
 0.00001702600,4.56000,3.60000
 0.00001702800,4.56000,4.00000
 0.00001703000,4.56000,4.00000
 0.00001703200,4.64000,3.60000
 0.00001703400,4.72000,4.00000
 0.00001703600,4.64000,3.60000
 0.00001703800,4.64000,4.00000
 0.00001704000,4.72000,3.60000
 0.00001704200,4.72000,3.60000
 0.00001704400,4.72000,3.60000
 0.00001704600,4.72000,3.60000
 0.00001704800,4.64000,4.00000
 0.00001705000,4.64000,3.60000
 0.00001705200,4.64000,4.00000
 0.00001705400,4.72000,3.60000
 0.00001705600,4.64000,4.00000
 0.00001705800,4.56000,4.00000
 0.00001706000,4.64000,4.00000
 0.00001706200,4.64000,4.00000
 0.00001706400,4.72000,3.60000
 0.00001706600,4.72000,4.00000
 0.00001706800,4.56000,3.60000
 0.00001707000,4.64000,4.00000
 0.00001707200,4.64000,4.00000
 0.00001707400,4.56000,3.60000
 0.00001707600,4.56000,3.60000
 0.00001707800,4.56000,3.60000
 0.00001708000,4.56000,3.60000
 0.00001708200,4.64000,4.00000
 0.00001708400,4.64000,3.60000
 0.00001708600,4.64000,3.60000
 0.00001708800,4.72000,4.00000
 0.00001709000,4.64000,3.60000
 0.00001709200,4.64000,3.60000
 0.00001709400,4.64000,3.60000
 0.00001709600,4.64000,3.60000
 0.00001709800,4.64000,4.00000
 0.00001710000,4.72000,4.00000
 0.00001710200,4.72000,3.60000
 0.00001710400,4.72000,4.00000
 0.00001710600,4.64000,3.60000
 0.00001710800,4.64000,4.00000
 0.00001711000,4.72000,4.00000
 0.00001711200,4.64000,3.60000
 0.00001711400,4.64000,4.00000
 0.00001711600,4.72000,4.00000
 0.00001711800,4.72000,4.00000
 0.00001712000,4.72000,4.00000
 0.00001712200,4.64000,3.60000
 0.00001712400,4.64000,4.00000
 0.00001712600,4.72000,4.00000
 0.00001712800,4.56000,4.00000
 0.00001713000,4.64000,4.00000
 0.00001713200,4.64000,4.00000
 0.00001713400,4.64000,4.00000
 0.00001713600,4.64000,3.60000
 0.00001713800,4.64000,4.00000
 0.00001714000,4.64000,3.60000
 0.00001714200,4.64000,4.00000
 0.00001714400,4.64000,4.00000
 0.00001714600,4.56000,3.60000
 0.00001714800,4.56000,4.00000
 0.00001715000,4.72000,3.60000
 0.00001715200,4.56000,3.60000
 0.00001715400,4.64000,4.00000
 0.00001715600,4.72000,4.00000
 0.00001715800,4.56000,4.00000
 0.00001716000,4.72000,3.60000
 0.00001716200,4.72000,3.60000
 0.00001716400,4.56000,3.60000
 0.00001716600,4.72000,4.00000
 0.00001716800,4.64000,4.00000
 0.00001717000,4.64000,3.60000
 0.00001717200,4.72000,4.00000
 0.00001717400,4.56000,3.60000
 0.00001717600,4.64000,3.60000
 0.00001717800,4.56000,4.00000
 0.00001718000,4.64000,3.60000
 0.00001718200,4.72000,4.00000
 0.00001718400,4.72000,3.60000
 0.00001718600,4.64000,3.60000
 0.00001718800,4.64000,4.00000
 0.00001719000,4.64000,3.60000
 0.00001719200,4.56000,4.00000
 0.00001719400,4.64000,3.60000
 0.00001719600,4.64000,4.00000
 0.00001719800,4.56000,4.00000
 0.00001720000,4.56000,4.00000
 0.00001720200,4.64000,4.00000
 0.00001720400,4.64000,3.60000
 0.00001720600,4.64000,4.00000
 0.00001720800,4.64000,4.00000
 0.00001721000,4.64000,4.00000
 0.00001721200,4.64000,4.00000
 0.00001721400,4.72000,3.60000
 0.00001721600,4.64000,4.00000
 0.00001721800,4.64000,4.00000
 0.00001722000,4.56000,4.00000
 0.00001722200,4.72000,4.00000
 0.00001722400,4.72000,4.00000
 0.00001722600,4.72000,4.00000
 0.00001722800,4.72000,4.00000
 0.00001723000,4.72000,4.00000
 0.00001723200,4.80000,4.00000
 0.00001723400,4.64000,4.00000
 0.00001723600,4.72000,3.60000
 0.00001723800,4.64000,4.00000
 0.00001724000,4.72000,3.60000
 0.00001724200,4.64000,4.00000
 0.00001724400,4.56000,3.60000
 0.00001724600,4.72000,3.60000
 0.00001724800,4.72000,3.60000
 0.00001725000,4.56000,3.60000
 0.00001725200,4.56000,4.00000
 0.00001725400,4.56000,3.60000
 0.00001725600,4.64000,3.60000
 0.00001725800,4.64000,3.60000
 0.00001726000,4.56000,3.60000
 0.00001726200,4.56000,4.00000
 0.00001726400,4.56000,4.00000
 0.00001726600,4.56000,3.60000
 0.00001726800,4.56000,3.60000
 0.00001727000,4.56000,3.60000
 0.00001727200,4.64000,3.60000
 0.00001727400,4.56000,4.00000
 0.00001727600,4.64000,3.60000
 0.00001727800,4.64000,3.60000
 0.00001728000,4.64000,3.60000
 0.00001728200,4.56000,3.60000
 0.00001728400,4.64000,3.60000
 0.00001728600,4.64000,3.60000
 0.00001728800,4.64000,3.60000
 0.00001729000,4.56000,3.60000
 0.00001729200,4.56000,4.00000
 0.00001729400,4.72000,3.60000
 0.00001729600,4.56000,3.60000
 0.00001729800,4.64000,3.60000
 0.00001730000,4.56000,4.00000
 0.00001730200,4.64000,4.00000
 0.00001730400,4.56000,3.60000
 0.00001730600,4.64000,3.60000
 0.00001730800,4.64000,3.60000
 0.00001731000,4.64000,4.00000
 0.00001731200,4.64000,4.00000
 0.00001731400,4.64000,3.60000
 0.00001731600,4.56000,3.60000
 0.00001731800,4.64000,3.60000
 0.00001732000,4.56000,4.00000
 0.00001732200,4.56000,4.00000
 0.00001732400,4.64000,3.60000
 0.00001732600,4.56000,3.60000
 0.00001732800,4.56000,3.60000
 0.00001733000,4.56000,4.00000
 0.00001733200,4.64000,3.60000
 0.00001733400,4.72000,3.60000
 0.00001733600,4.64000,3.60000
 0.00001733800,4.56000,3.60000
 0.00001734000,4.72000,4.00000
 0.00001734200,4.72000,3.60000
 0.00001734400,4.64000,3.60000
 0.00001734600,4.64000,3.60000
 0.00001734800,4.56000,4.00000
 0.00001735000,4.72000,4.00000
 0.00001735200,4.64000,4.00000
 0.00001735400,4.72000,3.60000
 0.00001735600,4.64000,4.00000
 0.00001735800,4.64000,4.00000
 0.00001736000,4.64000,4.00000
 0.00001736200,4.64000,4.00000
 0.00001736400,4.56000,3.60000
 0.00001736600,4.72000,4.00000
 0.00001736800,4.72000,4.00000
 0.00001737000,4.64000,4.00000
 0.00001737200,4.64000,3.60000
 0.00001737400,4.72000,3.60000
 0.00001737600,4.64000,4.00000
 0.00001737800,4.56000,4.00000
 0.00001738000,4.56000,3.60000
 0.00001738200,4.64000,3.60000
 0.00001738400,4.64000,3.60000
 0.00001738600,4.56000,4.00000
 0.00001738800,4.64000,4.00000
 0.00001739000,4.56000,3.60000
 0.00001739200,4.64000,3.60000
 0.00001739400,4.64000,3.60000
 0.00001739600,4.64000,3.60000
 0.00001739800,4.64000,4.00000
 0.00001740000,4.56000,4.00000
 0.00001740200,4.64000,3.60000
 0.00001740400,4.56000,4.00000
 0.00001740600,4.64000,3.60000
 0.00001740800,4.56000,3.60000
 0.00001741000,4.56000,4.00000
 0.00001741200,4.72000,4.00000
 0.00001741400,4.64000,4.00000
 0.00001741600,4.64000,3.60000
 0.00001741800,4.64000,3.60000
 0.00001742000,4.72000,3.60000
 0.00001742200,4.72000,4.00000
 0.00001742400,4.64000,4.00000
 0.00001742600,4.64000,3.60000
 0.00001742800,4.64000,4.00000
 0.00001743000,4.72000,3.60000
 0.00001743200,4.56000,4.00000
 0.00001743400,4.56000,4.00000
 0.00001743600,4.72000,4.00000
 0.00001743800,4.64000,4.00000
 0.00001744000,4.64000,3.60000
 0.00001744200,4.64000,4.00000
 0.00001744400,4.56000,3.60000
 0.00001744600,4.64000,4.00000
 0.00001744800,4.64000,4.00000
 0.00001745000,4.64000,3.60000
 0.00001745200,4.56000,4.00000
 0.00001745400,4.64000,3.60000
 0.00001745600,4.56000,4.00000
 0.00001745800,4.72000,4.00000
 0.00001746000,4.64000,4.00000
 0.00001746200,4.64000,4.00000
 0.00001746400,4.56000,4.00000
 0.00001746600,4.64000,4.00000
 0.00001746800,4.64000,4.00000
 0.00001747000,4.72000,4.00000
 0.00001747200,4.72000,4.00000
 0.00001747400,4.72000,4.00000
 0.00001747600,4.72000,4.00000
 0.00001747800,4.72000,4.00000
 0.00001748000,4.64000,4.00000
 0.00001748200,4.72000,4.00000
 0.00001748400,4.64000,4.00000
 0.00001748600,4.64000,4.00000
 0.00001748800,4.56000,3.60000
 0.00001749000,4.64000,4.00000
 0.00001749200,4.56000,4.00000
 0.00001749400,4.72000,4.00000
 0.00001749600,4.72000,4.00000
 0.00001749800,4.72000,3.60000
 0.00001750000,4.64000,4.00000
 0.00001750200,4.72000,4.00000
 0.00001750400,4.64000,4.00000
 0.00001750600,4.56000,4.00000
 0.00001750800,4.56000,3.60000
 0.00001751000,4.64000,4.00000
 0.00001751200,4.64000,3.60000
 0.00001751400,4.56000,4.00000
 0.00001751600,4.56000,4.00000
 0.00001751800,4.56000,3.60000
 0.00001752000,4.64000,3.60000
 0.00001752200,4.56000,3.60000
 0.00001752400,4.56000,3.60000
 0.00001752600,4.56000,4.00000
 0.00001752800,4.72000,3.60000
 0.00001753000,4.56000,3.60000
 0.00001753200,4.64000,3.60000
 0.00001753400,4.64000,3.60000
 0.00001753600,4.56000,3.60000
 0.00001753800,4.64000,3.60000
 0.00001754000,4.56000,3.60000
 0.00001754200,4.72000,3.60000
 0.00001754400,4.64000,4.00000
 0.00001754600,4.56000,3.60000
 0.00001754800,4.56000,3.60000
 0.00001755000,4.64000,3.60000
 0.00001755200,4.64000,3.60000
 0.00001755400,4.56000,4.00000
 0.00001755600,4.56000,3.60000
 0.00001755800,4.64000,3.60000
 0.00001756000,4.64000,3.60000
 0.00001756200,4.72000,3.60000
 0.00001756400,4.64000,3.60000
 0.00001756600,4.56000,3.60000
 0.00001756800,4.48000,3.60000
 0.00001757000,4.64000,3.60000
 0.00001757200,4.56000,3.60000
 0.00001757400,4.64000,3.60000
 0.00001757600,4.56000,4.00000
 0.00001757800,4.56000,3.60000
 0.00001758000,4.56000,4.00000
 0.00001758200,4.56000,3.60000
 0.00001758400,4.64000,3.60000
 0.00001758600,4.56000,4.00000
 0.00001758800,4.56000,3.60000
 0.00001759000,4.56000,4.00000
 0.00001759200,4.72000,3.60000
 0.00001759400,4.64000,3.60000
 0.00001759600,4.56000,3.60000
 0.00001759800,4.72000,3.60000
 0.00001760000,4.64000,4.00000
 0.00001760200,4.64000,3.60000
 0.00001760400,4.64000,3.60000
 0.00001760600,4.64000,3.60000
 0.00001760800,4.64000,3.60000
 0.00001761000,4.56000,4.00000
 0.00001761200,4.64000,3.60000
 0.00001761400,4.72000,3.60000
 0.00001761600,4.64000,3.60000
 0.00001761800,4.64000,3.60000
 0.00001762000,4.64000,4.00000
 0.00001762200,4.64000,3.60000
 0.00001762400,4.64000,3.60000
 0.00001762600,4.64000,3.60000
 0.00001762800,4.56000,3.60000
 0.00001763000,4.64000,4.00000
 0.00001763200,4.56000,4.00000
 0.00001763400,4.64000,3.60000
 0.00001763600,4.64000,4.00000
 0.00001763800,4.72000,3.60000
 0.00001764000,4.56000,4.00000
 0.00001764200,4.48000,4.00000
 0.00001764400,4.56000,3.60000
 0.00001764600,4.64000,4.00000
 0.00001764800,4.64000,3.60000
 0.00001765000,4.64000,4.00000
 0.00001765200,4.56000,4.00000
 0.00001765400,4.64000,3.60000
 0.00001765600,4.72000,4.00000
 0.00001765800,4.56000,3.60000
 0.00001766000,4.56000,3.60000
 0.00001766200,4.64000,4.00000
 0.00001766400,4.64000,3.60000
 0.00001766600,4.56000,4.00000
 0.00001766800,4.64000,3.60000
 0.00001767000,4.64000,3.60000
 0.00001767200,4.72000,3.60000
 0.00001767400,4.64000,3.60000
 0.00001767600,4.64000,3.60000
 0.00001767800,4.72000,3.60000
 0.00001768000,4.56000,4.00000
 0.00001768200,4.64000,3.60000
 0.00001768400,4.56000,3.60000
 0.00001768600,4.64000,3.60000
 0.00001768800,4.56000,4.00000
 0.00001769000,4.56000,4.00000
 0.00001769200,4.56000,4.00000
 0.00001769400,4.56000,3.60000
 0.00001769600,4.64000,3.60000
 0.00001769800,4.64000,4.00000
 0.00001770000,4.64000,3.60000
 0.00001770200,4.56000,4.00000
 0.00001770400,4.64000,3.60000
 0.00001770600,4.56000,3.60000
 0.00001770800,4.48000,3.60000
 0.00001771000,4.64000,3.60000
 0.00001771200,4.56000,3.60000
 0.00001771400,4.64000,3.60000
 0.00001771600,4.64000,4.00000
 0.00001771800,4.64000,3.60000
 0.00001772000,4.56000,3.60000
 0.00001772200,4.64000,3.60000
 0.00001772400,4.64000,3.60000
 0.00001772600,4.64000,4.00000
 0.00001772800,4.72000,3.60000
 0.00001773000,4.64000,3.60000
 0.00001773200,4.72000,4.00000
 0.00001773400,4.72000,3.60000
 0.00001773600,4.64000,4.00000
 0.00001773800,4.64000,3.60000
 0.00001774000,4.64000,3.60000
 0.00001774200,4.72000,4.00000
 0.00001774400,4.64000,4.00000
 0.00001774600,4.64000,4.00000
 0.00001774800,4.64000,4.00000
 0.00001775000,4.64000,3.60000
 0.00001775200,4.64000,4.00000
 0.00001775400,4.64000,4.00000
 0.00001775600,4.56000,4.00000
 0.00001775800,4.64000,4.00000
 0.00001776000,4.56000,3.60000
 0.00001776200,4.48000,4.00000
 0.00001776400,4.56000,4.00000
 0.00001776600,4.72000,4.00000
 0.00001776800,4.64000,3.60000
 0.00001777000,4.64000,3.60000
 0.00001777200,4.64000,4.00000
 0.00001777400,4.72000,4.00000
 0.00001777600,4.64000,4.00000
 0.00001777800,4.56000,3.60000
 0.00001778000,4.56000,3.60000
 0.00001778200,4.64000,4.00000
 0.00001778400,4.72000,3.60000
 0.00001778600,4.64000,4.00000
 0.00001778800,4.72000,4.00000
 0.00001779000,4.56000,3.60000
 0.00001779200,4.72000,3.60000
 0.00001779400,4.64000,3.60000
 0.00001779600,4.56000,3.60000
 0.00001779800,4.72000,4.00000
 0.00001780000,4.72000,4.00000
 0.00001780200,4.64000,3.60000
 0.00001780400,4.64000,4.00000
 0.00001780600,4.64000,3.60000
 0.00001780800,4.56000,3.60000
 0.00001781000,4.64000,4.00000
 0.00001781200,4.56000,3.60000
 0.00001781400,4.64000,4.00000
 0.00001781600,4.56000,4.00000
 0.00001781800,4.64000,3.60000
 0.00001782000,4.56000,3.60000
 0.00001782200,4.64000,3.60000
 0.00001782400,4.48000,4.00000
 0.00001782600,4.56000,4.00000
 0.00001782800,4.64000,3.60000
 0.00001783000,4.48000,3.60000
 0.00001783200,4.72000,3.60000
 0.00001783400,4.64000,4.00000
 0.00001783600,4.64000,3.60000
 0.00001783800,4.72000,3.60000
 0.00001784000,4.72000,3.60000
 0.00001784200,4.64000,3.60000
 0.00001784400,4.72000,4.00000
 0.00001784600,4.72000,3.60000
 0.00001784800,4.64000,4.00000
 0.00001785000,4.64000,3.60000
 0.00001785200,4.56000,4.00000
 0.00001785400,4.72000,4.00000
 0.00001785600,4.56000,4.00000
 0.00001785800,4.72000,4.00000
 0.00001786000,4.72000,4.00000
 0.00001786200,4.72000,4.00000
 0.00001786400,4.64000,4.00000
 0.00001786600,4.72000,4.00000
 0.00001786800,4.56000,3.60000
 0.00001787000,4.64000,4.00000
 0.00001787200,4.64000,4.00000
 0.00001787400,4.64000,4.00000
 0.00001787600,4.64000,4.00000
 0.00001787800,4.64000,3.60000
 0.00001788000,4.64000,4.00000
 0.00001788200,4.56000,4.00000
 0.00001788400,4.56000,3.60000
 0.00001788600,4.64000,4.00000
 0.00001788800,4.56000,3.60000
 0.00001789000,4.64000,4.00000
 0.00001789200,4.64000,4.00000
 0.00001789400,4.56000,3.60000
 0.00001789600,4.64000,3.60000
 0.00001789800,4.56000,3.60000
 0.00001790000,4.64000,3.60000
 0.00001790200,4.64000,4.00000
 0.00001790400,4.64000,3.60000
 0.00001790600,4.72000,3.60000
 0.00001790800,4.72000,4.00000
 0.00001791000,4.72000,3.60000
 0.00001791200,4.56000,3.60000
 0.00001791400,4.64000,3.60000
 0.00001791600,4.56000,4.00000
 0.00001791800,4.72000,4.00000
 0.00001792000,4.64000,3.60000
 0.00001792200,4.72000,3.60000
 0.00001792400,4.64000,4.00000
 0.00001792600,4.64000,4.00000
 0.00001792800,4.72000,4.00000
 0.00001793000,4.64000,3.60000
 0.00001793200,4.56000,3.60000
 0.00001793400,4.72000,4.00000
 0.00001793600,4.72000,3.60000
 0.00001793800,4.64000,4.00000
 0.00001794000,4.64000,4.00000
 0.00001794200,4.56000,3.60000
 0.00001794400,4.64000,3.60000
 0.00001794600,4.64000,3.60000
 0.00001794800,4.64000,3.60000
 0.00001795000,4.64000,4.00000
 0.00001795200,4.64000,4.00000
 0.00001795400,4.56000,3.60000
 0.00001795600,4.64000,4.00000
 0.00001795800,4.64000,3.60000
 0.00001796000,4.64000,3.60000
 0.00001796200,4.64000,4.00000
 0.00001796400,4.72000,4.00000
 0.00001796600,4.72000,4.00000
 0.00001796800,4.72000,4.00000
 0.00001797000,4.64000,3.60000
 0.00001797200,4.56000,4.00000
 0.00001797400,4.72000,4.00000
 0.00001797600,4.64000,4.00000
 0.00001797800,4.64000,4.00000
 0.00001798000,4.64000,4.00000
 0.00001798200,4.64000,4.00000
 0.00001798400,4.56000,3.60000
 0.00001798600,4.56000,4.00000
 0.00001798800,4.64000,3.60000
 0.00001799000,4.64000,4.00000
 0.00001799200,4.72000,3.60000
 0.00001799400,4.72000,3.60000
 0.00001799600,4.72000,4.00000
 0.00001799800,4.72000,3.60000
 0.00001800000,4.56000,4.00000
 0.00001800200,4.64000,3.60000
 0.00001800400,4.64000,4.00000
 0.00001800600,4.64000,4.00000
 0.00001800800,4.64000,4.00000
 0.00001801000,4.64000,4.00000
 0.00001801200,4.56000,4.00000
 0.00001801400,4.64000,4.00000
 0.00001801600,4.64000,4.00000
 0.00001801800,4.64000,4.00000
 0.00001802000,4.72000,4.00000
 0.00001802200,4.64000,4.00000
 0.00001802400,4.72000,3.60000
 0.00001802600,4.64000,4.00000
 0.00001802800,4.72000,3.60000
 0.00001803000,4.64000,4.00000
 0.00001803200,4.72000,3.60000
 0.00001803400,4.72000,3.60000
 0.00001803600,4.64000,4.00000
 0.00001803800,4.72000,3.60000
 0.00001804000,4.72000,4.00000
 0.00001804200,4.56000,3.60000
 0.00001804400,4.64000,4.00000
 0.00001804600,4.64000,4.00000
 0.00001804800,4.72000,3.60000
 0.00001805000,4.72000,4.00000
 0.00001805200,4.64000,3.60000
 0.00001805400,4.72000,4.00000
 0.00001805600,4.72000,3.60000
 0.00001805800,4.56000,3.60000
 0.00001806000,4.56000,4.00000
 0.00001806200,4.64000,3.60000
 0.00001806400,4.56000,3.60000
 0.00001806600,4.64000,3.60000
 0.00001806800,4.72000,4.00000
 0.00001807000,4.56000,4.00000
 0.00001807200,4.64000,3.60000
 0.00001807400,4.56000,3.60000
 0.00001807600,4.64000,3.60000
 0.00001807800,4.64000,4.00000
 0.00001808000,4.56000,4.00000
 0.00001808200,4.56000,3.60000
 0.00001808400,4.64000,4.00000
 0.00001808600,4.56000,3.60000
 0.00001808800,4.64000,3.60000
 0.00001809000,4.56000,4.00000
 0.00001809200,4.64000,3.60000
 0.00001809400,4.72000,4.00000
 0.00001809600,4.64000,3.60000
 0.00001809800,4.72000,3.60000
 0.00001810000,4.56000,4.00000
 0.00001810200,4.72000,3.60000
 0.00001810400,4.64000,4.00000
 0.00001810600,4.72000,3.60000
 0.00001810800,4.64000,3.60000
 0.00001811000,4.56000,4.00000
 0.00001811200,4.72000,3.60000
 0.00001811400,4.72000,4.00000
 0.00001811600,4.72000,3.60000
 0.00001811800,4.72000,3.60000
 0.00001812000,4.72000,4.00000
 0.00001812200,4.72000,3.60000
 0.00001812400,4.64000,4.00000
 0.00001812600,4.72000,3.60000
 0.00001812800,4.56000,4.00000
 0.00001813000,4.64000,4.00000
 0.00001813200,4.56000,3.60000
 0.00001813400,4.72000,4.00000
 0.00001813600,4.64000,4.00000
 0.00001813800,4.64000,4.00000
 0.00001814000,4.56000,4.00000
 0.00001814200,4.64000,3.60000
 0.00001814400,4.64000,4.00000
 0.00001814600,4.56000,4.00000
 0.00001814800,4.64000,3.60000
 0.00001815000,4.64000,4.00000
 0.00001815200,4.72000,3.60000
 0.00001815400,4.56000,4.00000
 0.00001815600,4.56000,3.60000
 0.00001815800,4.64000,3.60000
 0.00001816000,4.72000,3.60000
 0.00001816200,4.56000,3.60000
 0.00001816400,4.56000,3.60000
 0.00001816600,4.64000,3.60000
 0.00001816800,4.64000,3.60000
 0.00001817000,4.72000,3.60000
 0.00001817200,4.64000,3.60000
 0.00001817400,4.64000,3.60000
 0.00001817600,4.72000,4.00000
 0.00001817800,4.56000,3.60000
 0.00001818000,4.72000,3.60000
 0.00001818200,4.56000,3.60000
 0.00001818400,4.64000,3.60000
 0.00001818600,4.64000,4.00000
 0.00001818800,4.64000,3.60000
 0.00001819000,4.64000,3.60000
 0.00001819200,4.72000,4.00000
 0.00001819400,4.56000,3.60000
 0.00001819600,4.64000,3.60000
 0.00001819800,4.64000,3.60000
 0.00001820000,4.64000,3.60000
 0.00001820200,4.64000,4.00000
 0.00001820400,4.72000,4.00000
 0.00001820600,4.64000,3.60000
 0.00001820800,4.72000,3.60000
 0.00001821000,4.64000,3.60000
 0.00001821200,4.56000,4.00000
 0.00001821400,4.72000,4.00000
 0.00001821600,4.72000,3.60000
 0.00001821800,4.64000,3.60000
 0.00001822000,4.64000,4.00000
 0.00001822200,4.64000,4.00000
 0.00001822400,4.80000,3.60000
 0.00001822600,4.72000,3.60000
 0.00001822800,4.64000,3.60000
 0.00001823000,4.72000,4.00000
 0.00001823200,4.72000,4.00000
 0.00001823400,4.72000,3.60000
 0.00001823600,4.72000,3.60000
 0.00001823800,4.64000,3.60000
 0.00001824000,4.64000,3.60000
 0.00001824200,4.64000,4.00000
 0.00001824400,4.72000,3.60000
 0.00001824600,4.64000,3.60000
 0.00001824800,4.72000,4.00000
 0.00001825000,4.56000,3.60000
 0.00001825200,4.64000,4.00000
 0.00001825400,4.72000,3.60000
 0.00001825600,4.64000,3.60000
 0.00001825800,4.64000,4.00000
 0.00001826000,4.64000,4.00000
 0.00001826200,4.64000,4.00000
 0.00001826400,4.56000,4.00000
 0.00001826600,4.64000,3.60000
 0.00001826800,4.64000,3.60000
 0.00001827000,4.72000,4.00000
 0.00001827200,4.72000,4.00000
 0.00001827400,4.72000,4.00000
 0.00001827600,4.64000,4.00000
 0.00001827800,4.72000,3.60000
 0.00001828000,4.72000,4.00000
 0.00001828200,4.72000,4.00000
 0.00001828400,4.72000,3.60000
 0.00001828600,4.64000,4.00000
 0.00001828800,4.72000,4.00000
 0.00001829000,4.64000,4.00000
 0.00001829200,4.72000,3.60000
 0.00001829400,4.64000,3.60000
 0.00001829600,4.80000,3.60000
 0.00001829800,4.72000,4.00000
 0.00001830000,4.72000,3.60000
 0.00001830200,4.72000,3.60000
 0.00001830400,4.72000,4.00000
 0.00001830600,4.72000,3.60000
 0.00001830800,4.64000,3.60000
 0.00001831000,4.64000,3.60000
 0.00001831200,4.64000,4.00000
 0.00001831400,4.56000,4.00000
 0.00001831600,4.64000,4.00000
 0.00001831800,4.64000,3.60000
 0.00001832000,4.64000,3.60000
 0.00001832200,4.64000,4.00000
 0.00001832400,4.64000,4.00000
 0.00001832600,4.64000,4.00000
 0.00001832800,4.72000,4.00000
 0.00001833000,4.72000,3.60000
 0.00001833200,4.64000,4.00000
 0.00001833400,4.64000,4.00000
 0.00001833600,4.72000,3.60000
 0.00001833800,4.72000,4.00000
 0.00001834000,4.72000,4.00000
 0.00001834200,4.72000,4.00000
 0.00001834400,4.72000,4.00000
 0.00001834600,4.64000,3.60000
 0.00001834800,4.72000,4.00000
 0.00001835000,4.80000,4.00000
 0.00001835200,4.72000,3.60000
 0.00001835400,4.72000,4.00000
 0.00001835600,4.72000,4.00000
 0.00001835800,4.72000,4.00000
 0.00001836000,4.64000,4.00000
 0.00001836200,4.72000,3.60000
 0.00001836400,4.56000,4.00000
 0.00001836600,4.80000,4.00000
 0.00001836800,4.72000,4.00000
 0.00001837000,4.72000,4.00000
 0.00001837200,4.72000,4.00000
 0.00001837400,4.72000,4.00000
 0.00001837600,4.64000,4.00000
 0.00001837800,4.56000,4.00000
 0.00001838000,4.64000,3.60000
 0.00001838200,4.64000,4.00000
 0.00001838400,4.56000,3.60000
 0.00001838600,4.64000,4.00000
 0.00001838800,4.56000,3.60000
 0.00001839000,4.72000,3.60000
 0.00001839200,4.72000,4.00000
 0.00001839400,4.56000,3.60000
 0.00001839600,4.64000,4.00000
 0.00001839800,4.64000,3.60000
 0.00001840000,4.72000,3.60000
 0.00001840200,4.72000,4.00000
 0.00001840400,4.64000,3.60000
 0.00001840600,4.72000,4.00000
 0.00001840800,4.72000,4.00000
 0.00001841000,4.64000,3.60000
 0.00001841200,4.72000,4.00000
 0.00001841400,4.64000,3.60000
 0.00001841600,4.80000,3.60000
 0.00001841800,4.64000,4.00000
 0.00001842000,4.72000,3.60000
 0.00001842200,4.80000,4.00000
 0.00001842400,4.64000,3.60000
 0.00001842600,4.64000,3.60000
 0.00001842800,4.64000,4.00000
 0.00001843000,4.72000,3.60000
 0.00001843200,4.64000,3.60000
 0.00001843400,4.56000,3.60000
 0.00001843600,4.56000,4.00000
 0.00001843800,4.64000,4.00000
 0.00001844000,4.56000,3.60000
 0.00001844200,4.64000,3.60000
 0.00001844400,4.56000,4.00000
 0.00001844600,4.56000,4.00000
 0.00001844800,4.56000,4.00000
 0.00001845000,4.64000,3.60000
 0.00001845200,4.64000,3.60000
 0.00001845400,4.72000,4.00000
 0.00001845600,4.72000,4.00000
 0.00001845800,4.72000,4.00000
 0.00001846000,4.64000,3.60000
 0.00001846200,4.72000,3.60000
 0.00001846400,4.64000,4.00000
 0.00001846600,4.72000,4.00000
 0.00001846800,4.64000,3.60000
 0.00001847000,4.64000,3.60000
 0.00001847200,4.72000,4.00000
 0.00001847400,4.64000,4.00000
 0.00001847600,4.80000,3.60000
 0.00001847800,4.64000,3.60000
 0.00001848000,4.72000,3.60000
 0.00001848200,4.72000,4.00000
 0.00001848400,4.72000,3.60000
 0.00001848600,4.72000,3.60000
 0.00001848800,4.64000,4.00000
 0.00001849000,4.64000,3.60000
 0.00001849200,4.64000,4.00000
 0.00001849400,4.80000,3.60000
 0.00001849600,4.56000,4.00000
 0.00001849800,4.56000,4.00000
 0.00001850000,4.64000,4.00000
 0.00001850200,4.56000,4.00000
 0.00001850400,4.56000,3.60000
 0.00001850600,4.64000,4.00000
 0.00001850800,4.64000,3.60000
 0.00001851000,4.64000,4.00000
 0.00001851200,4.72000,4.00000
 0.00001851400,4.64000,3.60000
 0.00001851600,4.72000,3.60000
 0.00001851800,4.72000,3.60000
 0.00001852000,4.64000,4.00000
 0.00001852200,4.72000,4.00000
 0.00001852400,4.72000,4.00000
 0.00001852600,4.72000,3.60000
 0.00001852800,4.64000,4.00000
 0.00001853000,4.56000,4.00000
 0.00001853200,4.64000,4.00000
 0.00001853400,4.72000,4.00000
 0.00001853600,4.72000,3.60000
 0.00001853800,4.72000,4.00000
 0.00001854000,4.72000,4.00000
 0.00001854200,4.72000,4.00000
 0.00001854400,4.72000,4.00000
 0.00001854600,4.64000,3.60000
 0.00001854800,4.72000,3.60000
 0.00001855000,4.72000,4.00000
 0.00001855200,4.72000,3.60000
 0.00001855400,4.72000,4.00000
 0.00001855600,4.72000,4.00000
 0.00001855800,4.72000,3.60000
 0.00001856000,4.64000,4.00000
 0.00001856200,4.72000,3.60000
 0.00001856400,4.64000,4.00000
 0.00001856600,4.72000,4.00000
 0.00001856800,4.64000,4.00000
 0.00001857000,4.64000,4.00000
 0.00001857200,4.56000,4.00000
 0.00001857400,4.72000,4.00000
 0.00001857600,4.64000,4.00000
 0.00001857800,4.56000,4.00000
 0.00001858000,4.64000,4.00000
 0.00001858200,4.64000,4.00000
 0.00001858400,4.72000,3.60000
 0.00001858600,4.72000,4.00000
 0.00001858800,4.72000,3.60000
 0.00001859000,4.72000,4.00000
 0.00001859200,4.64000,4.00000
 0.00001859400,4.72000,3.60000
 0.00001859600,4.72000,3.60000
 0.00001859800,4.72000,3.60000
 0.00001860000,4.64000,3.60000
 0.00001860200,4.64000,4.00000
 0.00001860400,4.64000,4.00000
 0.00001860600,4.80000,3.60000
 0.00001860800,4.72000,3.60000
 0.00001861000,4.72000,3.60000
 0.00001861200,4.72000,4.00000
 0.00001861400,4.72000,4.00000
 0.00001861600,4.72000,3.60000
 0.00001861800,4.64000,3.60000
 0.00001862000,4.64000,3.60000
 0.00001862200,4.72000,4.00000
 0.00001862400,4.72000,3.60000
 0.00001862600,4.64000,3.60000
 0.00001862800,4.72000,4.00000
 0.00001863000,4.64000,3.60000
 0.00001863200,4.64000,3.60000
 0.00001863400,4.64000,3.60000
 0.00001863600,4.64000,3.60000
 0.00001863800,4.72000,4.00000
 0.00001864000,4.64000,4.00000
 0.00001864200,4.72000,3.60000
 0.00001864400,4.72000,4.00000
 0.00001864600,4.72000,3.60000
 0.00001864800,4.64000,4.00000
 0.00001865000,4.64000,4.00000
 0.00001865200,4.64000,4.00000
 0.00001865400,4.72000,4.00000
 0.00001865600,4.64000,3.60000
 0.00001865800,4.72000,4.00000
 0.00001866000,4.64000,4.00000
 0.00001866200,4.72000,4.00000
 0.00001866400,4.72000,4.00000
 0.00001866600,4.72000,3.60000
 0.00001866800,4.72000,3.60000
 0.00001867000,4.72000,4.00000
 0.00001867200,4.72000,4.00000
 0.00001867400,4.64000,4.00000
 0.00001867600,4.72000,3.60000
 0.00001867800,4.72000,3.60000
 0.00001868000,4.72000,3.60000
 0.00001868200,4.72000,4.00000
 0.00001868400,4.64000,4.00000
 0.00001868600,4.64000,3.60000
 0.00001868800,4.64000,4.00000
 0.00001869000,4.72000,3.60000
 0.00001869200,4.64000,3.60000
 0.00001869400,4.72000,4.00000
 0.00001869600,4.72000,4.00000
 0.00001869800,4.56000,4.00000
 0.00001870000,4.72000,4.00000
 0.00001870200,4.72000,3.60000
 0.00001870400,4.72000,3.60000
 0.00001870600,4.72000,4.00000
 0.00001870800,4.72000,4.00000
 0.00001871000,4.72000,4.00000
 0.00001871200,4.64000,4.00000
 0.00001871400,4.64000,3.60000
 0.00001871600,4.64000,3.60000
 0.00001871800,4.72000,4.00000
 0.00001872000,4.64000,3.60000
 0.00001872200,4.72000,4.00000
 0.00001872400,4.64000,4.00000
 0.00001872600,4.80000,3.60000
 0.00001872800,4.72000,4.00000
 0.00001873000,4.72000,3.60000
 0.00001873200,4.72000,3.60000
 0.00001873400,4.64000,4.00000
 0.00001873600,4.80000,3.60000
 0.00001873800,4.56000,4.00000
 0.00001874000,4.64000,3.60000
 0.00001874200,4.72000,3.60000
 0.00001874400,4.72000,3.60000
 0.00001874600,4.72000,3.60000
 0.00001874800,4.72000,4.00000
 0.00001875000,4.64000,3.60000
 0.00001875200,4.72000,4.00000
 0.00001875400,4.72000,3.60000
 0.00001875600,4.72000,4.00000
 0.00001875800,4.72000,4.00000
 0.00001876000,4.72000,4.00000
 0.00001876200,4.64000,4.00000
 0.00001876400,4.72000,3.60000
 0.00001876600,4.72000,4.00000
 0.00001876800,4.72000,3.60000
 0.00001877000,4.64000,4.00000
 0.00001877200,4.72000,4.00000
 0.00001877400,4.72000,3.60000
 0.00001877600,4.72000,3.60000
 0.00001877800,4.64000,3.60000
 0.00001878000,4.72000,4.00000
 0.00001878200,4.72000,4.00000
 0.00001878400,4.72000,3.60000
 0.00001878600,4.64000,3.60000
 0.00001878800,4.64000,4.00000
 0.00001879000,4.64000,4.00000
 0.00001879200,4.72000,3.60000
 0.00001879400,4.72000,3.60000
 0.00001879600,4.72000,3.60000
 0.00001879800,4.64000,4.00000
 0.00001880000,4.64000,3.60000
 0.00001880200,4.56000,3.60000
 0.00001880400,4.64000,3.60000
 0.00001880600,4.72000,3.60000
 0.00001880800,4.56000,3.60000
 0.00001881000,4.56000,3.60000
 0.00001881200,4.56000,4.00000
 0.00001881400,4.64000,3.60000
 0.00001881600,4.64000,3.60000
 0.00001881800,4.56000,3.60000
 0.00001882000,4.56000,3.60000
 0.00001882200,4.64000,4.00000
 0.00001882400,4.72000,3.60000
 0.00001882600,4.72000,3.60000
 0.00001882800,4.64000,3.60000
 0.00001883000,4.72000,3.60000
 0.00001883200,4.72000,4.00000
 0.00001883400,4.72000,3.60000
 0.00001883600,4.64000,3.60000
 0.00001883800,4.72000,3.60000
 0.00001884000,4.72000,4.00000
 0.00001884200,4.72000,4.00000
 0.00001884400,4.64000,4.00000
 0.00001884600,4.64000,3.60000
 0.00001884800,4.72000,4.00000
 0.00001885000,4.72000,4.00000
 0.00001885200,4.80000,3.60000
 0.00001885400,4.72000,4.00000
 0.00001885600,4.72000,3.60000
 0.00001885800,4.64000,4.00000
 0.00001886000,4.64000,3.60000
 0.00001886200,4.72000,3.60000
 0.00001886400,4.64000,3.60000
 0.00001886600,4.72000,3.60000
 0.00001886800,4.64000,4.00000
 0.00001887000,4.64000,3.60000
 0.00001887200,4.64000,4.00000
 0.00001887400,4.56000,3.60000
 0.00001887600,4.64000,3.60000
 0.00001887800,4.56000,4.00000
 0.00001888000,4.72000,3.60000
 0.00001888200,4.64000,4.00000
 0.00001888400,4.64000,3.60000
 0.00001888600,4.72000,3.60000
 0.00001888800,4.72000,4.00000
 0.00001889000,4.64000,3.60000
 0.00001889200,4.72000,3.60000
 0.00001889400,4.72000,3.60000
 0.00001889600,4.64000,4.00000
 0.00001889800,4.72000,4.00000
 0.00001890000,4.72000,4.00000
 0.00001890200,4.80000,3.60000
 0.00001890400,4.72000,3.60000
 0.00001890600,4.64000,4.00000
 0.00001890800,4.72000,4.00000
 0.00001891000,4.80000,4.00000
 0.00001891200,4.80000,3.60000
 0.00001891400,4.64000,3.60000
 0.00001891600,4.72000,4.00000
 0.00001891800,4.64000,4.00000
 0.00001892000,4.80000,3.60000
 0.00001892200,4.64000,3.60000
 0.00001892400,4.64000,3.60000
 0.00001892600,4.64000,4.00000
 0.00001892800,4.72000,3.60000
 0.00001893000,4.64000,3.60000
 0.00001893200,4.72000,3.60000
 0.00001893400,4.64000,3.60000
 0.00001893600,4.72000,3.60000
 0.00001893800,4.64000,3.60000
 0.00001894000,4.64000,3.60000
 0.00001894200,4.72000,3.60000
 0.00001894400,4.72000,4.00000
 0.00001894600,4.72000,3.60000
 0.00001894800,4.56000,4.00000
 0.00001895000,4.72000,3.60000
 0.00001895200,4.64000,4.00000
 0.00001895400,4.72000,4.00000
 0.00001895600,4.64000,4.00000
 0.00001895800,4.64000,4.00000
 0.00001896000,4.80000,4.00000
 0.00001896200,4.72000,4.00000
 0.00001896400,4.64000,3.60000
 0.00001896600,4.72000,4.00000
 0.00001896800,4.80000,4.00000
 0.00001897000,4.72000,4.00000
 0.00001897200,4.64000,3.60000
 0.00001897400,4.72000,3.60000
 0.00001897600,4.64000,4.00000
 0.00001897800,4.64000,4.00000
 0.00001898000,4.64000,3.60000
 0.00001898200,4.72000,3.60000
 0.00001898400,4.80000,3.60000
 0.00001898600,4.64000,4.00000
 0.00001898800,4.72000,3.60000
 0.00001899000,4.72000,3.60000
 0.00001899200,4.72000,3.60000
 0.00001899400,4.72000,3.60000
 0.00001899600,4.64000,3.60000
 0.00001899800,4.72000,3.60000
 0.00001900000,4.64000,4.00000
 0.00001900200,4.72000,3.60000
 0.00001900400,4.64000,4.00000
 0.00001900600,4.64000,3.60000
 0.00001900800,4.64000,3.60000
 0.00001901000,4.64000,4.00000
 0.00001901200,4.72000,4.00000
 0.00001901400,4.72000,4.00000
 0.00001901600,4.72000,3.60000
 0.00001901800,4.72000,3.60000
 0.00001902000,4.72000,4.00000
 0.00001902200,4.72000,4.00000
 0.00001902400,4.80000,4.00000
 0.00001902600,4.72000,3.60000
 0.00001902800,4.72000,4.00000
 0.00001903000,4.80000,4.00000
 0.00001903200,4.72000,4.00000
 0.00001903400,4.72000,4.00000
 0.00001903600,4.72000,4.00000
 0.00001903800,4.80000,4.00000
 0.00001904000,4.64000,3.60000
 0.00001904200,4.64000,4.00000
 0.00001904400,4.72000,4.00000
 0.00001904600,4.72000,4.00000
 0.00001904800,4.64000,3.60000
 0.00001905000,4.80000,3.60000
 0.00001905200,4.72000,4.00000
 0.00001905400,4.72000,4.00000
 0.00001905600,4.64000,4.00000
 0.00001905800,4.64000,3.60000
 0.00001906000,4.56000,4.00000
 0.00001906200,4.72000,4.00000
 0.00001906400,4.64000,4.00000
 0.00001906600,4.64000,4.00000
 0.00001906800,4.72000,4.00000
 0.00001907000,4.64000,4.00000
 0.00001907200,4.72000,4.00000
 0.00001907400,4.72000,4.00000
 0.00001907600,4.72000,3.60000
 0.00001907800,4.80000,4.00000
 0.00001908000,4.72000,3.60000
 0.00001908200,4.64000,4.00000
 0.00001908400,4.64000,4.00000
 0.00001908600,4.80000,3.60000
 0.00001908800,4.72000,3.60000
 0.00001909000,4.72000,3.60000
 0.00001909200,4.72000,4.00000
 0.00001909400,4.72000,4.00000
 0.00001909600,4.80000,4.00000
 0.00001909800,4.80000,3.60000
 0.00001910000,4.72000,3.60000
 0.00001910200,4.80000,4.00000
 0.00001910400,4.64000,4.00000
 0.00001910600,4.64000,4.00000
 0.00001910800,4.72000,3.60000
 0.00001911000,4.72000,3.60000
 0.00001911200,4.72000,3.60000
 0.00001911400,4.64000,4.00000
 0.00001911600,4.72000,4.00000
 0.00001911800,4.72000,3.60000
 0.00001912000,4.72000,3.60000
 0.00001912200,4.64000,3.60000
 0.00001912400,4.56000,4.00000
 0.00001912600,4.72000,4.00000
 0.00001912800,4.64000,3.60000
 0.00001913000,4.56000,3.60000
 0.00001913200,4.64000,4.00000
 0.00001913400,4.72000,4.00000
 0.00001913600,4.72000,3.60000
 0.00001913800,4.72000,3.60000
 0.00001914000,4.72000,3.60000
 0.00001914200,4.80000,4.00000
 0.00001914400,4.72000,4.00000
 0.00001914600,4.64000,3.60000
 0.00001914800,4.72000,3.60000
 0.00001915000,4.64000,3.60000
 0.00001915200,4.72000,3.60000
 0.00001915400,4.72000,4.00000
 0.00001915600,4.64000,3.60000
 0.00001915800,4.72000,3.60000
 0.00001916000,4.80000,4.00000
 0.00001916200,4.64000,3.60000
 0.00001916400,4.80000,3.60000
 0.00001916600,4.72000,3.60000
 0.00001916800,4.72000,3.60000
 0.00001917000,4.72000,4.00000
 0.00001917200,4.72000,3.60000
 0.00001917400,4.72000,3.60000
 0.00001917600,4.72000,4.00000
 0.00001917800,4.72000,3.60000
 0.00001918000,4.64000,3.60000
 0.00001918200,4.72000,3.60000
 0.00001918400,4.72000,4.00000
 0.00001918600,4.72000,4.00000
 0.00001918800,4.64000,4.00000
 0.00001919000,4.64000,3.60000
 0.00001919200,4.72000,4.00000
 0.00001919400,4.64000,4.00000
 0.00001919600,4.64000,3.60000
 0.00001919800,4.80000,4.00000
 0.00001920000,4.72000,4.00000
 0.00001920200,4.64000,4.00000
 0.00001920400,4.72000,3.60000
 0.00001920600,4.64000,3.60000
 0.00001920800,4.56000,3.60000
 0.00001921000,4.72000,4.00000
 0.00001921200,4.64000,3.60000
 0.00001921400,4.80000,3.60000
 0.00001921600,4.80000,4.00000
 0.00001921800,4.64000,3.60000
 0.00001922000,4.72000,4.00000
 0.00001922200,4.64000,3.60000
 0.00001922400,4.72000,3.60000
 0.00001922600,4.72000,4.00000
 0.00001922800,4.72000,3.60000
 0.00001923000,4.80000,4.00000
 0.00001923200,4.80000,4.00000
 0.00001923400,4.72000,3.60000
 0.00001923600,4.72000,4.00000
 0.00001923800,4.72000,3.60000
 0.00001924000,4.64000,4.00000
 0.00001924200,4.72000,4.00000
 0.00001924400,4.64000,4.00000
 0.00001924600,4.72000,4.00000
 0.00001924800,4.72000,3.60000
 0.00001925000,4.72000,4.00000
 0.00001925200,4.64000,4.00000
 0.00001925400,4.72000,4.00000
 0.00001925600,4.64000,4.00000
 0.00001925800,4.56000,3.60000
 0.00001926000,4.64000,4.00000
 0.00001926200,4.72000,4.00000
 0.00001926400,4.64000,3.60000
 0.00001926600,4.72000,4.00000
 0.00001926800,4.64000,4.00000
 0.00001927000,4.80000,4.00000
 0.00001927200,4.72000,4.00000
 0.00001927400,4.72000,3.60000
 0.00001927600,4.64000,3.60000
 0.00001927800,4.72000,4.00000
 0.00001928000,4.64000,4.00000
 0.00001928200,4.72000,4.00000
 0.00001928400,4.80000,3.60000
 0.00001928600,4.64000,3.60000
 0.00001928800,4.72000,4.00000
 0.00001929000,4.64000,4.00000
 0.00001929200,4.72000,3.60000
 0.00001929400,4.72000,3.60000
 0.00001929600,4.72000,3.60000
 0.00001929800,4.72000,4.00000
 0.00001930000,4.64000,4.00000
 0.00001930200,4.72000,3.60000
 0.00001930400,4.72000,4.00000
 0.00001930600,4.64000,3.60000
 0.00001930800,4.72000,3.60000
 0.00001931000,4.64000,4.00000
 0.00001931200,4.56000,3.60000
 0.00001931400,4.72000,4.00000
 0.00001931600,4.72000,3.60000
 0.00001931800,4.72000,3.60000
 0.00001932000,4.72000,4.00000
 0.00001932200,4.56000,3.60000
 0.00001932400,4.72000,4.00000
 0.00001932600,4.72000,3.60000
 0.00001932800,4.64000,3.60000
 0.00001933000,4.72000,4.00000
 0.00001933200,4.80000,4.00000
 0.00001933400,4.72000,4.00000
 0.00001933600,4.72000,4.00000
 0.00001933800,4.72000,3.60000
 0.00001934000,4.72000,3.60000
 0.00001934200,4.80000,4.00000
 0.00001934400,4.64000,4.00000
 0.00001934600,4.72000,4.00000
 0.00001934800,4.80000,4.00000
 0.00001935000,4.72000,3.60000
 0.00001935200,4.80000,3.60000
 0.00001935400,4.64000,4.00000
 0.00001935600,4.72000,3.60000
 0.00001935800,4.72000,4.00000
 0.00001936000,4.80000,3.60000
 0.00001936200,4.64000,3.60000
 0.00001936400,4.64000,4.00000
 0.00001936600,4.64000,3.60000
 0.00001936800,4.64000,3.60000
 0.00001937000,4.64000,3.60000
 0.00001937200,4.72000,3.60000
 0.00001937400,4.64000,4.00000
 0.00001937600,4.64000,4.00000
 0.00001937800,4.72000,3.60000
 0.00001938000,4.72000,3.60000
 0.00001938200,4.72000,3.60000
 0.00001938400,4.72000,4.00000
 0.00001938600,4.72000,4.00000
 0.00001938800,4.72000,4.00000
 0.00001939000,4.72000,3.60000
 0.00001939200,4.80000,3.60000
 0.00001939400,4.72000,4.00000
 0.00001939600,4.72000,4.00000
 0.00001939800,4.72000,4.00000
 0.00001940000,4.80000,4.00000
 0.00001940200,4.80000,3.60000
 0.00001940400,4.72000,4.00000
 0.00001940600,4.80000,4.00000
 0.00001940800,4.72000,4.00000
 0.00001941000,4.64000,4.00000
 0.00001941200,4.64000,4.00000
 0.00001941400,4.72000,4.00000
 0.00001941600,4.72000,3.60000
 0.00001941800,4.72000,4.00000
 0.00001942000,4.64000,3.60000
 0.00001942200,4.64000,4.00000
 0.00001942400,4.80000,4.00000
 0.00001942600,4.72000,3.60000
 0.00001942800,4.72000,3.60000
 0.00001943000,4.72000,3.60000
 0.00001943200,4.72000,4.00000
 0.00001943400,4.72000,4.00000
 0.00001943600,4.72000,3.60000
 0.00001943800,4.64000,3.60000
 0.00001944000,4.64000,4.00000
 0.00001944200,4.64000,4.00000
 0.00001944400,4.64000,4.00000
 0.00001944600,4.72000,3.60000
 0.00001944800,4.72000,4.00000
 0.00001945000,4.64000,4.00000
 0.00001945200,4.72000,3.60000
 0.00001945400,4.64000,4.00000
 0.00001945600,4.80000,3.60000
 0.00001945800,4.64000,4.00000
 0.00001946000,4.72000,3.60000
 0.00001946200,4.72000,3.60000
 0.00001946400,4.80000,3.60000
 0.00001946600,4.80000,3.60000
 0.00001946800,4.72000,4.00000
 0.00001947000,4.80000,3.60000
 0.00001947200,4.72000,4.00000
 0.00001947400,4.72000,3.60000
 0.00001947600,4.64000,4.00000
 0.00001947800,4.72000,4.00000
 0.00001948000,4.72000,4.00000
 0.00001948200,4.72000,4.00000
 0.00001948400,4.64000,4.00000
 0.00001948600,4.64000,4.00000
 0.00001948800,4.80000,4.00000
 0.00001949000,4.72000,4.00000
 0.00001949200,4.72000,3.60000
 0.00001949400,4.72000,4.00000
 0.00001949600,4.72000,4.00000
 0.00001949800,4.64000,4.00000
 0.00001950000,4.72000,3.60000
 0.00001950200,4.72000,3.60000
 0.00001950400,4.64000,3.60000
 0.00001950600,4.64000,4.00000
 0.00001950800,4.72000,4.00000
 0.00001951000,4.72000,3.60000
 0.00001951200,4.80000,3.60000
 0.00001951400,4.64000,3.60000
 0.00001951600,4.72000,4.00000
 0.00001951800,4.64000,4.00000
 0.00001952000,4.80000,3.60000
 0.00001952200,4.56000,3.60000
 0.00001952400,4.72000,3.60000
 0.00001952600,4.72000,4.00000
 0.00001952800,4.72000,3.60000
 0.00001953000,4.64000,3.60000
 0.00001953200,4.80000,4.00000
 0.00001953400,4.80000,3.60000
 0.00001953600,4.72000,3.60000
 0.00001953800,4.64000,3.60000
 0.00001954000,4.80000,4.00000
 0.00001954200,4.80000,4.00000
 0.00001954400,4.72000,3.60000
 0.00001954600,4.72000,3.60000
 0.00001954800,4.72000,4.00000
 0.00001955000,4.72000,4.00000
 0.00001955200,4.64000,4.00000
 0.00001955400,4.64000,3.60000
 0.00001955600,4.64000,4.00000
 0.00001955800,4.64000,4.00000
 0.00001956000,4.64000,3.60000
 0.00001956200,4.72000,4.00000
 0.00001956400,4.64000,3.60000
 0.00001956600,4.72000,4.00000
 0.00001956800,4.72000,4.00000
 0.00001957000,4.72000,3.60000
 0.00001957200,4.72000,3.60000
 0.00001957400,4.72000,3.60000
 0.00001957600,4.72000,4.00000
 0.00001957800,4.64000,4.00000
 0.00001958000,4.72000,3.60000
 0.00001958200,4.80000,3.60000
 0.00001958400,4.80000,3.60000
 0.00001958600,4.72000,4.00000
 0.00001958800,4.72000,4.00000
 0.00001959000,4.80000,3.60000
 0.00001959200,4.80000,4.00000
 0.00001959400,4.80000,3.60000
 0.00001959600,4.80000,4.00000
 0.00001959800,4.80000,4.00000
 0.00001960000,4.72000,4.00000
 0.00001960200,4.72000,4.00000
 0.00001960400,4.64000,4.00000
 0.00001960600,4.72000,4.00000
 0.00001960800,4.80000,3.60000
 0.00001961000,4.72000,4.00000
 0.00001961200,4.72000,4.00000
 0.00001961400,4.80000,4.00000
 0.00001961600,4.64000,4.00000
 0.00001961800,4.64000,3.60000
 0.00001962000,4.64000,3.60000
 0.00001962200,4.72000,4.00000
 0.00001962400,4.64000,4.00000
 0.00001962600,4.72000,4.00000
 0.00001962800,4.64000,4.00000
 0.00001963000,4.72000,3.60000
 0.00001963200,4.72000,4.00000
 0.00001963400,4.64000,4.00000
 0.00001963600,4.64000,3.60000
 0.00001963800,4.72000,4.00000
 0.00001964000,4.72000,3.60000
 0.00001964200,4.72000,4.00000
 0.00001964400,4.72000,3.60000
 0.00001964600,4.72000,3.60000
 0.00001964800,4.80000,3.60000
 0.00001965000,4.64000,3.60000
 0.00001965200,4.72000,3.60000
 0.00001965400,4.72000,3.60000
 0.00001965600,4.72000,3.60000
 0.00001965800,4.80000,3.60000
 0.00001966000,4.80000,4.00000
 0.00001966200,4.80000,3.60000
 0.00001966400,4.72000,4.00000
 0.00001966600,4.64000,3.60000
 0.00001966800,4.80000,3.60000
 0.00001967000,4.80000,4.00000
 0.00001967200,4.64000,3.60000
 0.00001967400,4.64000,4.00000
 0.00001967600,4.72000,4.00000
 0.00001967800,4.72000,3.60000
 0.00001968000,4.72000,4.00000
 0.00001968200,4.64000,3.60000
 0.00001968400,4.64000,4.00000
 0.00001968600,4.72000,4.00000
 0.00001968800,4.72000,3.60000
 0.00001969000,4.64000,4.00000
 0.00001969200,4.72000,4.00000
 0.00001969400,4.72000,4.00000
 0.00001969600,4.72000,3.60000
 0.00001969800,4.72000,3.60000
 0.00001970000,4.72000,4.00000
 0.00001970200,4.72000,4.00000
 0.00001970400,4.72000,3.60000
 0.00001970600,4.64000,3.60000
 0.00001970800,4.64000,4.00000
 0.00001971000,4.80000,4.00000
 0.00001971200,4.72000,3.60000
 0.00001971400,4.72000,3.60000
 0.00001971600,4.80000,4.00000
 0.00001971800,4.72000,4.00000
 0.00001972000,4.80000,3.60000
 0.00001972200,4.72000,3.60000
 0.00001972400,4.72000,3.60000
 0.00001972600,4.80000,4.00000
 0.00001972800,4.80000,3.60000
 0.00001973000,4.72000,3.60000
 0.00001973200,4.72000,4.00000
 0.00001973400,4.64000,3.60000
 0.00001973600,4.64000,3.60000
 0.00001973800,4.72000,3.60000
 0.00001974000,4.64000,3.60000
 0.00001974200,4.72000,4.00000
 0.00001974400,4.72000,4.00000
 0.00001974600,4.72000,3.60000
 0.00001974800,4.72000,4.00000
 0.00001975000,4.72000,3.60000
 0.00001975200,4.64000,4.00000
 0.00001975400,4.72000,4.00000
 0.00001975600,4.72000,3.60000
 0.00001975800,4.80000,4.00000
 0.00001976000,4.72000,4.00000
 0.00001976200,4.64000,4.00000
 0.00001976400,4.80000,4.00000
 0.00001976600,4.72000,3.60000
 0.00001976800,4.80000,4.00000
 0.00001977000,4.72000,4.00000
 0.00001977200,4.72000,4.00000
 0.00001977400,4.80000,4.00000
 0.00001977600,4.72000,4.00000
 0.00001977800,4.72000,4.00000
 0.00001978000,4.72000,3.60000
 0.00001978200,4.72000,4.00000
 0.00001978400,4.80000,3.60000
 0.00001978600,4.72000,4.00000
 0.00001978800,4.72000,4.00000
 0.00001979000,4.72000,3.60000
 0.00001979200,4.72000,4.00000
 0.00001979400,4.72000,3.60000
 0.00001979600,4.64000,3.60000
 0.00001979800,4.72000,4.00000
 0.00001980000,4.64000,4.00000
 0.00001980200,4.64000,4.00000
 0.00001980400,4.64000,4.00000
 0.00001980600,4.72000,3.60000
 0.00001980800,4.72000,3.60000
 0.00001981000,4.64000,4.00000
 0.00001981200,4.56000,3.60000
 0.00001981400,4.64000,4.00000
 0.00001981600,4.64000,4.00000
 0.00001981800,4.72000,3.60000
 0.00001982000,4.80000,3.60000
 0.00001982200,4.72000,3.60000
 0.00001982400,4.64000,3.60000
 0.00001982600,4.64000,4.00000
 0.00001982800,4.64000,3.60000
 0.00001983000,4.80000,3.60000
 0.00001983200,4.80000,3.60000
 0.00001983400,4.64000,3.60000
 0.00001983600,4.72000,4.00000
 0.00001983800,4.72000,3.60000
 0.00001984000,4.72000,3.60000
 0.00001984200,4.80000,3.60000
 0.00001984400,4.80000,3.60000
 0.00001984600,4.80000,4.00000
 0.00001984800,4.72000,3.60000
 0.00001985000,4.72000,3.60000
 0.00001985200,4.72000,4.00000
 0.00001985400,4.72000,3.60000
 0.00001985600,4.64000,4.00000
 0.00001985800,4.72000,3.60000
 0.00001986000,4.72000,4.00000
 0.00001986200,4.80000,4.00000
 0.00001986400,4.72000,4.00000
 0.00001986600,4.64000,4.00000
 0.00001986800,4.56000,4.00000
 0.00001987000,4.72000,4.00000
 0.00001987200,4.72000,4.00000
 0.00001987400,4.64000,4.00000
 0.00001987600,4.64000,4.00000
 0.00001987800,4.64000,4.00000
 0.00001988000,4.64000,3.60000
 0.00001988200,4.64000,4.00000
 0.00001988400,4.64000,3.60000
 0.00001988600,4.64000,4.00000
 0.00001988800,4.80000,3.60000
 0.00001989000,4.72000,3.60000
 0.00001989200,4.80000,3.60000
 0.00001989400,4.80000,3.60000
 0.00001989600,4.72000,4.00000
 0.00001989800,4.80000,3.60000
 0.00001990000,4.80000,3.60000
 0.00001990200,4.72000,3.60000
 0.00001990400,4.72000,3.60000
 0.00001990600,4.64000,4.00000
 0.00001990800,4.80000,4.00000
 0.00001991000,4.80000,3.60000
 0.00001991200,4.80000,3.60000
 0.00001991400,4.64000,3.60000
 0.00001991600,4.72000,4.00000
 0.00001991800,4.72000,4.00000
 0.00001992000,4.64000,3.60000
 0.00001992200,4.72000,3.60000
 0.00001992400,4.72000,4.00000
 0.00001992600,4.64000,4.00000
 0.00001992800,4.72000,3.60000
 0.00001993000,4.64000,3.60000
 0.00001993200,4.64000,3.60000
 0.00001993400,4.72000,4.00000
 0.00001993600,4.72000,4.00000
 0.00001993800,4.56000,3.60000
 0.00001994000,4.64000,4.00000
 0.00001994200,4.72000,3.60000
 0.00001994400,4.72000,3.60000
 0.00001994600,4.72000,4.00000
 0.00001994800,4.72000,4.00000
 0.00001995000,4.72000,4.00000
 0.00001995200,4.72000,4.00000
 0.00001995400,4.72000,3.60000
 0.00001995600,4.64000,3.60000
 0.00001995800,4.80000,4.00000
 0.00001996000,4.80000,3.60000
 0.00001996200,4.72000,4.00000
 0.00001996400,4.80000,4.00000
 0.00001996600,4.72000,3.60000
 0.00001996800,4.72000,4.00000
 0.00001997000,4.72000,3.60000
 0.00001997200,4.64000,3.60000
 0.00001997400,4.80000,4.00000
 0.00001997600,4.80000,4.00000
 0.00001997800,4.72000,4.00000
 0.00001998000,4.72000,4.00000
 0.00001998200,4.72000,3.60000
 0.00001998400,4.64000,4.00000
 0.00001998600,4.72000,4.00000
 0.00001998800,4.72000,3.60000
 0.00001999000,4.72000,4.00000
 0.00001999200,4.56000,4.00000
 0.00001999400,4.72000,4.00000
 0.00001999600,4.72000,4.00000
 0.00001999800,4.72000,3.60000
 0.00002000000,4.72000,4.00000
 0.00002000200,4.64000,4.00000
 0.00002000400,4.72000,4.00000
 0.00002000600,4.80000,4.00000
 0.00002000800,4.72000,3.60000
 0.00002001000,4.64000,4.00000
 0.00002001200,4.72000,4.00000
 0.00002001400,4.72000,4.00000
 0.00002001600,4.72000,3.60000
 0.00002001800,4.72000,3.60000
 0.00002002000,4.72000,4.00000
 0.00002002200,4.80000,4.00000
 0.00002002400,4.80000,3.60000
 0.00002002600,4.72000,3.60000
 0.00002002800,4.80000,4.00000
 0.00002003000,4.80000,4.00000
 0.00002003200,4.72000,4.00000
 0.00002003400,4.64000,3.60000
 0.00002003600,4.64000,4.00000
 0.00002003800,4.72000,4.00000
 0.00002004000,4.80000,3.60000
 0.00002004200,4.72000,4.00000
 0.00002004400,4.64000,4.00000
 0.00002004600,4.72000,4.00000
 0.00002004800,4.64000,4.00000
 0.00002005000,4.64000,3.60000
 0.00002005200,4.64000,3.60000
 0.00002005400,4.64000,4.00000
 0.00002005600,4.72000,3.60000
 0.00002005800,4.72000,4.00000
 0.00002006000,4.72000,3.60000
 0.00002006200,4.72000,3.60000
 0.00002006400,4.72000,4.00000
 0.00002006600,4.72000,3.60000
 0.00002006800,4.80000,3.60000
 0.00002007000,4.72000,3.60000
 0.00002007200,4.64000,4.00000
 0.00002007400,4.72000,4.00000
 0.00002007600,4.80000,3.60000
 0.00002007800,4.72000,3.60000
 0.00002008000,4.80000,4.00000
 0.00002008200,4.72000,4.00000
 0.00002008400,4.72000,4.00000
 0.00002008600,4.80000,3.60000
 0.00002008800,4.80000,3.60000
 0.00002009000,4.72000,4.00000
 0.00002009200,4.72000,4.00000
 0.00002009400,4.80000,4.00000
 0.00002009600,4.80000,4.00000
 0.00002009800,4.64000,3.60000
 0.00002010000,4.64000,4.00000
 0.00002010200,4.72000,4.00000
 0.00002010400,4.72000,3.60000
 0.00002010600,4.72000,4.00000
 0.00002010800,4.72000,4.00000
 0.00002011000,4.64000,4.00000
 0.00002011200,4.64000,3.60000
 0.00002011400,4.72000,3.60000
 0.00002011600,4.64000,3.60000
 0.00002011800,4.72000,4.00000
 0.00002012000,4.64000,4.00000
 0.00002012200,4.72000,3.60000
 0.00002012400,4.72000,4.00000
 0.00002012600,4.72000,3.60000
 0.00002012800,4.64000,4.00000
 0.00002013000,4.72000,4.00000
 0.00002013200,4.64000,3.60000
 0.00002013400,4.80000,4.00000
 0.00002013600,4.64000,4.00000
 0.00002013800,4.72000,4.00000
 0.00002014000,4.72000,3.60000
 0.00002014200,4.72000,3.60000
 0.00002014400,4.80000,4.00000
 0.00002014600,4.64000,4.00000
 0.00002014800,4.72000,3.60000
 0.00002015000,4.72000,3.60000
 0.00002015200,4.80000,3.60000
 0.00002015400,4.80000,4.00000
 0.00002015600,4.72000,3.60000
 0.00002015800,4.80000,3.60000
 0.00002016000,4.80000,4.00000
 0.00002016200,4.72000,3.60000
 0.00002016400,4.72000,4.00000
 0.00002016600,4.80000,3.60000
 0.00002016800,4.72000,4.00000
 0.00002017000,4.72000,4.00000
 0.00002017200,4.56000,4.00000
 0.00002017400,4.72000,4.00000
 0.00002017600,4.64000,4.00000
 0.00002017800,4.64000,4.00000
 0.00002018000,4.64000,4.00000
 0.00002018200,4.64000,4.00000
 0.00002018400,4.64000,3.60000
 0.00002018600,4.72000,4.00000
 0.00002018800,4.72000,3.60000
 0.00002019000,4.72000,4.00000
 0.00002019200,4.64000,4.00000
 0.00002019400,4.72000,3.60000
 0.00002019600,4.72000,4.00000
 0.00002019800,4.72000,3.60000
 0.00002020000,4.64000,4.00000
 0.00002020200,4.64000,4.00000
 0.00002020400,4.72000,4.00000
 0.00002020600,4.72000,4.00000
 0.00002020800,4.80000,3.60000
 0.00002021000,4.72000,4.00000
 0.00002021200,4.80000,4.00000
 0.00002021400,4.72000,4.00000
 0.00002021600,4.80000,4.00000
 0.00002021800,4.64000,3.60000
 0.00002022000,4.72000,3.60000
 0.00002022200,4.72000,4.00000
 0.00002022400,4.80000,3.60000
 0.00002022600,4.64000,4.00000
 0.00002022800,4.72000,4.00000
 0.00002023000,4.72000,3.60000
 0.00002023200,4.80000,3.60000
 0.00002023400,4.72000,3.60000
 0.00002023600,4.64000,3.60000
 0.00002023800,4.72000,4.00000
 0.00002024000,4.64000,4.00000
 0.00002024200,4.72000,3.60000
 0.00002024400,4.72000,4.00000
 0.00002024600,4.72000,3.60000
 0.00002024800,4.64000,4.00000
 0.00002025000,4.64000,4.00000
 0.00002025200,4.64000,3.60000
 0.00002025400,4.80000,4.00000
 0.00002025600,4.72000,3.60000
 0.00002025800,4.72000,4.00000
 0.00002026000,4.80000,4.00000
 0.00002026200,4.64000,3.60000
 0.00002026400,4.80000,4.00000
 0.00002026600,4.64000,3.60000
 0.00002026800,4.72000,3.60000
 0.00002027000,4.80000,4.00000
 0.00002027200,4.80000,3.60000
 0.00002027400,4.72000,4.00000
 0.00002027600,4.80000,4.00000
 0.00002027800,4.72000,3.60000
 0.00002028000,4.72000,3.60000
 0.00002028200,4.80000,3.60000
 0.00002028400,4.72000,4.00000
 0.00002028600,4.72000,4.00000
 0.00002028800,4.80000,4.00000
 0.00002029000,4.72000,3.60000
 0.00002029200,4.80000,4.00000
 0.00002029400,4.72000,4.00000
 0.00002029600,4.72000,4.00000
 0.00002029800,4.64000,4.00000
 0.00002030000,4.72000,4.00000
 0.00002030200,4.56000,4.00000
 0.00002030400,4.64000,3.60000
 0.00002030600,4.64000,4.00000
 0.00002030800,4.72000,3.60000
 0.00002031000,4.64000,4.00000
 0.00002031200,4.56000,3.60000
 0.00002031400,4.72000,3.60000
 0.00002031600,4.72000,3.60000
 0.00002031800,4.80000,3.60000
 0.00002032000,4.80000,3.60000
 0.00002032200,4.64000,3.60000
 0.00002032400,4.64000,4.00000
 0.00002032600,4.80000,3.60000
 0.00002032800,4.80000,3.60000
 0.00002033000,4.72000,3.60000
 0.00002033200,4.72000,4.00000
 0.00002033400,4.80000,4.00000
 0.00002033600,4.80000,4.00000
 0.00002033800,4.80000,3.60000
 0.00002034000,4.80000,3.60000
 0.00002034200,4.80000,4.00000
 0.00002034400,4.72000,3.60000
 0.00002034600,4.80000,4.00000
 0.00002034800,4.80000,4.00000
 0.00002035000,4.72000,3.60000
 0.00002035200,4.80000,3.60000
 0.00002035400,4.72000,3.60000
 0.00002035600,4.80000,4.00000
 0.00002035800,4.72000,4.00000
 0.00002036000,4.72000,4.00000
 0.00002036200,4.56000,3.60000
 0.00002036400,4.72000,4.00000
 0.00002036600,4.72000,4.00000
 0.00002036800,4.64000,3.60000
 0.00002037000,4.64000,4.00000
 0.00002037200,4.72000,4.00000
 0.00002037400,4.72000,4.00000
 0.00002037600,4.72000,3.60000
 0.00002037800,4.72000,3.60000
 0.00002038000,4.64000,4.00000
 0.00002038200,4.72000,4.00000
 0.00002038400,4.80000,4.00000
 0.00002038600,4.64000,3.60000
 0.00002038800,4.72000,4.00000
 0.00002039000,4.72000,4.00000
 0.00002039200,4.72000,3.60000
 0.00002039400,4.64000,4.00000
 0.00002039600,4.64000,3.60000
 0.00002039800,4.80000,4.00000
 0.00002040000,4.80000,3.60000
 0.00002040200,4.72000,3.60000
 0.00002040400,4.80000,4.00000
 0.00002040600,4.80000,3.60000
 0.00002040800,4.72000,4.00000
 0.00002041000,4.80000,3.60000
 0.00002041200,4.72000,3.60000
 0.00002041400,4.80000,4.00000
 0.00002041600,4.80000,3.60000
 0.00002041800,4.72000,4.00000
 0.00002042000,4.72000,4.00000
 0.00002042200,4.72000,3.60000
 0.00002042400,4.72000,4.00000
 0.00002042600,4.72000,3.60000
 0.00002042800,4.64000,4.00000
 0.00002043000,4.72000,4.00000
 0.00002043200,4.64000,4.00000
 0.00002043400,4.64000,4.00000
 0.00002043600,4.56000,3.60000
 0.00002043800,4.72000,4.00000
 0.00002044000,4.72000,3.60000
 0.00002044200,4.72000,4.00000
 0.00002044400,4.64000,4.00000
 0.00002044600,4.72000,3.60000
 0.00002044800,4.72000,4.00000
 0.00002045000,4.64000,3.60000
 0.00002045200,4.72000,3.60000
 0.00002045400,4.72000,4.00000
 0.00002045600,4.64000,3.60000
 0.00002045800,4.72000,4.00000
 0.00002046000,4.72000,3.60000
 0.00002046200,4.72000,3.60000
 0.00002046400,4.64000,3.60000
 0.00002046600,4.72000,3.60000
 0.00002046800,4.72000,3.60000
 0.00002047000,4.80000,3.60000
 0.00002047200,4.72000,3.60000
 0.00002047400,4.64000,3.60000
 0.00002047600,4.64000,4.00000
 0.00002047800,4.64000,3.60000
 0.00002048000,4.72000,3.60000
 0.00002048200,4.64000,3.60000
 0.00002048400,4.72000,3.60000
 0.00002048600,4.64000,4.00000
 0.00002048800,4.64000,3.60000
 0.00002049000,4.64000,3.60000
 0.00002049200,4.72000,3.60000
 0.00002049400,4.64000,3.60000
 0.00002049600,4.64000,3.60000
 0.00002049800,4.56000,3.60000
 0.00002050000,4.64000,3.60000
 0.00002050200,4.72000,3.60000
 0.00002050400,4.64000,3.60000
 0.00002050600,4.72000,3.60000
 0.00002050800,4.72000,4.00000
 0.00002051000,4.64000,3.60000
 0.00002051200,4.80000,3.60000
 0.00002051400,4.80000,3.60000
 0.00002051600,4.72000,3.60000
 0.00002051800,4.80000,4.00000
 0.00002052000,4.80000,3.60000
 0.00002052200,4.64000,3.60000
 0.00002052400,4.72000,4.00000
 0.00002052600,4.80000,3.60000
 0.00002052800,4.72000,3.60000
 0.00002053000,4.72000,3.60000
 0.00002053200,4.64000,4.00000
 0.00002053400,4.80000,4.00000
 0.00002053600,4.80000,4.00000
 0.00002053800,4.64000,3.60000
 0.00002054000,4.64000,3.60000
 0.00002054200,4.64000,4.00000
 0.00002054400,4.64000,3.60000
 0.00002054600,4.64000,4.00000
 0.00002054800,4.72000,3.60000
 0.00002055000,4.64000,3.60000
 0.00002055200,4.64000,3.60000
 0.00002055400,4.64000,3.60000
 0.00002055600,4.64000,3.60000
 0.00002055800,4.72000,3.60000
 0.00002056000,4.64000,3.60000
 0.00002056200,4.72000,3.60000
 0.00002056400,4.72000,4.00000
 0.00002056600,4.72000,3.60000
 0.00002056800,4.64000,4.00000
 0.00002057000,4.64000,3.60000
 0.00002057200,4.72000,3.60000
 0.00002057400,4.80000,4.00000
 0.00002057600,4.64000,3.60000
 0.00002057800,4.80000,4.00000
 0.00002058000,4.72000,4.00000
 0.00002058200,4.72000,3.60000
 0.00002058400,4.80000,4.00000
 0.00002058600,4.64000,3.60000
 0.00002058800,4.72000,4.00000
 0.00002059000,4.72000,4.00000
 0.00002059200,4.80000,3.60000
 0.00002059400,4.64000,4.00000
 0.00002059600,4.80000,3.60000
 0.00002059800,4.72000,4.00000
 0.00002060000,4.64000,3.60000
 0.00002060200,4.64000,3.60000
 0.00002060400,4.80000,3.60000
 0.00002060600,4.72000,3.60000
 0.00002060800,4.64000,3.60000
 0.00002061000,4.64000,3.60000
 0.00002061200,4.56000,4.00000
 0.00002061400,4.72000,3.60000
 0.00002061600,4.72000,3.60000
 0.00002061800,4.72000,3.60000
 0.00002062000,4.72000,4.00000
 0.00002062200,4.64000,4.00000
 0.00002062400,4.72000,3.60000
 0.00002062600,4.64000,3.60000
 0.00002062800,4.72000,3.60000
 0.00002063000,4.72000,4.00000
 0.00002063200,4.72000,3.60000
 0.00002063400,4.72000,3.60000
 0.00002063600,4.64000,4.00000
 0.00002063800,4.72000,3.60000
 0.00002064000,4.72000,3.60000
 0.00002064200,4.72000,3.60000
 0.00002064400,4.72000,3.60000
 0.00002064600,4.64000,4.00000
 0.00002064800,4.72000,4.00000
 0.00002065000,4.64000,3.60000
 0.00002065200,4.72000,3.60000
 0.00002065400,4.72000,3.60000
 0.00002065600,4.80000,3.60000
 0.00002065800,4.72000,4.00000
 0.00002066000,4.80000,4.00000
 0.00002066200,4.80000,3.60000
 0.00002066400,4.80000,3.60000
 0.00002066600,4.72000,3.60000
 0.00002066800,4.64000,4.00000
 0.00002067000,4.72000,4.00000
 0.00002067200,4.72000,4.00000
 0.00002067400,4.72000,3.60000
 0.00002067600,4.72000,4.00000
 0.00002067800,4.72000,4.00000
 0.00002068000,4.64000,4.00000
 0.00002068200,4.64000,4.00000
 0.00002068400,4.64000,3.60000
 0.00002068600,4.80000,4.00000
 0.00002068800,4.72000,3.60000
 0.00002069000,4.72000,4.00000
 0.00002069200,4.72000,4.00000
 0.00002069400,4.64000,3.60000
 0.00002069600,4.80000,4.00000
 0.00002069800,4.72000,3.60000
 0.00002070000,4.80000,3.60000
 0.00002070200,4.80000,4.00000
 0.00002070400,4.80000,4.00000
 0.00002070600,4.64000,4.00000
 0.00002070800,4.72000,3.60000
 0.00002071000,4.80000,3.60000
 0.00002071200,4.72000,3.60000
 0.00002071400,4.72000,4.00000
 0.00002071600,4.72000,4.00000
 0.00002071800,4.80000,3.60000
 0.00002072000,4.72000,4.00000
 0.00002072200,4.64000,3.60000
 0.00002072400,4.72000,3.60000
 0.00002072600,4.72000,4.00000
 0.00002072800,4.64000,3.60000
 0.00002073000,4.64000,4.00000
 0.00002073200,4.64000,4.00000
 0.00002073400,4.64000,3.60000
 0.00002073600,4.72000,3.60000
 0.00002073800,4.72000,3.60000
 0.00002074000,4.72000,3.60000
 0.00002074200,4.64000,4.00000
 0.00002074400,4.72000,3.60000
 0.00002074600,4.64000,3.60000
 0.00002074800,4.72000,3.60000
 0.00002075000,4.80000,3.60000
 0.00002075200,4.64000,3.60000
 0.00002075400,4.72000,3.60000
 0.00002075600,4.72000,4.00000
 0.00002075800,4.72000,3.60000
 0.00002076000,4.80000,4.00000
 0.00002076200,4.72000,3.60000
 0.00002076400,4.72000,3.60000
 0.00002076600,4.64000,4.00000
 0.00002076800,4.64000,3.60000
 0.00002077000,4.64000,4.00000
 0.00002077200,4.80000,3.60000
 0.00002077400,4.72000,3.60000
 0.00002077600,4.72000,3.60000
 0.00002077800,4.72000,3.60000
 0.00002078000,4.80000,4.00000
 0.00002078200,4.72000,3.60000
 0.00002078400,4.72000,3.60000
 0.00002078600,4.72000,3.60000
 0.00002078800,4.72000,4.00000
 0.00002079000,4.72000,4.00000
 0.00002079200,4.72000,4.00000
 0.00002079400,4.72000,3.60000
 0.00002079600,4.72000,4.00000
 0.00002079800,4.64000,4.00000
 0.00002080000,4.72000,3.60000
 0.00002080200,4.64000,4.00000
 0.00002080400,4.56000,3.60000
 0.00002080600,4.72000,4.00000
 0.00002080800,4.64000,3.60000
 0.00002081000,4.56000,3.60000
 0.00002081200,4.64000,4.00000
 0.00002081400,4.64000,3.60000
 0.00002081600,4.72000,3.60000
 0.00002081800,4.72000,3.60000
 0.00002082000,4.72000,3.60000
 0.00002082200,4.72000,4.00000
 0.00002082400,4.80000,3.60000
 0.00002082600,4.72000,3.60000
 0.00002082800,4.72000,3.60000
 0.00002083000,4.72000,3.60000
 0.00002083200,4.64000,3.60000
 0.00002083400,4.80000,3.60000
 0.00002083600,4.72000,3.60000
 0.00002083800,4.72000,3.60000
 0.00002084000,4.80000,4.00000
 0.00002084200,4.64000,3.60000
 0.00002084400,4.64000,4.00000
 0.00002084600,4.80000,3.60000
 0.00002084800,4.80000,3.60000
 0.00002085000,4.72000,4.00000
 0.00002085200,4.72000,4.00000
 0.00002085400,4.64000,4.00000
 0.00002085600,4.64000,4.00000
 0.00002085800,4.56000,3.60000
 0.00002086000,4.64000,3.60000
 0.00002086200,4.64000,4.00000
 0.00002086400,4.56000,3.60000
 0.00002086600,4.72000,4.00000
 0.00002086800,4.64000,3.60000
 0.00002087000,4.80000,3.60000
 0.00002087200,4.72000,4.00000
 0.00002087400,4.64000,3.60000
 0.00002087600,4.64000,3.60000
 0.00002087800,4.72000,3.60000
 0.00002088000,4.72000,3.60000
 0.00002088200,4.64000,4.00000
 0.00002088400,4.72000,3.60000
 0.00002088600,4.72000,3.60000
 0.00002088800,4.72000,3.60000
 0.00002089000,4.80000,3.60000
 0.00002089200,4.72000,3.60000
 0.00002089400,4.80000,3.60000
 0.00002089600,4.72000,4.00000
 0.00002089800,4.72000,3.60000
 0.00002090000,4.72000,4.00000
 0.00002090200,4.80000,3.60000
 0.00002090400,4.80000,4.00000
 0.00002090600,4.64000,4.00000
 0.00002090800,4.64000,4.00000
 0.00002091000,4.72000,4.00000
 0.00002091200,4.72000,3.60000
 0.00002091400,4.56000,4.00000
 0.00002091600,4.72000,4.00000
 0.00002091800,4.64000,4.00000
 0.00002092000,4.72000,3.60000
 0.00002092200,4.64000,3.60000
 0.00002092400,4.64000,3.60000
 0.00002092600,4.72000,4.00000
 0.00002092800,4.64000,4.00000
 0.00002093000,4.72000,3.60000
 0.00002093200,4.64000,4.00000
 0.00002093400,4.64000,3.60000
 0.00002093600,4.64000,3.60000
 0.00002093800,4.56000,4.00000
 0.00002094000,4.72000,3.60000
 0.00002094200,4.80000,4.00000
 0.00002094400,4.72000,3.60000
 0.00002094600,4.72000,3.60000
 0.00002094800,4.80000,4.00000
 0.00002095000,4.80000,3.60000
 0.00002095200,4.72000,4.00000
 0.00002095400,4.72000,3.60000
 0.00002095600,4.64000,4.00000
 0.00002095800,4.80000,4.00000
 0.00002096000,4.72000,3.60000
 0.00002096200,4.72000,4.00000
 0.00002096400,4.80000,4.00000
 0.00002096600,4.80000,4.00000
 0.00002096800,4.72000,4.00000
 0.00002097000,4.72000,3.60000
 0.00002097200,4.72000,3.60000
 0.00002097400,4.80000,4.00000
 0.00002097600,4.80000,4.00000
 0.00002097800,4.64000,4.00000
 0.00002098000,4.64000,4.00000
 0.00002098200,4.72000,3.60000
 0.00002098400,4.72000,4.00000
 0.00002098600,4.64000,4.00000
 0.00002098800,4.64000,4.00000
 0.00002099000,4.72000,4.00000
 0.00002099200,4.72000,4.00000
 0.00002099400,4.64000,4.00000
 0.00002099600,4.72000,3.60000
 0.00002099800,4.72000,4.00000
 0.00002100000,4.80000,3.60000
 0.00002100200,4.64000,4.00000
 0.00002100400,4.72000,3.60000
 0.00002100600,4.80000,3.60000
 0.00002100800,4.72000,3.60000
 0.00002101000,4.72000,3.60000
 0.00002101200,4.72000,4.00000
 0.00002101400,4.80000,3.60000
 0.00002101600,4.72000,4.00000
 0.00002101800,4.72000,3.60000
 0.00002102000,4.80000,4.00000
 0.00002102200,4.72000,4.00000
 0.00002102400,4.80000,3.60000
 0.00002102600,4.72000,4.00000
 0.00002102800,4.80000,4.00000
 0.00002103000,4.80000,4.00000
 0.00002103200,4.80000,4.00000
 0.00002103400,4.72000,3.60000
 0.00002103600,4.72000,4.00000
 0.00002103800,4.64000,4.00000
 0.00002104000,4.72000,3.60000
 0.00002104200,4.64000,4.00000
 0.00002104400,4.72000,3.60000
 0.00002104600,4.72000,4.00000
 0.00002104800,4.72000,3.60000
 0.00002105000,4.64000,3.60000
 0.00002105200,4.64000,4.00000
 0.00002105400,4.72000,3.60000
 0.00002105600,4.72000,3.60000
 0.00002105800,4.64000,3.60000
 0.00002106000,4.72000,4.00000
 0.00002106200,4.64000,4.00000
 0.00002106400,4.72000,3.60000
 0.00002106600,4.64000,3.60000
 0.00002106800,4.72000,3.60000
 0.00002107000,4.72000,4.00000
 0.00002107200,4.64000,3.60000
 0.00002107400,4.72000,3.60000
 0.00002107600,4.72000,4.00000
 0.00002107800,4.80000,3.60000
 0.00002108000,4.72000,4.00000
 0.00002108200,4.64000,3.60000
 0.00002108400,4.64000,4.00000
 0.00002108600,4.64000,4.00000
 0.00002108800,4.80000,3.60000
 0.00002109000,4.72000,4.00000
 0.00002109200,4.72000,3.60000
 0.00002109400,4.64000,4.00000
 0.00002109600,4.72000,4.00000
 0.00002109800,4.72000,3.60000
 0.00002110000,4.72000,3.60000
 0.00002110200,4.64000,3.60000
 0.00002110400,4.72000,3.60000
 0.00002110600,4.72000,4.00000
 0.00002110800,4.64000,3.60000
 0.00002111000,4.72000,3.60000
 0.00002111200,4.72000,4.00000
 0.00002111400,4.80000,3.60000
 0.00002111600,4.72000,4.00000
 0.00002111800,4.72000,3.60000
 0.00002112000,4.72000,4.00000
 0.00002112200,4.64000,4.00000
 0.00002112400,4.72000,3.60000
 0.00002112600,4.72000,4.00000
 0.00002112800,4.80000,3.60000
 0.00002113000,4.64000,4.00000
 0.00002113200,4.80000,4.00000
 0.00002113400,4.80000,3.60000
 0.00002113600,4.72000,3.60000
 0.00002113800,4.72000,3.60000
 0.00002114000,4.72000,4.00000
 0.00002114200,4.80000,4.00000
 0.00002114400,4.72000,4.00000
 0.00002114600,4.72000,3.60000
 0.00002114800,4.80000,3.60000
 0.00002115000,4.80000,4.00000
 0.00002115200,4.80000,4.00000
 0.00002115400,4.64000,4.00000
 0.00002115600,4.72000,4.00000
 0.00002115800,4.72000,3.60000
 0.00002116000,4.80000,3.60000
 0.00002116200,4.72000,4.00000
 0.00002116400,4.72000,3.60000
 0.00002116600,4.72000,4.00000
 0.00002116800,4.64000,4.00000
 0.00002117000,4.56000,3.60000
 0.00002117200,4.64000,3.60000
 0.00002117400,4.64000,3.60000
 0.00002117600,4.64000,3.60000
 0.00002117800,4.64000,4.00000
 0.00002118000,4.72000,3.60000
 0.00002118200,4.64000,3.60000
 0.00002118400,4.72000,3.60000
 0.00002118600,4.72000,3.60000
 0.00002118800,4.72000,3.60000
 0.00002119000,4.80000,3.60000
 0.00002119200,4.80000,4.00000
 0.00002119400,4.64000,3.60000
 0.00002119600,4.80000,3.60000
 0.00002119800,4.72000,3.60000
 0.00002120000,4.72000,3.60000
 0.00002120200,4.80000,4.00000
 0.00002120400,4.80000,3.60000
 0.00002120600,4.72000,3.60000
 0.00002120800,4.80000,4.00000
 0.00002121000,4.72000,3.60000
 0.00002121200,4.72000,4.00000
 0.00002121400,4.80000,3.60000
 0.00002121600,4.80000,4.00000
 0.00002121800,4.72000,4.00000
 0.00002122000,4.64000,4.00000
 0.00002122200,4.80000,4.00000
 0.00002122400,4.80000,4.00000
 0.00002122600,4.72000,4.00000
 0.00002122800,4.64000,4.00000
 0.00002123000,4.72000,4.00000
 0.00002123200,4.72000,3.60000
 0.00002123400,4.64000,4.00000
 0.00002123600,4.64000,3.60000
 0.00002123800,4.72000,4.00000
 0.00002124000,4.64000,3.60000
 0.00002124200,4.64000,3.60000
 0.00002124400,4.64000,4.00000
 0.00002124600,4.64000,3.60000
 0.00002124800,4.72000,4.00000
 0.00002125000,4.64000,3.60000
 0.00002125200,4.72000,3.60000
 0.00002125400,4.64000,4.00000
 0.00002125600,4.72000,3.60000
 0.00002125800,4.72000,4.00000
 0.00002126000,4.80000,3.60000
 0.00002126200,4.80000,3.60000
 0.00002126400,4.72000,4.00000
 0.00002126600,4.64000,3.60000
 0.00002126800,4.64000,3.60000
 0.00002127000,4.72000,3.60000
 0.00002127200,4.80000,3.60000
 0.00002127400,4.64000,4.00000
 0.00002127600,4.80000,4.00000
 0.00002127800,4.72000,3.60000
 0.00002128000,4.72000,3.60000
 0.00002128200,4.72000,3.60000
 0.00002128400,4.64000,3.60000
 0.00002128600,4.80000,4.00000
 0.00002128800,4.64000,4.00000
 0.00002129000,4.56000,3.60000
 0.00002129200,4.32000,4.00000
 0.00002129400,4.00000,3.60000
 0.00002129600,3.52000,3.60000
 0.00002129800,3.04000,4.00000
 0.00002130000,2.48000,3.20000
 0.00002130200,2.16000,4.00000
 0.00002130400,1.84000,3.60000
 0.00002130600,1.60000,3.60000
 0.00002130800,1.44000,3.60000
 0.00002131000,1.20000,3.20000
 0.00002131200,1.04000,3.60000
 0.00002131400,0.96000,3.60000
 0.00002131600,0.88000,3.60000
 0.00002131800,0.72000,3.60000
 0.00002132000,0.72000,4.00000
 0.00002132200,0.56000,3.60000
 0.00002132400,0.56000,4.00000
 0.00002132600,0.48000,3.60000
 0.00002132800,0.32000,3.60000
 0.00002133000,0.40000,4.00000
 0.00002133200,0.32000,4.00000
 0.00002133400,0.32000,4.00000
 0.00002133600,0.24000,4.00000
 0.00002133800,0.24000,3.60000
 0.00002134000,0.24000,4.00000
 0.00002134200,0.24000,4.00000
 0.00002134400,0.32000,4.00000
 0.00002134600,0.24000,4.00000
 0.00002134800,0.24000,4.00000
 0.00002135000,0.16000,4.00000
 0.00002135200,0.16000,4.00000
 0.00002135400,0.08000,4.00000
 0.00002135600,0.16000,3.60000
 0.00002135800,0.16000,4.00000
 0.00002136000,0.16000,3.60000
 0.00002136200,0.16000,4.00000
 0.00002136400,0.16000,4.00000
 0.00002136600,0.08000,3.60000
 0.00002136800,0.08000,3.60000
 0.00002137000,0.16000,3.60000
 0.00002137200,0.16000,3.60000
 0.00002137400,0.16000,4.00000
 0.00002137600,0.08000,4.00000
 0.00002137800,0.16000,3.60000
 0.00002138000,0.00,4.00000
 0.00002138200,0.08000,3.60000
 0.00002138400,0.16000,4.00000
 0.00002138600,0.00,4.00000
 0.00002138800,0.16000,4.00000
 0.00002139000,0.00,4.00000
 0.00002139200,0.16000,3.60000
 0.00002139400,0.00,4.00000
 0.00002139600,0.16000,3.60000
 0.00002139800,0.08000,4.00000
 0.00002140000,0.00,3.60000
 0.00002140200,0.00,3.60000
 0.00002140400,0.08000,4.00000
 0.00002140600,0.08000,3.60000
 0.00002140800,0.00,3.60000
 0.00002141000,0.00,3.60000
 0.00002141200,0.08000,4.00000
 0.00002141400,0.00,4.00000
 0.00002141600,0.00,3.60000
 0.00002141800,0.08000,3.60000
 0.00002142000,0.08000,3.60000
 0.00002142200,0.08000,4.00000
 0.00002142400,0.08000,4.00000
 0.00002142600,0.08000,3.60000
 0.00002142800,0.08000,4.00000
 0.00002143000,0.08000,3.60000
 0.00002143200,0.00,4.00000
 0.00002143400,0.08000,4.00000
 0.00002143600,0.16000,4.00000
 0.00002143800,0.08000,4.00000
 0.00002144000,0.08000,3.60000
 0.00002144200,0.08000,4.00000
 0.00002144400,0.00,4.00000
 0.00002144600,0.00,4.00000
 0.00002144800,0.00,4.00000
 0.00002145000,0.00,3.60000
 0.00002145200,0.08000,4.00000
 0.00002145400,0.00,4.00000
 0.00002145600,0.00,3.60000
 0.00002145800,0.00,4.00000
 0.00002146000,0.00,3.60000
 0.00002146200,0.00,4.00000
 0.00002146400,0.08000,4.00000
 0.00002146600,0.00,3.60000
 0.00002146800,0.08000,4.00000
 0.00002147000,-0.08000,3.60000
 0.00002147200,0.08000,4.00000
 0.00002147400,0.08000,4.00000
 0.00002147600,0.08000,3.60000
 0.00002147800,0.08000,4.00000
 0.00002148000,0.16000,4.00000
 0.00002148200,0.00,4.00000
 0.00002148400,-0.08000,4.00000
 0.00002148600,0.08000,3.60000
 0.00002148800,0.00,3.60000
 0.00002149000,0.08000,4.00000
 0.00002149200,0.00,4.00000
 0.00002149400,0.00,4.00000
 0.00002149600,-0.08000,4.00000
 0.00002149800,-0.08000,3.60000
 0.00002150000,-0.08000,3.60000
 0.00002150200,-0.08000,4.00000
 0.00002150400,0.00,3.60000
 0.00002150600,0.08000,4.00000
 0.00002150800,-0.08000,3.60000
 0.00002151000,0.00,3.60000
 0.00002151200,0.00,4.00000
 0.00002151400,-0.08000,3.60000
 0.00002151600,-0.08000,3.60000
 0.00002151800,0.00,3.60000
 0.00002152000,0.00,4.00000
 0.00002152200,-0.08000,4.00000
 0.00002152400,-0.08000,3.60000
 0.00002152600,-0.08000,3.60000
 0.00002152800,0.00,3.60000
 0.00002153000,0.00,4.00000
 0.00002153200,-0.08000,3.60000
 0.00002153400,-0.08000,3.60000
 0.00002153600,-0.08000,4.00000
 0.00002153800,0.08000,3.60000
 0.00002154000,0.08000,3.60000
 0.00002154200,-0.08000,3.60000
 0.00002154400,0.00,4.00000
 0.00002154600,0.00,4.00000
 0.00002154800,-0.08000,3.60000
 0.00002155000,0.08000,3.60000
 0.00002155200,0.08000,3.60000
 0.00002155400,0.00,4.00000
 0.00002155600,0.00,4.00000
 0.00002155800,-0.08000,3.60000
 0.00002156000,0.00,3.60000
 0.00002156200,0.00,3.60000
 0.00002156400,0.00,3.60000
 0.00002156600,0.00,4.00000
 0.00002156800,-0.08000,4.00000
 0.00002157000,0.00,3.60000
 0.00002157200,-0.08000,4.00000
 0.00002157400,-0.08000,3.60000
 0.00002157600,-0.08000,4.00000
 0.00002157800,-0.08000,4.00000
 0.00002158000,0.00,3.60000
 0.00002158200,-0.08000,4.00000
 0.00002158400,0.08000,3.60000
 0.00002158600,0.00,4.00000
 0.00002158800,0.00,4.00000
 0.00002159000,0.00,3.60000
 0.00002159200,0.00,4.00000
 0.00002159400,-0.08000,3.60000
 0.00002159600,-0.08000,4.00000
 0.00002159800,-0.08000,4.00000
 0.00002160000,0.00,4.00000
 0.00002160200,-0.08000,4.00000
 0.00002160400,0.00,3.60000
 0.00002160600,0.00,4.00000
 0.00002160800,0.08000,3.60000
 0.00002161000,0.00,4.00000
 0.00002161200,0.08000,3.60000
 0.00002161400,0.00,3.60000
 0.00002161600,-0.08000,4.00000
 0.00002161800,0.08000,3.60000
 0.00002162000,-0.08000,4.00000
 0.00002162200,0.00,3.60000
 0.00002162400,0.00,4.00000
 0.00002162600,-0.08000,4.00000
 0.00002162800,-0.08000,4.00000
 0.00002163000,-0.08000,4.00000
 0.00002163200,0.00,3.60000
 0.00002163400,-0.08000,4.00000
 0.00002163600,-0.08000,3.60000
 0.00002163800,-0.08000,4.00000
 0.00002164000,-0.08000,3.60000
 0.00002164200,-0.08000,3.60000
 0.00002164400,0.00,3.60000
 0.00002164600,-0.08000,3.60000
 0.00002164800,-0.08000,3.60000
 0.00002165000,-0.08000,3.60000
 0.00002165200,-0.08000,3.60000
 0.00002165400,-0.08000,3.60000
 0.00002165600,0.00,3.60000
 0.00002165800,-0.08000,3.60000
 0.00002166000,-0.08000,3.60000
 0.00002166200,-0.08000,3.60000
 0.00002166400,0.00,3.60000
 0.00002166600,0.08000,3.60000
 0.00002166800,0.00,4.00000
 0.00002167000,-0.08000,3.60000
 0.00002167200,0.00,4.00000
 0.00002167400,-0.08000,3.60000
 0.00002167600,0.00,3.60000
 0.00002167800,0.00,4.00000
 0.00002168000,0.00,3.60000
 0.00002168200,0.08000,4.00000
 0.00002168400,0.08000,4.00000
 0.00002168600,0.08000,3.60000
 0.00002168800,0.00,4.00000
 0.00002169000,-0.08000,3.60000
 0.00002169200,-0.08000,4.00000
 0.00002169400,-0.08000,4.00000
 0.00002169600,-0.08000,3.60000
 0.00002169800,-0.08000,4.00000
 0.00002170000,0.00,4.00000
 0.00002170200,-0.08000,4.00000
 0.00002170400,0.00,3.60000
 0.00002170600,-0.08000,3.60000
 0.00002170800,0.00,3.60000
 0.00002171000,-0.08000,4.00000
 0.00002171200,0.00,3.60000
 0.00002171400,-0.08000,3.60000
 0.00002171600,0.00,3.60000
 0.00002171800,0.08000,3.60000
 0.00002172000,-0.08000,3.60000
 0.00002172200,0.00,3.60000
 0.00002172400,-0.08000,4.00000
 0.00002172600,-0.08000,3.60000
 0.00002172800,0.00,3.60000
 0.00002173000,0.00,3.60000
 0.00002173200,0.00,3.60000
 0.00002173400,-0.08000,4.00000
 0.00002173600,0.08000,3.60000
 0.00002173800,0.00,3.60000
 0.00002174000,0.00,4.00000
 0.00002174200,0.00,3.60000
 0.00002174400,-0.08000,3.60000
 0.00002174600,0.00,3.60000
 0.00002174800,-0.08000,3.60000
 0.00002175000,0.00,4.00000
 0.00002175200,0.00,4.00000
 0.00002175400,-0.08000,3.60000
 0.00002175600,0.00,4.00000
 0.00002175800,0.00,3.60000
 0.00002176000,0.00,4.00000
 0.00002176200,0.00,4.00000
 0.00002176400,0.00,4.00000
 0.00002176600,-0.08000,4.00000
 0.00002176800,-0.08000,3.60000
 0.00002177000,0.00,4.00000
 0.00002177200,-0.08000,3.60000
 0.00002177400,0.08000,4.00000
 0.00002177600,0.00,3.60000
 0.00002177800,0.00,3.60000
 0.00002178000,0.00,4.00000
 0.00002178200,-0.08000,3.60000
 0.00002178400,0.00,4.00000
 0.00002178600,-0.08000,3.60000
 0.00002178800,-0.08000,3.60000
 0.00002179000,0.00,4.00000
 0.00002179200,0.08000,3.60000
 0.00002179400,0.00,4.00000
 0.00002179600,0.08000,4.00000
 0.00002179800,0.00,3.60000
 0.00002180000,0.08000,4.00000
 0.00002180200,0.08000,3.60000
 0.00002180400,0.00,3.60000
 0.00002180600,0.00,4.00000
 0.00002180800,0.00,4.00000
 0.00002181000,0.00,4.00000
 0.00002181200,0.08000,4.00000
 0.00002181400,0.08000,3.60000
 0.00002181600,0.08000,3.60000
 0.00002181800,0.00,4.00000
 0.00002182000,-0.08000,4.00000
 0.00002182200,0.00,4.00000
 0.00002182400,0.00,4.00000
 0.00002182600,0.00,3.60000
 0.00002182800,-0.08000,4.00000
 0.00002183000,0.00,4.00000
 0.00002183200,0.08000,3.60000
 0.00002183400,-0.08000,4.00000
 0.00002183600,0.00,3.60000
 0.00002183800,-0.08000,4.00000
 0.00002184000,0.00,3.60000
 0.00002184200,-0.08000,3.60000
 0.00002184400,0.08000,3.60000
 0.00002184600,0.00,3.60000
 0.00002184800,0.08000,3.60000
 0.00002185000,0.00,3.60000
 0.00002185200,0.08000,4.00000
 0.00002185400,0.08000,3.60000
 0.00002185600,-0.08000,3.60000
 0.00002185800,0.08000,3.60000
 0.00002186000,0.00,4.00000
 0.00002186200,0.00,4.00000
 0.00002186400,0.08000,4.00000
 0.00002186600,0.00,3.60000
 0.00002186800,0.00,4.00000
 0.00002187000,0.00,4.00000
 0.00002187200,0.00,4.00000
 0.00002187400,0.00,4.00000
 0.00002187600,0.00,3.60000
 0.00002187800,0.00,3.60000
 0.00002188000,0.00,3.60000
 0.00002188200,0.00,4.00000
 0.00002188400,0.00,3.60000
 0.00002188600,-0.08000,3.60000
 0.00002188800,-0.08000,4.00000
 0.00002189000,-0.08000,3.60000
 0.00002189200,0.00,3.60000
 0.00002189400,0.00,3.60000
 0.00002189600,-0.08000,3.60000
 0.00002189800,-0.08000,4.00000
 0.00002190000,0.08000,4.00000
 0.00002190200,0.08000,3.60000
 0.00002190400,0.00,3.60000
 0.00002190600,0.08000,3.60000
 0.00002190800,0.00,4.00000
 0.00002191000,0.00,4.00000
 0.00002191200,0.08000,4.00000
 0.00002191400,0.00,3.60000
 0.00002191600,0.00,4.00000
 0.00002191800,0.08000,4.00000
 0.00002192000,0.08000,3.60000
 0.00002192200,0.00,4.00000
 0.00002192400,0.08000,4.00000
 0.00002192600,0.00,4.00000
 0.00002192800,0.00,3.60000
 0.00002193000,0.00,3.60000
 0.00002193200,-0.08000,3.60000
 0.00002193400,0.00,4.00000
 0.00002193600,0.00,3.60000
 0.00002193800,0.00,3.60000
 0.00002194000,0.08000,4.00000
 0.00002194200,0.00,3.60000
 0.00002194400,0.00,4.00000
 0.00002194600,0.00,3.60000
 0.00002194800,-0.08000,4.00000
 0.00002195000,0.08000,4.00000
 0.00002195200,-0.08000,3.60000
 0.00002195400,0.08000,4.00000
 0.00002195600,0.08000,4.00000
 0.00002195800,-0.08000,4.00000
 0.00002196000,0.00,4.00000
 0.00002196200,0.00,3.60000
 0.00002196400,0.08000,3.60000
 0.00002196600,0.08000,4.00000
 0.00002196800,0.08000,3.60000
 0.00002197000,0.08000,4.00000
 0.00002197200,0.08000,4.00000
 0.00002197400,0.00,3.60000
 0.00002197600,0.08000,4.00000
 0.00002197800,0.08000,3.60000
 0.00002198000,0.08000,4.00000
 0.00002198200,0.08000,4.00000
 0.00002198400,0.08000,4.00000
 0.00002198600,0.00,4.00000
 0.00002198800,0.08000,4.00000
 0.00002199000,0.00,4.00000
 0.00002199200,0.00,3.60000
 0.00002199400,-0.08000,4.00000
 0.00002199600,0.00,4.00000
 0.00002199800,0.00,4.00000
 0.00002200000,0.08000,3.60000
 0.00002200200,0.08000,3.60000
 0.00002200400,0.08000,4.00000
 0.00002200600,0.00,4.00000
 0.00002200800,0.08000,4.00000
 0.00002201000,0.00,3.60000
 0.00002201200,0.00,4.00000
 0.00002201400,0.08000,4.00000
 0.00002201600,0.08000,3.60000
 0.00002201800,0.00,4.00000
 0.00002202000,0.00,4.00000
 0.00002202200,0.08000,4.00000
 0.00002202400,0.00,3.60000
 0.00002202600,0.00,3.60000
 0.00002202800,0.08000,4.00000
 0.00002203000,0.00,4.00000
 0.00002203200,0.00,3.60000
 0.00002203400,0.00,3.60000
 0.00002203600,0.00,3.60000
 0.00002203800,0.08000,4.00000
 0.00002204000,0.08000,3.60000
 0.00002204200,0.08000,3.60000
 0.00002204400,0.00,4.00000
 0.00002204600,0.00,3.60000
 0.00002204800,0.08000,4.00000
 0.00002205000,0.08000,3.60000
 0.00002205200,0.08000,3.60000
 0.00002205400,0.00,4.00000
 0.00002205600,0.08000,4.00000
 0.00002205800,0.00,4.00000
 0.00002206000,0.00,3.60000
 0.00002206200,0.08000,3.60000
 0.00002206400,0.00,3.60000
 0.00002206600,0.00,4.00000
 0.00002206800,0.00,4.00000
 0.00002207000,0.08000,3.60000
 0.00002207200,0.00,4.00000
 0.00002207400,0.00,3.60000
 0.00002207600,-0.08000,4.00000
 0.00002207800,0.00,4.00000
 0.00002208000,0.08000,4.00000
 0.00002208200,0.08000,4.00000
 0.00002208400,0.08000,3.60000
 0.00002208600,0.00,4.00000
 0.00002208800,0.00,4.00000
 0.00002209000,0.00,4.00000
 0.00002209200,0.00,3.60000
 0.00002209400,-0.08000,3.60000
 0.00002209600,0.08000,3.60000
 0.00002209800,0.00,4.00000
 0.00002210000,-0.08000,4.00000
 0.00002210200,0.00,3.60000
 0.00002210400,0.08000,3.60000
 0.00002210600,0.16000,3.60000
 0.00002210800,0.00,3.60000
 0.00002211000,0.00,4.00000
 0.00002211200,0.00,4.00000
 0.00002211400,-0.08000,3.60000
 0.00002211600,-0.08000,3.60000
 0.00002211800,0.00,3.60000
 0.00002212000,0.00,3.60000
 0.00002212200,0.00,4.00000
 0.00002212400,0.00,3.60000
 0.00002212600,0.00,3.60000
 0.00002212800,0.08000,3.60000
 0.00002213000,-0.08000,3.60000
 0.00002213200,0.00,3.60000
 0.00002213400,0.00,3.60000
 0.00002213600,0.00,3.60000
 0.00002213800,0.08000,3.60000
 0.00002214000,0.00,3.60000
 0.00002214200,0.08000,3.60000
 0.00002214400,0.08000,4.00000
 0.00002214600,0.00,3.60000
 0.00002214800,0.08000,4.00000
 0.00002215000,0.00,3.60000
 0.00002215200,0.00,3.60000
 0.00002215400,0.08000,4.00000
 0.00002215600,0.00,3.60000
 0.00002215800,0.08000,4.00000
 0.00002216000,0.00,4.00000
 0.00002216200,0.08000,3.60000
 0.00002216400,0.08000,4.00000
 0.00002216600,0.00,3.60000
 0.00002216800,0.08000,4.00000
 0.00002217000,0.00,4.00000
 0.00002217200,0.08000,3.60000
 0.00002217400,0.00,4.00000
 0.00002217600,0.00,3.60000
 0.00002217800,0.00,4.00000
 0.00002218000,0.00,3.60000
 0.00002218200,0.08000,3.60000
 0.00002218400,0.08000,3.60000
 0.00002218600,0.00,3.60000
 0.00002218800,0.08000,4.00000
 0.00002219000,0.00,3.60000
 0.00002219200,0.00,3.60000
 0.00002219400,0.08000,3.60000
 0.00002219600,-0.08000,3.60000
 0.00002219800,0.08000,4.00000
 0.00002220000,0.08000,4.00000
 0.00002220200,0.08000,3.60000
 0.00002220400,0.00,4.00000
 0.00002220600,0.00,3.60000
 0.00002220800,0.08000,4.00000
 0.00002221000,0.08000,4.00000
 0.00002221200,0.00,3.60000
 0.00002221400,0.00,4.00000
 0.00002221600,0.00,4.00000
 0.00002221800,0.00,4.00000
 0.00002222000,0.08000,3.60000
 0.00002222200,0.00,3.60000
 0.00002222400,0.00,3.60000
 0.00002222600,0.00,4.00000
 0.00002222800,0.00,3.60000
 0.00002223000,0.08000,3.60000
 0.00002223200,0.16000,3.60000
 0.00002223400,0.00,3.60000
 0.00002223600,0.00,4.00000
 0.00002223800,0.00,3.60000
 0.00002224000,0.08000,3.60000
 0.00002224200,0.08000,3.60000
 0.00002224400,0.08000,3.60000
 0.00002224600,0.00,4.00000
 0.00002224800,-0.08000,4.00000
 0.00002225000,0.08000,3.60000
 0.00002225200,0.00,3.60000
 0.00002225400,0.08000,3.60000
 0.00002225600,0.08000,4.00000
 0.00002225800,0.00,4.00000
 0.00002226000,0.08000,4.00000
 0.00002226200,-0.08000,3.60000
 0.00002226400,0.08000,3.60000
 0.00002226600,0.00,4.00000
 0.00002226800,0.08000,3.60000
 0.00002227000,0.08000,4.00000
 0.00002227200,0.00,4.00000
 0.00002227400,0.00,3.60000
 0.00002227600,-0.08000,4.00000
 0.00002227800,0.08000,3.60000
 0.00002228000,0.00,3.60000
 0.00002228200,0.00,4.00000
 0.00002228400,0.00,4.00000
 0.00002228600,0.00,4.00000
 0.00002228800,0.08000,3.60000
 0.00002229000,0.08000,3.60000
 0.00002229200,0.00,3.60000
 0.00002229400,0.00,4.00000
 0.00002229600,0.08000,4.00000
 0.00002229800,0.08000,3.60000
 0.00002230000,0.08000,3.60000
 0.00002230200,0.00,3.60000
 0.00002230400,0.08000,4.00000
 0.00002230600,0.08000,4.00000
 0.00002230800,0.00,3.60000
 0.00002231000,0.16000,3.60000
 0.00002231200,0.08000,4.00000
 0.00002231400,0.08000,4.00000
 0.00002231600,0.00,4.00000
 0.00002231800,0.00,3.60000
 0.00002232000,0.00,4.00000
 0.00002232200,0.08000,4.00000
 0.00002232400,0.08000,4.00000
 0.00002232600,0.00,4.00000
 0.00002232800,0.00,4.00000
 0.00002233000,0.08000,4.00000
 0.00002233200,0.08000,3.60000
 0.00002233400,0.08000,4.00000
 0.00002233600,0.08000,4.00000
 0.00002233800,0.08000,4.00000
 0.00002234000,0.00,4.00000
 0.00002234200,0.08000,3.60000
 0.00002234400,0.08000,4.00000
 0.00002234600,0.08000,4.00000
 0.00002234800,0.00,4.00000
 0.00002235000,0.00,4.00000
 0.00002235200,0.00,4.00000
 0.00002235400,0.08000,4.00000
 0.00002235600,0.00,3.60000
 0.00002235800,0.00,4.00000
 0.00002236000,0.00,4.00000
 0.00002236200,0.08000,4.00000
 0.00002236400,0.00,3.60000
 0.00002236600,0.00,3.60000
 0.00002236800,0.00,4.00000
 0.00002237000,0.00,4.00000
 0.00002237200,0.08000,3.60000
 0.00002237400,0.00,3.60000
 0.00002237600,0.08000,3.60000
 0.00002237800,0.00,4.00000
 0.00002238000,0.00,3.60000
 0.00002238200,0.08000,3.60000
 0.00002238400,0.00,3.60000
 0.00002238600,0.08000,3.60000
 0.00002238800,0.00,4.00000
 0.00002239000,0.00,3.60000
 0.00002239200,0.08000,4.00000
 0.00002239400,0.00,3.60000
 0.00002239600,0.08000,3.60000
 0.00002239800,0.08000,4.00000
 0.00002240000,0.08000,3.60000
 0.00002240200,0.00,4.00000
 0.00002240400,0.08000,3.60000
 0.00002240600,0.08000,3.60000
 0.00002240800,0.08000,3.60000
 0.00002241000,0.16000,3.60000
 0.00002241200,0.08000,4.00000
 0.00002241400,0.16000,3.60000
 0.00002241600,0.08000,4.00000
 0.00002241800,0.08000,3.60000
 0.00002242000,0.16000,4.00000
 0.00002242200,0.08000,4.00000
 0.00002242400,0.08000,4.00000
 0.00002242600,0.00,4.00000
 0.00002242800,0.00,4.00000
 0.00002243000,0.08000,4.00000
 0.00002243200,0.08000,3.60000
 0.00002243400,0.00,4.00000
 0.00002243600,0.00,4.00000
 0.00002243800,0.08000,4.00000
 0.00002244000,0.08000,3.60000
 0.00002244200,0.00,3.60000
 0.00002244400,0.00,3.60000
 0.00002244600,0.08000,4.00000
 0.00002244800,0.08000,3.60000
 0.00002245000,0.08000,3.60000
 0.00002245200,0.00,3.60000
 0.00002245400,0.00,3.60000
 0.00002245600,0.00,3.60000
 0.00002245800,0.00,3.60000
 0.00002246000,0.08000,3.60000
 0.00002246200,0.00,3.60000
 0.00002246400,0.00,3.60000
 0.00002246600,0.00,3.60000
 0.00002246800,0.16000,3.60000
 0.00002247000,0.08000,3.60000
 0.00002247200,0.16000,3.60000
 0.00002247400,0.00,3.60000
 0.00002247600,0.08000,4.00000
 0.00002247800,0.08000,3.60000
 0.00002248000,0.08000,3.60000
 0.00002248200,0.08000,3.60000
 0.00002248400,0.16000,4.00000
 0.00002248600,0.00,4.00000
 0.00002248800,0.08000,4.00000
 0.00002249000,0.08000,3.60000
 0.00002249200,0.00,3.60000
 0.00002249400,0.08000,4.00000
 0.00002249600,0.00,4.00000
 0.00002249800,0.00,4.00000
 0.00002250000,0.00,4.00000
 0.00002250200,0.00,3.60000
 0.00002250400,0.08000,3.60000
 0.00002250600,0.00,4.00000
 0.00002250800,0.00,3.60000
 0.00002251000,0.00,4.00000
 0.00002251200,0.00,3.60000
 0.00002251400,0.00,3.60000
 0.00002251600,0.08000,3.60000
 0.00002251800,0.00,3.60000
 0.00002252000,-0.08000,3.60000
 0.00002252200,0.00,3.60000
 0.00002252400,0.08000,3.60000
 0.00002252600,0.08000,3.60000
 0.00002252800,0.08000,3.60000
 0.00002253000,0.08000,3.60000
 0.00002253200,0.00,4.00000
 0.00002253400,0.08000,3.60000
 0.00002253600,0.00,4.00000
 0.00002253800,0.00,3.60000
 0.00002254000,0.08000,4.00000
 0.00002254200,-0.08000,4.00000
 0.00002254400,0.00,3.60000
 0.00002254600,0.08000,4.00000
 0.00002254800,0.08000,3.60000
 0.00002255000,0.00,4.00000
 0.00002255200,-0.08000,4.00000
 0.00002255400,0.08000,3.60000
 0.00002255600,0.08000,4.00000
 0.00002255800,0.00,3.60000
 0.00002256000,-0.08000,4.00000
 0.00002256200,0.00,4.00000
 0.00002256400,0.00,4.00000
 0.00002256600,0.00,4.00000
 0.00002256800,0.08000,3.60000
 0.00002257000,0.00,4.00000
 0.00002257200,0.08000,4.00000
 0.00002257400,-0.08000,4.00000
 0.00002257600,0.00,3.60000
 0.00002257800,-0.08000,3.60000
 0.00002258000,0.00,3.60000
 0.00002258200,0.00,4.00000
 0.00002258400,-0.08000,3.60000
 0.00002258600,-0.08000,3.60000
 0.00002258800,0.00,4.00000
 0.00002259000,0.08000,3.60000
 0.00002259200,0.00,3.60000
 0.00002259400,-0.08000,3.60000
 0.00002259600,0.00,4.00000
 0.00002259800,-0.08000,4.00000
 0.00002260000,0.08000,4.00000
 0.00002260200,0.00,3.60000
 0.00002260400,0.00,3.60000
 0.00002260600,-0.08000,4.00000
 0.00002260800,-0.08000,4.00000
 0.00002261000,-0.08000,4.00000
 0.00002261200,-0.08000,3.60000
 0.00002261400,0.00,3.60000
 0.00002261600,0.00,3.60000
 0.00002261800,0.00,4.00000
 0.00002262000,0.08000,4.00000
 0.00002262200,-0.08000,3.60000
 0.00002262400,0.00,4.00000
 0.00002262600,0.00,3.60000
 0.00002262800,0.00,3.60000
 0.00002263000,-0.08000,4.00000
 0.00002263200,0.00,4.00000
 0.00002263400,0.00,4.00000
 0.00002263600,0.00,4.00000
 0.00002263800,0.00,3.60000
 0.00002264000,0.00,3.60000
 0.00002264200,0.00,4.00000
 0.00002264400,-0.08000,4.00000
 0.00002264600,0.00,4.00000
 0.00002264800,-0.08000,4.00000
 0.00002265000,-0.08000,3.60000
 0.00002265200,-0.08000,4.00000
 0.00002265400,-0.08000,4.00000
 0.00002265600,-0.08000,3.60000
 0.00002265800,-0.08000,4.00000
 0.00002266000,0.00,3.60000
 0.00002266200,-0.08000,4.00000
 0.00002266400,-0.08000,4.00000
 0.00002266600,-0.08000,3.60000
 0.00002266800,-0.08000,3.60000
 0.00002267000,-0.08000,3.60000
 0.00002267200,0.00,3.60000
 0.00002267400,-0.08000,4.00000
 0.00002267600,0.00,3.60000
 0.00002267800,-0.08000,3.60000
 0.00002268000,0.00,3.60000
 0.00002268200,0.00,3.60000
 0.00002268400,-0.08000,4.00000
 0.00002268600,0.00,3.60000
 0.00002268800,-0.08000,4.00000
 0.00002269000,-0.16000,3.60000
 0.00002269200,-0.16000,4.00000
 0.00002269400,-0.16000,4.00000
 0.00002269600,-0.16000,4.00000
 0.00002269800,-0.08000,4.00000
 0.00002270000,-0.16000,3.60000
 0.00002270200,-0.16000,4.00000
 0.00002270400,-0.08000,3.60000
 0.00002270600,-0.08000,4.00000
 0.00002270800,-0.08000,3.60000
 0.00002271000,-0.08000,3.60000
 0.00002271200,-0.16000,4.00000
 0.00002271400,0.00,3.60000
 0.00002271600,-0.16000,3.60000
 0.00002271800,-0.08000,3.60000
 0.00002272000,-0.16000,4.00000
 0.00002272200,-0.16000,4.00000
 0.00002272400,-0.16000,4.00000
 0.00002272600,-0.08000,3.60000
 0.00002272800,-0.08000,3.60000
 0.00002273000,-0.16000,4.00000
 0.00002273200,0.00,3.60000
 0.00002273400,-0.16000,4.00000
 0.00002273600,-0.16000,3.60000
 0.00002273800,-0.16000,3.60000
 0.00002274000,-0.08000,3.60000
 0.00002274200,-0.08000,3.60000
 0.00002274400,-0.16000,3.60000
 0.00002274600,-0.16000,3.60000
 0.00002274800,-0.16000,4.00000
 0.00002275000,-0.16000,3.60000
 0.00002275200,-0.16000,3.60000
 0.00002275400,-0.16000,3.60000
 0.00002275600,-0.08000,3.60000
 0.00002275800,-0.08000,4.00000
 0.00002276000,-0.08000,3.60000
 0.00002276200,-0.08000,3.60000
 0.00002276400,-0.08000,4.00000
 0.00002276600,-0.08000,3.60000
 0.00002276800,-0.16000,4.00000
 0.00002277000,-0.08000,3.60000
 0.00002277200,-0.08000,4.00000
 0.00002277400,-0.08000,4.00000
 0.00002277600,-0.16000,4.00000
 0.00002277800,-0.08000,4.00000
 0.00002278000,-0.08000,4.00000
 0.00002278200,-0.08000,4.00000
 0.00002278400,-0.08000,4.00000
 0.00002278600,-0.16000,4.00000
 0.00002278800,-0.08000,4.00000
 0.00002279000,-0.08000,4.00000
 0.00002279200,-0.16000,3.60000
 0.00002279400,-0.16000,4.00000
 0.00002279600,-0.16000,4.00000
 0.00002279800,-0.16000,4.00000
 0.00002280000,-0.08000,3.60000
 0.00002280200,-0.16000,3.60000
 0.00002280400,-0.08000,4.00000
 0.00002280600,-0.24000,4.00000
 0.00002280800,-0.16000,4.00000
 0.00002281000,-0.16000,3.60000
 0.00002281200,-0.08000,3.60000
 0.00002281400,-0.16000,4.00000
 0.00002281600,-0.24000,3.60000
 0.00002281800,-0.16000,4.00000
 0.00002282000,-0.24000,4.00000
 0.00002282200,-0.24000,3.60000
 0.00002282400,-0.16000,3.60000
 0.00002282600,-0.24000,3.60000
 0.00002282800,-0.24000,4.00000
 0.00002283000,-0.24000,4.00000
 0.00002283200,-0.16000,3.60000
 0.00002283400,-0.24000,3.60000
 0.00002283600,-0.16000,4.00000
 0.00002283800,-0.24000,4.00000
 0.00002284000,-0.24000,3.60000
 0.00002284200,-0.24000,3.60000
 0.00002284400,-0.16000,3.60000
 0.00002284600,-0.24000,4.00000
 0.00002284800,-0.16000,4.00000
 0.00002285000,-0.24000,3.60000
 0.00002285200,-0.24000,3.60000
 0.00002285400,-0.24000,3.60000
 0.00002285600,-0.24000,4.00000
 0.00002285800,-0.24000,4.00000
 0.00002286000,-0.16000,3.60000
 0.00002286200,-0.24000,3.60000
 0.00002286400,-0.08000,3.60000
 0.00002286600,-0.24000,4.00000
 0.00002286800,-0.24000,3.60000
 0.00002287000,-0.16000,3.60000
 0.00002287200,-0.16000,3.60000
 0.00002287400,-0.16000,3.60000
 0.00002287600,-0.08000,4.00000
 0.00002287800,-0.24000,3.60000
 0.00002288000,-0.32000,4.00000
 0.00002288200,-0.16000,3.60000
 0.00002288400,-0.24000,3.60000
 0.00002288600,-0.16000,4.00000
 0.00002288800,-0.16000,4.00000
 0.00002289000,-0.16000,4.00000
 0.00002289200,-0.24000,4.00000
 0.00002289400,-0.24000,3.60000
 0.00002289600,-0.24000,4.00000
 0.00002289800,-0.24000,4.00000
 0.00002290000,-0.24000,3.60000
 0.00002290200,-0.24000,4.00000
 0.00002290400,-0.24000,4.00000
 0.00002290600,-0.16000,4.00000
 0.00002290800,-0.24000,3.60000
 0.00002291000,-0.24000,3.60000
 0.00002291200,-0.24000,4.00000
 0.00002291400,-0.24000,4.00000
 0.00002291600,-0.24000,3.60000
 0.00002291800,-0.24000,3.60000
 0.00002292000,-0.24000,3.60000
 0.00002292200,-0.16000,4.00000
 0.00002292400,-0.24000,4.00000
 0.00002292600,-0.24000,3.60000
 0.00002292800,-0.24000,3.60000
 0.00002293000,-0.32000,3.60000
 0.00002293200,-0.16000,3.60000
 0.00002293400,-0.24000,4.00000
 0.00002293600,-0.24000,3.60000
 0.00002293800,-0.16000,3.60000
 0.00002294000,-0.24000,3.60000
 0.00002294200,-0.24000,3.60000
 0.00002294400,-0.16000,4.00000
 0.00002294600,-0.24000,3.60000
 0.00002294800,-0.16000,4.00000
 0.00002295000,-0.24000,3.60000
 0.00002295200,-0.24000,3.60000
 0.00002295400,-0.16000,4.00000
 0.00002295600,-0.16000,4.00000
 0.00002295800,-0.16000,4.00000
 0.00002296000,-0.16000,4.00000
 0.00002296200,-0.24000,3.60000
 0.00002296400,-0.32000,4.00000
 0.00002296600,-0.16000,4.00000
 0.00002296800,-0.32000,4.00000
 0.00002297000,-0.32000,4.00000
 0.00002297200,-0.24000,4.00000
 0.00002297400,-0.24000,4.00000
 0.00002297600,-0.16000,3.60000
 0.00002297800,-0.16000,4.00000
 0.00002298000,-0.24000,3.60000
 0.00002298200,-0.24000,4.00000
 0.00002298400,-0.16000,4.00000
 0.00002298600,-0.32000,3.60000
 0.00002298800,-0.24000,4.00000
 0.00002299000,-0.32000,3.60000
 0.00002299200,-0.32000,3.60000
 0.00002299400,-0.16000,4.00000
 0.00002299600,-0.24000,3.60000
 0.00002299800,-0.24000,4.00000
 0.00002300000,-0.24000,4.00000
 0.00002300200,-0.32000,3.60000
 0.00002300400,-0.24000,4.00000
 0.00002300600,-0.24000,3.60000
 0.00002300800,-0.24000,4.00000
 0.00002301000,-0.32000,4.00000
 0.00002301200,-0.24000,4.00000
 0.00002301400,-0.24000,4.00000
 0.00002301600,-0.32000,3.60000
 0.00002301800,-0.32000,4.00000
 0.00002302000,-0.32000,3.60000
 0.00002302200,-0.32000,4.00000
 0.00002302400,-0.16000,3.60000
 0.00002302600,-0.24000,3.60000
 0.00002302800,-0.32000,4.00000
 0.00002303000,-0.16000,3.60000
 0.00002303200,-0.32000,4.00000
 0.00002303400,-0.16000,3.60000
 0.00002303600,-0.32000,4.00000
 0.00002303800,-0.24000,4.00000
 0.00002304000,-0.24000,4.00000
 0.00002304200,-0.24000,4.00000
 0.00002304400,-0.32000,3.60000
 0.00002304600,-0.32000,4.00000
 0.00002304800,-0.24000,4.00000
 0.00002305000,-0.24000,4.00000
 0.00002305200,-0.24000,3.60000
 0.00002305400,-0.32000,3.60000
 0.00002305600,-0.24000,4.00000
 0.00002305800,-0.32000,4.00000
 0.00002306000,-0.16000,3.60000
 0.00002306200,-0.16000,3.60000
 0.00002306400,-0.32000,3.60000
 0.00002306600,-0.24000,4.00000
 0.00002306800,-0.32000,4.00000
 0.00002307000,-0.24000,3.60000
 0.00002307200,-0.24000,4.00000
 0.00002307400,-0.32000,3.60000
 0.00002307600,-0.24000,4.00000
 0.00002307800,-0.32000,4.00000
 0.00002308000,-0.32000,3.60000
 0.00002308200,-0.24000,4.00000
 0.00002308400,-0.32000,3.60000
 0.00002308600,-0.24000,4.00000
 0.00002308800,-0.24000,3.60000
 0.00002309000,-0.32000,3.60000
 0.00002309200,-0.24000,4.00000
 0.00002309400,-0.32000,3.60000
 0.00002309600,-0.32000,3.60000
 0.00002309800,-0.24000,3.60000
 0.00002310000,-0.32000,3.60000
 0.00002310200,-0.24000,4.00000
 0.00002310400,-0.32000,4.00000
 0.00002310600,-0.32000,3.60000
 0.00002310800,-0.32000,4.00000
 0.00002311000,-0.24000,3.60000
 0.00002311200,-0.24000,4.00000
 0.00002311400,-0.32000,4.00000
 0.00002311600,-0.32000,4.00000
 0.00002311800,-0.32000,4.00000
 0.00002312000,-0.32000,3.60000
 0.00002312200,-0.32000,4.00000
 0.00002312400,-0.32000,3.60000
 0.00002312600,-0.32000,4.00000
 0.00002312800,-0.32000,3.60000
 0.00002313000,-0.24000,3.60000
 0.00002313200,-0.32000,3.60000
 0.00002313400,-0.32000,3.60000
 0.00002313600,-0.24000,4.00000
 0.00002313800,-0.32000,3.60000
 0.00002314000,-0.32000,3.60000
 0.00002314200,-0.32000,3.60000
 0.00002314400,-0.24000,3.60000
 0.00002314600,-0.24000,4.00000
 0.00002314800,-0.24000,3.60000
 0.00002315000,-0.32000,3.60000
 0.00002315200,-0.32000,4.00000
 0.00002315400,-0.24000,3.60000
 0.00002315600,-0.24000,3.60000
 0.00002315800,-0.24000,3.60000
 0.00002316000,-0.24000,4.00000
 0.00002316200,-0.32000,4.00000
 0.00002316400,-0.24000,4.00000
 0.00002316600,-0.24000,3.60000
 0.00002316800,-0.24000,3.60000
 0.00002317000,-0.24000,4.00000
 0.00002317200,-0.24000,4.00000
 0.00002317400,-0.24000,4.00000
 0.00002317600,-0.32000,4.00000
 0.00002317800,-0.32000,3.60000
 0.00002318000,-0.32000,4.00000
 0.00002318200,-0.24000,4.00000
 0.00002318400,-0.40000,3.60000
 0.00002318600,-0.32000,4.00000
 0.00002318800,-0.32000,4.00000
 0.00002319000,-0.32000,4.00000
 0.00002319200,-0.24000,4.00000
 0.00002319400,-0.32000,3.60000
 0.00002319600,-0.32000,3.60000
 0.00002319800,-0.40000,4.00000
 0.00002320000,-0.24000,3.60000
 0.00002320200,-0.24000,4.00000
 0.00002320400,-0.24000,3.60000
 0.00002320600,-0.32000,3.60000
 0.00002320800,-0.24000,4.00000
 0.00002321000,-0.24000,3.60000
 0.00002321200,-0.32000,4.00000
 0.00002321400,-0.24000,3.60000
 0.00002321600,-0.32000,4.00000
 0.00002321800,-0.32000,4.00000
 0.00002322000,-0.32000,4.00000
 0.00002322200,-0.32000,4.00000
 0.00002322400,-0.32000,4.00000
 0.00002322600,-0.32000,4.00000
 0.00002322800,-0.24000,3.60000
 0.00002323000,-0.32000,4.00000
 0.00002323200,-0.32000,3.60000
 0.00002323400,-0.24000,4.00000
 0.00002323600,-0.32000,3.60000
 0.00002323800,-0.24000,3.60000
 0.00002324000,-0.32000,4.00000
 0.00002324200,-0.32000,3.60000
 0.00002324400,-0.32000,4.00000
 0.00002324600,-0.40000,3.60000
 0.00002324800,-0.40000,3.60000
 0.00002325000,-0.40000,4.00000
 0.00002325200,-0.40000,4.00000
 0.00002325400,-0.32000,4.00000
 0.00002325600,-0.24000,3.60000
 0.00002325800,-0.32000,3.60000
 0.00002326000,-0.24000,3.60000
 0.00002326200,-0.32000,4.00000
 0.00002326400,-0.32000,4.00000
 0.00002326600,-0.32000,3.60000
 0.00002326800,-0.32000,3.60000
 0.00002327000,-0.40000,3.60000
 0.00002327200,-0.32000,3.60000
 0.00002327400,-0.32000,4.00000
 0.00002327600,-0.24000,4.00000
 0.00002327800,-0.32000,3.60000
 0.00002328000,-0.32000,3.60000
 0.00002328200,-0.32000,3.60000
 0.00002328400,-0.40000,4.00000
 0.00002328600,-0.24000,4.00000
 0.00002328800,-0.32000,3.60000
 0.00002329000,-0.32000,3.60000
 0.00002329200,-0.32000,4.00000
 0.00002329400,-0.40000,4.00000
 0.00002329600,-0.32000,4.00000
 0.00002329800,-0.24000,3.60000
 0.00002330000,-0.32000,3.60000
 0.00002330200,-0.32000,4.00000
 0.00002330400,-0.32000,4.00000
 0.00002330600,-0.32000,4.00000
 0.00002330800,-0.32000,4.00000
 0.00002331000,-0.24000,3.60000
 0.00002331200,-0.24000,4.00000
 0.00002331400,-0.32000,4.00000
 0.00002331600,-0.24000,4.00000
 0.00002331800,-0.32000,4.00000
 0.00002332000,-0.40000,4.00000
 0.00002332200,-0.32000,4.00000
 0.00002332400,-0.40000,3.60000
 0.00002332600,-0.24000,4.00000
 0.00002332800,-0.24000,3.60000
 0.00002333000,-0.32000,4.00000
 0.00002333200,-0.32000,4.00000
 0.00002333400,-0.32000,3.60000
 0.00002333600,-0.16000,4.00000
 0.00002333800,-0.32000,3.60000
 0.00002334000,-0.32000,3.60000
 0.00002334200,-0.24000,4.00000
 0.00002334400,-0.24000,4.00000
 0.00002334600,-0.32000,4.00000
 0.00002334800,-0.24000,4.00000
 0.00002335000,-0.32000,3.60000
 0.00002335200,-0.24000,3.60000
 0.00002335400,-0.24000,4.00000
 0.00002335600,-0.32000,3.60000
 0.00002335800,-0.24000,4.00000
 0.00002336000,-0.32000,4.00000
 0.00002336200,-0.32000,3.60000
 0.00002336400,-0.24000,4.00000
 0.00002336600,-0.40000,3.60000
 0.00002336800,-0.32000,3.60000
 0.00002337000,-0.40000,4.00000
 0.00002337200,-0.32000,3.60000
 0.00002337400,-0.32000,4.00000
 0.00002337600,-0.32000,3.60000
 0.00002337800,-0.40000,3.60000
 0.00002338000,-0.32000,4.00000
 0.00002338200,-0.40000,3.60000
 0.00002338400,-0.32000,3.60000
 0.00002338600,-0.32000,3.60000
 0.00002338800,-0.32000,3.60000
 0.00002339000,-0.40000,4.00000
 0.00002339200,-0.32000,3.60000
 0.00002339400,-0.24000,3.60000
 0.00002339600,-0.24000,4.00000
 0.00002339800,-0.24000,3.60000
 0.00002340000,-0.32000,4.00000
 0.00002340200,-0.32000,3.60000
 0.00002340400,-0.32000,4.00000
 0.00002340600,-0.24000,4.00000
 0.00002340800,-0.32000,4.00000
 0.00002341000,-0.32000,4.00000
 0.00002341200,-0.32000,4.00000
 0.00002341400,-0.32000,4.00000
 0.00002341600,-0.24000,4.00000
 0.00002341800,-0.32000,4.00000
 0.00002342000,-0.40000,3.60000
 0.00002342200,-0.40000,4.00000
 0.00002342400,-0.24000,4.00000
 0.00002342600,-0.40000,4.00000
 0.00002342800,-0.40000,3.60000
 0.00002343000,-0.40000,3.60000
 0.00002343200,-0.40000,3.60000
 0.00002343400,-0.24000,4.00000
 0.00002343600,-0.40000,3.60000
 0.00002343800,-0.40000,3.60000
 0.00002344000,-0.40000,4.00000
 0.00002344200,-0.40000,3.60000
 0.00002344400,-0.24000,3.60000
 0.00002344600,-0.40000,3.60000
 0.00002344800,-0.40000,3.60000
 0.00002345000,-0.32000,4.00000
 0.00002345200,-0.40000,4.00000
 0.00002345400,-0.32000,3.60000
 0.00002345600,-0.24000,3.60000
 0.00002345800,-0.32000,3.60000
 0.00002346000,-0.32000,4.00000
 0.00002346200,-0.40000,4.00000
 0.00002346400,-0.32000,3.60000
 0.00002346600,-0.40000,3.60000
 0.00002346800,-0.32000,4.00000
 0.00002347000,-0.24000,4.00000
 0.00002347200,-0.24000,3.60000
 0.00002347400,-0.32000,3.60000
 0.00002347600,-0.32000,4.00000
 0.00002347800,-0.24000,4.00000
 0.00002348000,-0.40000,4.00000
 0.00002348200,-0.40000,3.60000
 0.00002348400,-0.32000,4.00000
 0.00002348600,-0.32000,4.00000
 0.00002348800,-0.32000,3.60000
 0.00002349000,-0.24000,4.00000
 0.00002349200,-0.24000,4.00000
 0.00002349400,-0.32000,4.00000
 0.00002349600,-0.40000,4.00000
 0.00002349800,-0.40000,3.60000
 0.00002350000,-0.40000,4.00000
 0.00002350200,-0.40000,4.00000
 0.00002350400,-0.32000,3.60000
 0.00002350600,-0.32000,4.00000
 0.00002350800,-0.32000,4.00000
 0.00002351000,-0.32000,4.00000
 0.00002351200,-0.32000,4.00000
 0.00002351400,-0.32000,3.60000
 0.00002351600,-0.40000,3.60000
 0.00002351800,-0.32000,4.00000
 0.00002352000,-0.32000,4.00000
 0.00002352200,-0.32000,4.00000
 0.00002352400,-0.32000,4.00000
 0.00002352600,-0.24000,3.60000
 0.00002352800,-0.40000,4.00000
 0.00002353000,-0.32000,4.00000
 0.00002353200,-0.32000,4.00000
 0.00002353400,-0.32000,4.00000
 0.00002353600,-0.24000,3.60000
 0.00002353800,-0.40000,4.00000
 0.00002354000,-0.32000,4.00000
 0.00002354200,-0.24000,4.00000
 0.00002354400,-0.40000,4.00000
 0.00002354600,-0.40000,3.60000
 0.00002354800,-0.40000,4.00000
 0.00002355000,-0.40000,4.00000
 0.00002355200,-0.40000,3.60000
 0.00002355400,-0.32000,4.00000
 0.00002355600,-0.32000,3.60000
 0.00002355800,-0.24000,4.00000
 0.00002356000,-0.32000,4.00000
 0.00002356200,-0.40000,3.60000
 0.00002356400,-0.32000,4.00000
 0.00002356600,-0.24000,3.60000
 0.00002356800,-0.32000,3.60000
 0.00002357000,-0.32000,4.00000
 0.00002357200,-0.40000,4.00000
 0.00002357400,-0.24000,4.00000
 0.00002357600,-0.40000,4.00000
 0.00002357800,-0.40000,3.60000
 0.00002358000,-0.40000,4.00000
 0.00002358200,-0.40000,4.00000
 0.00002358400,-0.24000,3.60000
 0.00002358600,-0.40000,4.00000
 0.00002358800,-0.32000,3.60000
 0.00002359000,-0.40000,4.00000
 0.00002359200,-0.24000,4.00000
 0.00002359400,-0.40000,3.60000
 0.00002359600,-0.32000,3.60000
 0.00002359800,-0.40000,3.60000
 0.00002360000,-0.32000,3.60000
 0.00002360200,-0.40000,4.00000
 0.00002360400,-0.40000,3.60000
 0.00002360600,-0.40000,3.60000
 0.00002360800,-0.32000,4.00000
 0.00002361000,-0.32000,3.60000
 0.00002361200,-0.32000,3.60000
 0.00002361400,-0.40000,3.60000
 0.00002361600,-0.40000,4.00000
 0.00002361800,-0.32000,4.00000
 0.00002362000,-0.40000,3.60000
 0.00002362200,-0.32000,3.60000
 0.00002362400,-0.32000,4.00000
 0.00002362600,-0.40000,4.00000
 0.00002362800,-0.32000,4.00000
 0.00002363000,-0.40000,3.60000
 0.00002363200,-0.40000,3.60000
 0.00002363400,-0.24000,4.00000
 0.00002363600,-0.32000,3.60000
 0.00002363800,-0.32000,4.00000
 0.00002364000,-0.40000,4.00000
 0.00002364200,-0.32000,3.60000
 0.00002364400,-0.32000,3.60000
 0.00002364600,-0.32000,3.60000
 0.00002364800,-0.32000,4.00000
 0.00002365000,-0.40000,4.00000
 0.00002365200,-0.32000,4.00000
 0.00002365400,-0.40000,3.60000
 0.00002365600,-0.32000,3.60000
 0.00002365800,-0.32000,4.00000
 0.00002366000,-0.40000,3.60000
 0.00002366200,-0.32000,4.00000
 0.00002366400,-0.32000,4.00000
 0.00002366600,-0.40000,3.60000
 0.00002366800,-0.40000,4.00000
 0.00002367000,-0.40000,3.60000
 0.00002367200,-0.40000,4.00000
 0.00002367400,-0.32000,4.00000
 0.00002367600,-0.40000,3.60000
 0.00002367800,-0.40000,4.00000
 0.00002368000,-0.24000,4.00000
 0.00002368200,-0.32000,4.00000
 0.00002368400,-0.32000,3.60000
 0.00002368600,-0.32000,3.60000
 0.00002368800,-0.32000,4.00000
 0.00002369000,-0.32000,4.00000
 0.00002369200,-0.32000,4.00000
 0.00002369400,-0.32000,3.60000
 0.00002369600,-0.40000,4.00000
 0.00002369800,-0.32000,4.00000
 0.00002370000,-0.24000,4.00000
 0.00002370200,-0.32000,4.00000
 0.00002370400,-0.40000,4.00000
 0.00002370600,-0.32000,4.00000
 0.00002370800,-0.32000,4.00000
 0.00002371000,-0.32000,4.00000
 0.00002371200,-0.32000,4.00000
 0.00002371400,-0.32000,4.00000
 0.00002371600,-0.40000,4.00000
 0.00002371800,-0.40000,4.00000
 0.00002372000,-0.32000,4.00000
 0.00002372200,-0.40000,4.00000
 0.00002372400,-0.40000,3.60000
 0.00002372600,-0.40000,4.00000
 0.00002372800,-0.32000,3.60000
 0.00002373000,-0.40000,4.00000
 0.00002373200,-0.40000,3.60000
 0.00002373400,-0.32000,3.60000
 0.00002373600,-0.32000,4.00000
 0.00002373800,-0.32000,3.60000
 0.00002374000,-0.40000,4.00000
 0.00002374200,-0.40000,3.60000
 0.00002374400,-0.32000,4.00000
 0.00002374600,-0.40000,4.00000
 0.00002374800,-0.40000,3.60000
 0.00002375000,-0.40000,4.00000
 0.00002375200,-0.40000,3.60000
 0.00002375400,-0.40000,4.00000
 0.00002375600,-0.40000,3.60000
 0.00002375800,-0.40000,3.60000
 0.00002376000,-0.40000,3.60000
 0.00002376200,-0.32000,3.60000
 0.00002376400,-0.32000,3.60000
 0.00002376600,-0.40000,3.60000
 0.00002376800,-0.16000,3.60000
 0.00002377000,0.16000,3.60000
 0.00002377200,0.64000,3.60000
 0.00002377400,1.20000,3.60000
 0.00002377600,1.60000,3.60000
 0.00002377800,1.92000,3.60000
 0.00002378000,2.24000,4.00000
 0.00002378200,2.56000,3.60000
 0.00002378400,2.72000,3.60000
 0.00002378600,2.96000,3.60000
 0.00002378800,3.12000,4.00000
 0.00002379000,3.12000,4.00000
 0.00002379200,3.36000,4.00000
 0.00002379400,3.44000,3.60000
 0.00002379600,3.52000,3.60000
 0.00002379800,3.60000,4.00000
 0.00002380000,3.68000,3.60000
 0.00002380200,3.76000,4.00000
 0.00002380400,3.84000,3.60000
 0.00002380600,3.92000,3.60000
 0.00002380800,4.00000,3.60000
 0.00002381000,3.92000,3.60000
 0.00002381200,4.00000,4.00000
 0.00002381400,4.08000,3.60000
 0.00002381600,4.08000,3.60000
 0.00002381800,4.00000,3.60000
 0.00002382000,4.16000,4.00000
 0.00002382200,4.08000,4.00000
 0.00002382400,4.16000,3.60000
 0.00002382600,4.08000,3.60000
 0.00002382800,4.08000,3.60000
 0.00002383000,4.24000,4.00000
 0.00002383200,4.08000,3.60000
 0.00002383400,4.16000,3.60000
 0.00002383600,4.08000,4.00000
 0.00002383800,4.24000,3.60000
 0.00002384000,4.24000,4.00000
 0.00002384200,4.16000,3.60000
 0.00002384400,4.16000,4.00000
 0.00002384600,4.16000,4.00000
 0.00002384800,4.24000,3.60000
 0.00002385000,4.24000,4.00000
 0.00002385200,4.24000,3.60000
 0.00002385400,4.24000,4.00000
 0.00002385600,4.32000,3.60000
 0.00002385800,4.32000,3.60000
 0.00002386000,4.32000,3.60000
 0.00002386200,4.24000,3.60000
 0.00002386400,4.32000,3.60000
 0.00002386600,4.32000,3.60000
 0.00002386800,4.40000,3.60000
 0.00002387000,4.32000,3.60000
 0.00002387200,4.32000,4.00000
 0.00002387400,4.32000,3.60000
 0.00002387600,4.32000,4.00000
 0.00002387800,4.32000,3.60000
 0.00002388000,4.40000,4.00000
 0.00002388200,4.40000,4.00000
 0.00002388400,4.32000,3.60000
 0.00002388600,4.40000,4.00000
 0.00002388800,4.40000,3.60000
 0.00002389000,4.32000,4.00000
 0.00002389200,4.32000,4.00000
 0.00002389400,4.32000,3.60000
 0.00002389600,4.32000,3.60000
 0.00002389800,4.32000,3.60000
 0.00002390000,4.32000,4.00000
 0.00002390200,4.32000,4.00000
 0.00002390400,4.40000,4.00000
 0.00002390600,4.24000,3.60000
 0.00002390800,4.32000,3.60000
 0.00002391000,4.40000,4.00000
 0.00002391200,4.40000,3.60000
 0.00002391400,4.40000,4.00000
 0.00002391600,4.40000,4.00000
 0.00002391800,4.32000,3.60000
 0.00002392000,4.40000,3.60000
 0.00002392200,4.40000,3.60000
 0.00002392400,4.32000,3.60000
 0.00002392600,4.40000,4.00000
 0.00002392800,4.40000,4.00000
 0.00002393000,4.32000,3.60000
 0.00002393200,4.32000,4.00000
 0.00002393400,4.32000,3.60000
 0.00002393600,4.40000,3.60000
 0.00002393800,4.32000,4.00000
 0.00002394000,4.40000,3.60000
 0.00002394200,4.32000,4.00000
 0.00002394400,4.48000,3.60000
 0.00002394600,4.48000,3.60000
 0.00002394800,4.32000,3.60000
 0.00002395000,4.40000,3.60000
 0.00002395200,4.40000,4.00000
 0.00002395400,4.40000,3.60000
 0.00002395600,4.40000,3.60000
 0.00002395800,4.32000,3.60000
 0.00002396000,4.40000,3.60000
 0.00002396200,4.40000,4.00000
 0.00002396400,4.32000,3.60000
 0.00002396600,4.40000,3.60000
 0.00002396800,4.40000,3.60000
 0.00002397000,4.48000,3.60000
 0.00002397200,4.40000,4.00000
 0.00002397400,4.48000,3.60000
 0.00002397600,4.40000,4.00000
 0.00002397800,4.40000,3.60000
 0.00002398000,4.40000,4.00000
 0.00002398200,4.40000,4.00000
 0.00002398400,4.48000,4.00000
 0.00002398600,4.48000,4.00000
 0.00002398800,4.48000,4.00000
 0.00002399000,4.48000,4.00000
 0.00002399200,4.56000,4.00000
 0.00002399400,4.40000,4.00000
 0.00002399600,4.40000,3.60000
 0.00002399800,4.56000,4.00000
 0.00002400000,4.48000,3.60000
 0.00002400200,4.48000,4.00000
 0.00002400400,4.48000,4.00000
 0.00002400600,4.40000,3.60000
 0.00002400800,4.48000,4.00000
 0.00002401000,4.40000,3.60000
 0.00002401200,4.48000,3.60000
 0.00002401400,4.40000,4.00000
 0.00002401600,4.40000,3.60000
 0.00002401800,4.48000,4.00000
 0.00002402000,4.40000,3.60000
 0.00002402200,4.40000,3.60000
 0.00002402400,4.40000,3.60000
 0.00002402600,4.32000,3.60000
 0.00002402800,4.48000,3.60000
 0.00002403000,4.48000,3.60000
 0.00002403200,4.40000,3.60000
 0.00002403400,4.48000,3.60000
 0.00002403600,4.48000,4.00000
 0.00002403800,4.56000,3.60000
 0.00002404000,4.48000,3.60000
 0.00002404200,4.40000,3.60000
 0.00002404400,4.48000,4.00000
 0.00002404600,4.56000,4.00000
 0.00002404800,4.56000,3.60000
 0.00002405000,4.48000,3.60000
 0.00002405200,4.56000,4.00000
 0.00002405400,4.48000,4.00000
 0.00002405600,4.56000,3.60000
 0.00002405800,4.48000,3.60000
 0.00002406000,4.48000,3.60000
 0.00002406200,4.56000,4.00000
 0.00002406400,4.48000,3.60000
 0.00002406600,4.48000,3.60000
 0.00002406800,4.56000,4.00000
 0.00002407000,4.48000,3.60000
 0.00002407200,4.56000,3.60000
 0.00002407400,4.56000,3.60000
 0.00002407600,4.56000,3.60000
 0.00002407800,4.56000,4.00000
 0.00002408000,4.48000,3.60000
 0.00002408200,4.48000,3.60000
 0.00002408400,4.56000,4.00000
 0.00002408600,4.56000,3.60000
 0.00002408800,4.48000,3.60000
 0.00002409000,4.48000,3.60000
 0.00002409200,4.56000,4.00000
 0.00002409400,4.56000,4.00000
 0.00002409600,4.48000,4.00000
 0.00002409800,4.56000,3.60000
 0.00002410000,4.48000,4.00000
 0.00002410200,4.56000,4.00000
 0.00002410400,4.56000,4.00000
 0.00002410600,4.64000,4.00000
 0.00002410800,4.56000,4.00000
 0.00002411000,4.56000,4.00000
 0.00002411200,4.56000,4.00000
 0.00002411400,4.48000,4.00000
 0.00002411600,4.48000,3.60000
 0.00002411800,4.64000,4.00000
 0.00002412000,4.48000,3.60000
 0.00002412200,4.64000,4.00000
 0.00002412400,4.64000,4.00000
 0.00002412600,4.64000,3.60000
 0.00002412800,4.56000,4.00000
 0.00002413000,4.64000,3.60000
 0.00002413200,4.64000,3.60000
 0.00002413400,4.64000,4.00000
 0.00002413600,4.56000,3.60000
 0.00002413800,4.56000,4.00000
 0.00002414000,4.56000,4.00000
 0.00002414200,4.64000,3.60000
 0.00002414400,4.56000,4.00000
 0.00002414600,4.56000,3.60000
 0.00002414800,4.56000,4.00000
 0.00002415000,4.56000,4.00000
 0.00002415200,4.64000,3.60000
 0.00002415400,4.48000,4.00000
 0.00002415600,4.56000,4.00000
 0.00002415800,4.64000,4.00000
 0.00002416000,4.64000,3.60000
 0.00002416200,4.48000,3.60000
 0.00002416400,4.48000,4.00000
 0.00002416600,4.64000,4.00000
 0.00002416800,4.64000,3.60000
 0.00002417000,4.48000,3.60000
 0.00002417200,4.64000,4.00000
 0.00002417400,4.56000,4.00000
 0.00002417600,4.64000,3.60000
 0.00002417800,4.64000,3.60000
 0.00002418000,4.64000,3.60000
 0.00002418200,4.64000,4.00000
 0.00002418400,4.56000,3.60000
 0.00002418600,4.56000,3.60000
 0.00002418800,4.56000,4.00000
 0.00002419000,4.64000,3.60000
 0.00002419200,4.56000,3.60000
 0.00002419400,4.56000,3.60000
 0.00002419600,4.64000,4.00000
 0.00002419800,4.64000,4.00000
 0.00002420000,4.48000,3.60000
 0.00002420200,4.64000,3.60000
 0.00002420400,4.64000,3.60000
 0.00002420600,4.64000,4.00000
 0.00002420800,4.56000,4.00000
 0.00002421000,4.64000,3.60000
 0.00002421200,4.56000,4.00000
 0.00002421400,4.56000,3.60000
 0.00002421600,4.56000,4.00000
 0.00002421800,4.64000,4.00000
 0.00002422000,4.56000,3.60000
 0.00002422200,4.72000,4.00000
 0.00002422400,4.56000,4.00000
 0.00002422600,4.64000,4.00000
 0.00002422800,4.64000,4.00000
 0.00002423000,4.64000,3.60000
 0.00002423200,4.64000,4.00000
 0.00002423400,4.64000,4.00000
 0.00002423600,4.56000,3.60000
 0.00002423800,4.72000,4.00000
 0.00002424000,4.72000,3.60000
 0.00002424200,4.64000,4.00000
 0.00002424400,4.64000,4.00000
 0.00002424600,4.64000,3.60000
 0.00002424800,4.56000,4.00000
 0.00002425000,4.64000,3.60000
 0.00002425200,4.72000,4.00000
 0.00002425400,4.72000,4.00000
 0.00002425600,4.64000,4.00000
 0.00002425800,4.64000,4.00000
 0.00002426000,4.56000,3.60000
 0.00002426200,4.64000,4.00000
 0.00002426400,4.64000,4.00000
 0.00002426600,4.48000,4.00000
 0.00002426800,4.72000,4.00000
 0.00002427000,4.56000,3.60000
 0.00002427200,4.64000,3.60000
 0.00002427400,4.64000,4.00000
 0.00002427600,4.64000,3.60000
 0.00002427800,4.64000,4.00000
 0.00002428000,4.64000,4.00000
 0.00002428200,4.56000,3.60000
 0.00002428400,4.64000,3.60000
 0.00002428600,4.72000,3.60000
 0.00002428800,4.64000,3.60000
 0.00002429000,4.64000,4.00000
 0.00002429200,4.64000,4.00000
 0.00002429400,4.64000,3.60000
 0.00002429600,4.72000,3.60000
 0.00002429800,4.64000,3.60000
 0.00002430000,4.64000,3.60000
 0.00002430200,4.64000,4.00000
 0.00002430400,4.72000,3.60000
 0.00002430600,4.56000,3.60000
 0.00002430800,4.64000,3.60000
 0.00002431000,4.64000,3.60000
 0.00002431200,4.72000,3.60000
 0.00002431400,4.72000,3.60000
 0.00002431600,4.64000,3.60000
 0.00002431800,4.64000,3.60000
 0.00002432000,4.72000,4.00000
 0.00002432200,4.72000,3.60000
 0.00002432400,4.72000,3.60000
 0.00002432600,4.72000,3.60000
 0.00002432800,4.64000,4.00000
 0.00002433000,4.64000,4.00000
 0.00002433200,4.64000,4.00000
 0.00002433400,4.64000,3.60000
 0.00002433600,4.64000,4.00000
 0.00002433800,4.56000,4.00000
 0.00002434000,4.72000,4.00000
 0.00002434200,4.72000,4.00000
 0.00002434400,4.72000,3.60000
 0.00002434600,4.72000,4.00000
 0.00002434800,4.64000,4.00000
 0.00002435000,4.80000,4.00000
 0.00002435200,4.72000,4.00000
 0.00002435400,4.64000,3.60000
 0.00002435600,4.72000,4.00000
 0.00002435800,4.64000,4.00000
 0.00002436000,4.64000,3.60000
 0.00002436200,4.72000,4.00000
 0.00002436400,4.64000,3.60000
 0.00002436600,4.64000,4.00000
 0.00002436800,4.72000,3.60000
 0.00002437000,4.72000,3.60000
 0.00002437200,4.72000,3.60000
 0.00002437400,4.80000,3.60000
 0.00002437600,4.64000,4.00000
 0.00002437800,4.72000,3.60000
 0.00002438000,4.64000,3.60000
 0.00002438200,4.80000,3.60000
 0.00002438400,4.64000,4.00000
 0.00002438600,4.64000,4.00000
 0.00002438800,4.72000,4.00000
 0.00002439000,4.64000,3.60000
 0.00002439200,4.72000,3.60000
 0.00002439400,4.64000,4.00000
 0.00002439600,4.72000,3.60000
 0.00002439800,4.72000,4.00000
 0.00002440000,4.72000,4.00000
 0.00002440200,4.56000,3.60000
 0.00002440400,4.64000,3.60000
 0.00002440600,4.64000,3.60000
 0.00002440800,4.72000,3.60000
 0.00002441000,4.72000,4.00000
 0.00002441200,4.72000,3.60000
 0.00002441400,4.72000,3.60000
 0.00002441600,4.80000,4.00000
 0.00002441800,4.72000,3.60000
 0.00002442000,4.80000,3.60000
 0.00002442200,4.80000,3.60000
 0.00002442400,4.80000,3.60000
 0.00002442600,4.80000,4.00000
 0.00002442800,4.72000,4.00000
 0.00002443000,4.80000,3.60000
 0.00002443200,4.80000,4.00000
 0.00002443400,4.72000,3.60000
 0.00002443600,4.72000,3.60000
 0.00002443800,4.80000,4.00000
 0.00002444000,4.72000,4.00000
 0.00002444200,4.80000,4.00000
 0.00002444400,4.80000,4.00000
 0.00002444600,4.72000,3.60000
 0.00002444800,4.80000,4.00000
 0.00002445000,4.72000,4.00000
 0.00002445200,4.64000,4.00000
 0.00002445400,4.72000,4.00000
 0.00002445600,4.64000,4.00000
 0.00002445800,4.72000,4.00000
 0.00002446000,4.72000,4.00000
 0.00002446200,4.72000,4.00000
 0.00002446400,4.72000,3.60000
 0.00002446600,4.72000,4.00000
 0.00002446800,4.72000,3.60000
 0.00002447000,4.72000,4.00000
 0.00002447200,4.80000,4.00000
 0.00002447400,4.80000,3.60000
 0.00002447600,4.72000,4.00000
 0.00002447800,4.80000,3.60000
 0.00002448000,4.72000,3.60000
 0.00002448200,4.72000,4.00000
 0.00002448400,4.80000,4.00000
 0.00002448600,4.80000,4.00000
 0.00002448800,4.80000,3.60000
 0.00002449000,4.80000,3.60000
 0.00002449200,4.80000,4.00000
 0.00002449400,4.80000,4.00000
 0.00002449600,4.88000,4.00000
 0.00002449800,4.72000,3.60000
 0.00002450000,4.72000,4.00000
 0.00002450200,4.64000,4.00000
 0.00002450400,4.72000,3.60000
 0.00002450600,4.72000,4.00000
 0.00002450800,4.80000,3.60000
 0.00002451000,4.64000,4.00000
 0.00002451200,4.72000,3.60000
 0.00002451400,4.80000,3.60000
 0.00002451600,4.64000,3.60000
 0.00002451800,4.72000,3.60000
 0.00002452000,4.72000,4.00000
 0.00002452200,4.72000,3.60000
 0.00002452400,4.72000,4.00000
 0.00002452600,4.72000,3.60000
 0.00002452800,4.72000,4.00000
 0.00002453000,4.72000,4.00000
 0.00002453200,4.64000,3.60000
 0.00002453400,4.80000,4.00000
 0.00002453600,4.80000,4.00000
 0.00002453800,4.80000,4.00000
 0.00002454000,4.80000,4.00000
 0.00002454200,4.72000,3.60000
 0.00002454400,4.72000,4.00000
 0.00002454600,4.72000,4.00000
 0.00002454800,4.72000,3.60000
 0.00002455000,4.80000,4.00000
 0.00002455200,4.72000,3.60000
 0.00002455400,4.80000,4.00000
 0.00002455600,4.80000,4.00000
 0.00002455800,4.72000,3.60000
 0.00002456000,4.72000,4.00000
 0.00002456200,4.80000,3.60000
 0.00002456400,4.88000,3.60000
 0.00002456600,4.80000,4.00000
 0.00002456800,4.80000,3.60000
 0.00002457000,4.80000,4.00000
 0.00002457200,4.72000,4.00000
 0.00002457400,4.80000,3.60000
 0.00002457600,4.80000,4.00000
 0.00002457800,4.64000,3.60000
 0.00002458000,4.72000,4.00000
 0.00002458200,4.72000,4.00000
 0.00002458400,4.80000,3.60000
 0.00002458600,4.80000,4.00000
 0.00002458800,4.80000,3.60000
 0.00002459000,4.72000,4.00000
 0.00002459200,4.80000,4.00000
 0.00002459400,4.64000,3.60000
 0.00002459600,4.72000,3.60000
 0.00002459800,4.80000,3.60000
 0.00002460000,4.72000,3.60000
 0.00002460200,4.80000,4.00000
 0.00002460400,4.72000,4.00000
 0.00002460600,4.72000,3.60000
 0.00002460800,4.80000,3.60000
 0.00002461000,4.80000,3.60000
 0.00002461200,4.80000,3.60000
 0.00002461400,4.88000,4.00000
 0.00002461600,4.72000,3.60000
 0.00002461800,4.72000,3.60000
 0.00002462000,4.72000,4.00000
 0.00002462200,4.80000,3.60000
 0.00002462400,4.72000,3.60000
 0.00002462600,4.72000,3.60000
 0.00002462800,4.72000,4.00000
 0.00002463000,4.72000,4.00000
 0.00002463200,4.72000,3.60000
 0.00002463400,4.72000,3.60000
 0.00002463600,4.72000,3.60000
 0.00002463800,4.72000,4.00000
 0.00002464000,4.72000,4.00000
 0.00002464200,4.72000,3.60000
 0.00002464400,4.72000,3.60000
 0.00002464600,4.72000,3.60000
 0.00002464800,4.72000,4.00000
 0.00002465000,4.72000,4.00000
 0.00002465200,4.72000,4.00000
 0.00002465400,4.72000,3.60000
 0.00002465600,4.72000,3.60000
 0.00002465800,4.80000,4.00000
 0.00002466000,4.72000,4.00000
 0.00002466200,4.80000,4.00000
 0.00002466400,4.72000,4.00000
 0.00002466600,4.80000,3.60000
 0.00002466800,4.80000,4.00000
 0.00002467000,4.80000,4.00000
 0.00002467200,4.80000,3.60000
 0.00002467400,4.80000,4.00000
 0.00002467600,4.72000,4.00000
 0.00002467800,4.80000,4.00000
 0.00002468000,4.80000,4.00000
 0.00002468200,4.72000,3.60000
 0.00002468400,4.72000,4.00000
 0.00002468600,4.72000,4.00000
 0.00002468800,4.72000,4.00000
 0.00002469000,4.80000,4.00000
 0.00002469200,4.80000,3.60000
 0.00002469400,4.72000,4.00000
 0.00002469600,4.80000,4.00000
 0.00002469800,4.72000,4.00000
 0.00002470000,4.64000,3.60000
 0.00002470200,4.72000,3.60000
 0.00002470400,4.72000,4.00000
 0.00002470600,4.72000,4.00000
 0.00002470800,4.64000,4.00000
 0.00002471000,4.64000,3.60000
 0.00002471200,4.72000,4.00000
 0.00002471400,4.72000,4.00000
 0.00002471600,4.72000,3.60000
 0.00002471800,4.72000,4.00000
 0.00002472000,4.80000,3.60000
 0.00002472200,4.72000,4.00000
 0.00002472400,4.72000,3.60000
 0.00002472600,4.80000,3.60000
 0.00002472800,4.80000,4.00000
 0.00002473000,4.64000,3.60000
 0.00002473200,4.72000,4.00000
 0.00002473400,4.72000,3.60000
 0.00002473600,4.72000,3.60000
 0.00002473800,4.80000,4.00000
 0.00002474000,4.80000,3.60000
 0.00002474200,4.72000,4.00000
 0.00002474400,4.80000,3.60000
 0.00002474600,4.80000,3.60000
 0.00002474800,4.72000,3.60000
 0.00002475000,4.88000,3.60000
 0.00002475200,4.72000,4.00000
 0.00002475400,4.72000,3.60000
 0.00002475600,4.80000,4.00000
 0.00002475800,4.72000,3.60000
 0.00002476000,4.80000,4.00000
 0.00002476200,4.72000,4.00000
 0.00002476400,4.72000,3.60000
 0.00002476600,4.72000,4.00000
 0.00002476800,4.80000,3.60000
 0.00002477000,4.64000,4.00000
 0.00002477200,4.64000,4.00000
 0.00002477400,4.72000,3.60000
 0.00002477600,4.72000,3.60000
 0.00002477800,4.80000,3.60000
 0.00002478000,4.72000,4.00000
 0.00002478200,4.72000,4.00000
 0.00002478400,4.80000,4.00000
 0.00002478600,4.72000,3.60000
 0.00002478800,4.80000,3.60000
 0.00002479000,4.80000,4.00000
 0.00002479200,4.80000,4.00000
 0.00002479400,4.80000,4.00000
 0.00002479600,4.80000,3.60000
 0.00002479800,4.80000,3.60000
 0.00002480000,4.88000,3.60000
 0.00002480200,4.80000,4.00000
 0.00002480400,4.72000,4.00000
 0.00002480600,4.80000,3.60000
 0.00002480800,4.80000,4.00000
 0.00002481000,4.72000,3.60000
 0.00002481200,4.72000,4.00000
 0.00002481400,4.72000,4.00000
 0.00002481600,4.64000,3.60000
 0.00002481800,4.72000,4.00000
 0.00002482000,4.64000,3.60000
 0.00002482200,4.72000,4.00000
 0.00002482400,4.72000,3.60000
 0.00002482600,4.72000,3.60000
 0.00002482800,4.64000,3.60000
 0.00002483000,4.64000,3.60000
 0.00002483200,4.72000,4.00000
 0.00002483400,4.64000,3.60000
 0.00002483600,4.72000,3.60000
 0.00002483800,4.64000,3.60000
 0.00002484000,4.72000,3.60000
 0.00002484200,4.72000,4.00000
 0.00002484400,4.64000,3.60000
 0.00002484600,4.72000,3.60000
 0.00002484800,4.72000,4.00000
 0.00002485000,4.64000,3.60000
 0.00002485200,4.72000,3.60000
 0.00002485400,4.64000,3.60000
 0.00002485600,4.80000,3.60000
 0.00002485800,4.72000,4.00000
 0.00002486000,4.72000,3.60000
 0.00002486200,4.72000,3.60000
 0.00002486400,4.72000,3.60000
 0.00002486600,4.72000,3.60000
 0.00002486800,4.80000,3.60000
 0.00002487000,4.72000,3.60000
 0.00002487200,4.80000,4.00000
 0.00002487400,4.72000,3.60000
 0.00002487600,4.72000,3.60000
 0.00002487800,4.80000,3.60000
 0.00002488000,4.72000,3.60000
 0.00002488200,4.72000,4.00000
 0.00002488400,4.64000,4.00000
 0.00002488600,4.64000,3.60000
 0.00002488800,4.72000,4.00000
 0.00002489000,4.64000,3.60000
 0.00002489200,4.72000,3.60000
 0.00002489400,4.72000,4.00000
 0.00002489600,4.64000,3.60000
 0.00002489800,4.72000,4.00000
 0.00002490000,4.72000,3.60000
 0.00002490200,4.80000,3.60000
 0.00002490400,4.72000,4.00000
 0.00002490600,4.72000,3.60000
 0.00002490800,4.72000,4.00000
 0.00002491000,4.72000,3.60000
 0.00002491200,4.72000,3.60000
 0.00002491400,4.72000,4.00000
 0.00002491600,4.72000,3.60000
 0.00002491800,4.80000,4.00000
 0.00002492000,4.80000,3.60000
 0.00002492200,4.80000,3.60000
 0.00002492400,4.72000,4.00000
 0.00002492600,4.72000,3.60000
 0.00002492800,4.80000,4.00000
 0.00002493000,4.64000,3.60000
 0.00002493200,4.80000,3.60000
 0.00002493400,4.80000,4.00000
 0.00002493600,4.72000,3.60000
 0.00002493800,4.64000,4.00000
 0.00002494000,4.72000,4.00000
 0.00002494200,4.80000,3.60000
 0.00002494400,4.64000,3.60000
 0.00002494600,4.64000,3.60000
 0.00002494800,4.72000,4.00000
 0.00002495000,4.64000,4.00000
 0.00002495200,4.64000,3.60000
 0.00002495400,4.64000,3.60000
 0.00002495600,4.64000,3.60000
 0.00002495800,4.64000,4.00000
 0.00002496000,4.64000,4.00000
 0.00002496200,4.72000,3.60000
 0.00002496400,4.64000,3.60000
 0.00002496600,4.80000,3.60000
 0.00002496800,4.64000,4.00000
 0.00002497000,4.64000,4.00000
 0.00002497200,4.64000,3.60000
 0.00002497400,4.72000,3.60000
 0.00002497600,4.80000,3.60000
 0.00002497800,4.64000,4.00000
 0.00002498000,4.80000,3.60000
 0.00002498200,4.72000,3.60000
 0.00002498400,4.80000,3.60000
 0.00002498600,4.72000,3.60000
 0.00002498800,4.72000,3.60000
 0.00002499000,4.80000,3.60000
 0.00002499200,4.80000,3.60000
 0.00002499400,4.72000,3.60000
 0.00002499600,4.72000,4.00000
 0.00002499800,4.64000,3.60000
 0.00002500000,4.72000,4.00000
 0.00002500200,4.72000,3.60000
 0.00002500400,4.72000,3.60000
 0.00002500600,4.72000,4.00000
 0.00002500800,4.72000,4.00000
 0.00002501000,4.72000,4.00000
 0.00002501200,4.72000,3.60000
 0.00002501400,4.64000,3.60000
 0.00002501600,4.64000,4.00000
 0.00002501800,4.72000,4.00000
 0.00002502000,4.72000,3.60000
 0.00002502200,4.72000,3.60000
 0.00002502400,4.64000,4.00000
 0.00002502600,4.64000,4.00000
 0.00002502800,4.80000,3.60000
 0.00002503000,4.80000,3.60000
 0.00002503200,4.80000,3.60000
 0.00002503400,4.72000,4.00000
 0.00002503600,4.72000,4.00000
 0.00002503800,4.72000,3.60000
 0.00002504000,4.80000,3.60000
 0.00002504200,4.64000,3.60000
 0.00002504400,4.64000,4.00000
 0.00002504600,4.80000,4.00000
 0.00002504800,4.72000,3.60000
 0.00002505000,4.64000,3.60000
 0.00002505200,4.72000,4.00000
 0.00002505400,4.72000,4.00000
 0.00002505600,4.72000,3.60000
 0.00002505800,4.80000,3.60000
 0.00002506000,4.72000,3.60000
 0.00002506200,4.72000,4.00000
 0.00002506400,4.80000,4.00000
 0.00002506600,4.72000,3.60000
 0.00002506800,4.72000,3.60000
 0.00002507000,4.80000,3.60000
 0.00002507200,4.64000,4.00000
 0.00002507400,4.72000,4.00000
 0.00002507600,4.64000,4.00000
 0.00002507800,4.72000,3.60000
 0.00002508000,4.64000,4.00000
 0.00002508200,4.64000,4.00000
 0.00002508400,4.64000,4.00000
 0.00002508600,4.64000,4.00000
 0.00002508800,4.72000,3.60000
 0.00002509000,4.72000,4.00000
 0.00002509200,4.80000,3.60000
 0.00002509400,4.64000,4.00000
 0.00002509600,4.72000,4.00000
 0.00002509800,4.72000,3.60000
 0.00002510000,4.72000,3.60000
 0.00002510200,4.72000,3.60000
 0.00002510400,4.80000,4.00000
 0.00002510600,4.72000,4.00000
 0.00002510800,4.64000,4.00000
 0.00002511000,4.80000,3.60000
 0.00002511200,4.80000,4.00000
 0.00002511400,4.72000,4.00000
 0.00002511600,4.80000,3.60000
 0.00002511800,4.72000,4.00000
 0.00002512000,4.72000,4.00000
 0.00002512200,4.72000,4.00000
 0.00002512400,4.72000,3.60000
 0.00002512600,4.72000,3.60000
 0.00002512800,4.72000,4.00000
 0.00002513000,4.64000,4.00000
 0.00002513200,4.72000,4.00000
 0.00002513400,4.64000,3.60000
 0.00002513600,4.64000,3.60000
 0.00002513800,4.72000,4.00000
 0.00002514000,4.72000,3.60000
 0.00002514200,4.72000,4.00000
 0.00002514400,4.72000,4.00000
 0.00002514600,4.72000,3.60000
 0.00002514800,4.72000,4.00000
 0.00002515000,4.72000,3.60000
 0.00002515200,4.72000,4.00000
 0.00002515400,4.72000,4.00000
 0.00002515600,4.72000,4.00000
 0.00002515800,4.80000,4.00000
 0.00002516000,4.80000,4.00000
 0.00002516200,4.64000,4.00000
 0.00002516400,4.72000,4.00000
 0.00002516600,4.80000,4.00000
 0.00002516800,4.72000,3.60000
 0.00002517000,4.80000,4.00000
 0.00002517200,4.72000,4.00000
 0.00002517400,4.80000,4.00000
 0.00002517600,4.72000,4.00000
 0.00002517800,4.72000,3.60000
 0.00002518000,4.72000,4.00000
 0.00002518200,4.80000,4.00000
 0.00002518400,4.64000,4.00000
 0.00002518600,4.80000,4.00000
 0.00002518800,4.64000,3.60000
 0.00002519000,4.72000,4.00000
 0.00002519200,4.80000,4.00000
 0.00002519400,4.72000,4.00000
 0.00002519600,4.72000,4.00000
 0.00002519800,4.80000,3.60000
 0.00002520000,4.72000,4.00000
 0.00002520200,4.64000,4.00000
 0.00002520400,4.64000,3.60000
 0.00002520600,4.72000,4.00000
 0.00002520800,4.72000,3.60000
 0.00002521000,4.64000,4.00000
 0.00002521200,4.64000,4.00000
 0.00002521400,4.64000,3.60000
 0.00002521600,4.72000,3.60000
 0.00002521800,4.72000,3.60000
 0.00002522000,4.64000,3.60000
 0.00002522200,4.72000,4.00000
 0.00002522400,4.72000,4.00000
 0.00002522600,4.64000,3.60000
 0.00002522800,4.64000,3.60000
 0.00002523000,4.80000,3.60000
 0.00002523200,4.72000,3.60000
 0.00002523400,4.64000,4.00000
 0.00002523600,4.72000,3.60000
 0.00002523800,4.72000,3.60000
 0.00002524000,4.72000,3.60000
 0.00002524200,4.72000,3.60000
 0.00002524400,4.72000,3.60000
 0.00002524600,4.72000,3.60000
 0.00002524800,4.64000,4.00000
 0.00002525000,4.64000,3.60000
 0.00002525200,4.64000,3.60000
 0.00002525400,4.72000,3.60000
 0.00002525600,4.72000,3.60000
 0.00002525800,4.72000,4.00000
 0.00002526000,4.72000,4.00000
 0.00002526200,4.64000,3.60000
 0.00002526400,4.56000,3.60000
 0.00002526600,4.72000,3.60000
 0.00002526800,4.56000,3.60000
 0.00002527000,4.72000,4.00000
 0.00002527200,4.64000,4.00000
 0.00002527400,4.64000,3.60000
 0.00002527600,4.64000,4.00000
 0.00002527800,4.64000,3.60000
 0.00002528000,4.80000,4.00000
 0.00002528200,4.72000,4.00000
 0.00002528400,4.72000,3.60000
 0.00002528600,4.72000,4.00000
 0.00002528800,4.80000,3.60000
 0.00002529000,4.64000,4.00000
 0.00002529200,4.80000,3.60000
 0.00002529400,4.80000,3.60000
 0.00002529600,4.80000,3.60000
 0.00002529800,4.72000,3.60000
 0.00002530000,4.80000,4.00000
 0.00002530200,4.80000,3.60000
 0.00002530400,4.72000,4.00000
 0.00002530600,4.72000,3.60000
 0.00002530800,4.72000,3.60000
 0.00002531000,4.72000,4.00000
 0.00002531200,4.80000,3.60000
 0.00002531400,4.80000,4.00000
 0.00002531600,4.72000,4.00000
 0.00002531800,4.72000,3.60000
 0.00002532000,4.72000,4.00000
 0.00002532200,4.72000,3.60000
 0.00002532400,4.64000,4.00000
 0.00002532600,4.72000,4.00000
 0.00002532800,4.72000,4.00000
 0.00002533000,4.56000,4.00000
 0.00002533200,4.72000,4.00000
 0.00002533400,4.64000,4.00000
 0.00002533600,4.72000,3.60000
 0.00002533800,4.56000,4.00000
 0.00002534000,4.64000,3.60000
 0.00002534200,4.72000,4.00000
 0.00002534400,4.80000,3.60000
 0.00002534600,4.64000,3.60000
 0.00002534800,4.64000,4.00000
 0.00002535000,4.64000,3.60000
 0.00002535200,4.72000,3.60000
 0.00002535400,4.64000,3.60000
 0.00002535600,4.72000,3.60000
 0.00002535800,4.64000,4.00000
 0.00002536000,4.64000,3.60000
 0.00002536200,4.64000,3.60000
 0.00002536400,4.72000,3.60000
 0.00002536600,4.72000,3.60000
 0.00002536800,4.64000,3.60000
 0.00002537000,4.64000,3.60000
 0.00002537200,4.72000,4.00000
 0.00002537400,4.64000,3.60000
 0.00002537600,4.72000,3.60000
 0.00002537800,4.64000,3.60000
 0.00002538000,4.72000,3.60000
 0.00002538200,4.72000,4.00000
 0.00002538400,4.64000,3.60000
 0.00002538600,4.64000,3.60000
 0.00002538800,4.64000,4.00000
 0.00002539000,4.72000,3.60000
 0.00002539200,4.64000,4.00000
 0.00002539400,4.64000,3.60000
 0.00002539600,4.64000,4.00000
 0.00002539800,4.64000,4.00000
 0.00002540000,4.72000,3.60000
 0.00002540200,4.72000,4.00000
 0.00002540400,4.72000,3.60000
 0.00002540600,4.64000,4.00000
 0.00002540800,4.72000,4.00000
 0.00002541000,4.64000,3.60000
 0.00002541200,4.72000,3.60000
 0.00002541400,4.72000,3.60000
 0.00002541600,4.80000,3.60000
 0.00002541800,4.64000,4.00000
 0.00002542000,4.64000,3.60000
 0.00002542200,4.80000,3.60000
 0.00002542400,4.72000,3.60000
 0.00002542600,4.72000,3.60000
 0.00002542800,4.80000,4.00000
 0.00002543000,4.64000,3.60000
 0.00002543200,4.72000,4.00000
 0.00002543400,4.72000,3.60000
 0.00002543600,4.72000,3.60000
 0.00002543800,4.72000,4.00000
 0.00002544000,4.72000,3.60000
 0.00002544200,4.64000,4.00000
 0.00002544400,4.72000,4.00000
 0.00002544600,4.72000,3.60000
 0.00002544800,4.64000,3.60000
 0.00002545000,4.72000,3.60000
 0.00002545200,4.72000,4.00000
 0.00002545400,4.72000,4.00000
 0.00002545600,4.72000,4.00000
 0.00002545800,4.72000,3.60000
 0.00002546000,4.72000,3.60000
 0.00002546200,4.72000,4.00000
 0.00002546400,4.64000,4.00000
 0.00002546600,4.64000,4.00000
 0.00002546800,4.64000,4.00000
 0.00002547000,4.72000,3.60000
 0.00002547200,4.72000,3.60000
 0.00002547400,4.64000,4.00000
 0.00002547600,4.64000,3.60000
 0.00002547800,4.64000,4.00000
 0.00002548000,4.64000,3.60000
 0.00002548200,4.72000,3.60000
 0.00002548400,4.72000,3.60000
 0.00002548600,4.64000,3.60000
 0.00002548800,4.80000,3.60000
 0.00002549000,4.64000,3.60000
 0.00002549200,4.72000,3.60000
 0.00002549400,4.72000,3.60000
 0.00002549600,4.64000,3.60000
 0.00002549800,4.72000,3.60000
 0.00002550000,4.64000,4.00000
 0.00002550200,4.64000,3.60000
 0.00002550400,4.64000,4.00000
 0.00002550600,4.64000,3.60000
 0.00002550800,4.72000,3.60000
 0.00002551000,4.64000,4.00000
 0.00002551200,4.72000,3.60000
 0.00002551400,4.64000,4.00000
 0.00002551600,4.64000,3.60000
 0.00002551800,4.72000,3.60000
 0.00002552000,4.64000,4.00000
 0.00002552200,4.64000,3.60000
 0.00002552400,4.72000,4.00000
 0.00002552600,4.72000,3.60000
 0.00002552800,4.72000,4.00000
 0.00002553000,4.64000,4.00000
 0.00002553200,4.64000,4.00000
 0.00002553400,4.80000,4.00000
 0.00002553600,4.72000,3.60000
 0.00002553800,4.80000,4.00000
 0.00002554000,4.80000,4.00000
 0.00002554200,4.72000,4.00000
 0.00002554400,4.80000,3.60000
 0.00002554600,4.56000,3.60000
 0.00002554800,4.72000,3.60000
 0.00002555000,4.80000,4.00000
 0.00002555200,4.64000,3.60000
 0.00002555400,4.64000,3.60000
 0.00002555600,4.64000,4.00000
 0.00002555800,4.64000,3.60000
 0.00002556000,4.72000,3.60000
 0.00002556200,4.64000,3.60000
 0.00002556400,4.64000,3.60000
 0.00002556600,4.64000,4.00000
 0.00002556800,4.64000,3.60000
 0.00002557000,4.72000,3.60000
 0.00002557200,4.72000,3.60000
 0.00002557400,4.72000,3.60000
 0.00002557600,4.72000,4.00000
 0.00002557800,4.56000,3.60000
 0.00002558000,4.72000,3.60000
 0.00002558200,4.72000,3.60000
 0.00002558400,4.80000,3.60000
 0.00002558600,4.64000,4.00000
 0.00002558800,4.72000,4.00000
 0.00002559000,4.72000,3.60000
 0.00002559200,4.72000,4.00000
 0.00002559400,4.72000,3.60000
 0.00002559600,4.72000,3.60000
 0.00002559800,4.80000,4.00000
 0.00002560000,4.80000,4.00000
 0.00002560200,4.56000,4.00000
 0.00002560400,4.72000,4.00000
 0.00002560600,4.72000,3.60000
 0.00002560800,4.72000,3.60000
 0.00002561000,4.72000,4.00000
 0.00002561200,4.72000,4.00000
 0.00002561400,4.72000,4.00000
 0.00002561600,4.72000,4.00000
 0.00002561800,4.64000,3.60000
 0.00002562000,4.64000,3.60000
 0.00002562200,4.64000,4.00000
 0.00002562400,4.64000,3.60000
 0.00002562600,4.72000,4.00000
 0.00002562800,4.72000,3.60000
 0.00002563000,4.56000,3.60000
 0.00002563200,4.72000,4.00000
 0.00002563400,4.56000,3.60000
 0.00002563600,4.64000,3.60000
 0.00002563800,4.64000,3.60000
 0.00002564000,4.72000,3.60000
 0.00002564200,4.56000,4.00000
 0.00002564400,4.64000,4.00000
 0.00002564600,4.72000,3.60000
 0.00002564800,4.72000,3.60000
 0.00002565000,4.72000,3.60000
 0.00002565200,4.64000,4.00000
 0.00002565400,4.72000,4.00000
 0.00002565600,4.72000,4.00000
 0.00002565800,4.72000,3.60000
 0.00002566000,4.72000,4.00000
 0.00002566200,4.80000,4.00000
 0.00002566400,4.80000,4.00000
 0.00002566600,4.64000,4.00000
 0.00002566800,4.72000,3.60000
 0.00002567000,4.80000,4.00000
 0.00002567200,4.80000,3.60000
 0.00002567400,4.72000,4.00000
 0.00002567600,4.72000,4.00000
 0.00002567800,4.64000,3.60000
 0.00002568000,4.72000,3.60000
 0.00002568200,4.72000,3.60000
 0.00002568400,4.72000,3.60000
 0.00002568600,4.72000,4.00000
 0.00002568800,4.72000,4.00000
 0.00002569000,4.64000,3.60000
 0.00002569200,4.64000,4.00000
 0.00002569400,4.72000,3.60000
 0.00002569600,4.64000,3.60000
 0.00002569800,4.64000,4.00000
 0.00002570000,4.72000,4.00000
 0.00002570200,4.64000,4.00000
 0.00002570400,4.72000,4.00000
 0.00002570600,4.64000,3.60000
 0.00002570800,4.72000,3.60000
 0.00002571000,4.72000,4.00000
 0.00002571200,4.64000,3.60000
 0.00002571400,4.56000,4.00000
 0.00002571600,4.64000,4.00000
 0.00002571800,4.64000,3.60000
 0.00002572000,4.72000,3.60000
 0.00002572200,4.64000,3.60000
 0.00002572400,4.72000,3.60000
 0.00002572600,4.72000,4.00000
 0.00002572800,4.72000,3.60000
 0.00002573000,4.72000,3.60000
 0.00002573200,4.72000,3.60000
 0.00002573400,4.72000,3.60000
 0.00002573600,4.72000,4.00000
 0.00002573800,4.72000,3.60000
 0.00002574000,4.72000,4.00000
 0.00002574200,4.72000,3.60000
 0.00002574400,4.72000,4.00000
 0.00002574600,4.72000,4.00000
 0.00002574800,4.72000,4.00000
 0.00002575000,4.72000,4.00000
 0.00002575200,4.72000,4.00000
 0.00002575400,4.64000,4.00000
 0.00002575600,4.64000,4.00000
 0.00002575800,4.72000,4.00000
 0.00002576000,4.64000,3.60000
 0.00002576200,4.72000,4.00000
 0.00002576400,4.72000,4.00000
 0.00002576600,4.64000,4.00000
 0.00002576800,4.72000,3.60000
 0.00002577000,4.72000,3.60000
 0.00002577200,4.56000,4.00000
 0.00002577400,4.64000,4.00000
 0.00002577600,4.64000,4.00000
 0.00002577800,4.72000,3.60000
 0.00002578000,4.72000,4.00000
 0.00002578200,4.64000,4.00000
 0.00002578400,4.72000,3.60000
 0.00002578600,4.72000,4.00000
 0.00002578800,4.72000,3.60000
 0.00002579000,4.80000,4.00000
 0.00002579200,4.72000,4.00000
 0.00002579400,4.64000,3.60000
 0.00002579600,4.64000,4.00000
 0.00002579800,4.72000,3.60000
 0.00002580000,4.64000,3.60000
 0.00002580200,4.64000,4.00000
 0.00002580400,4.64000,4.00000
 0.00002580600,4.64000,4.00000
 0.00002580800,4.72000,3.60000
 0.00002581000,4.72000,3.60000
 0.00002581200,4.64000,3.60000
 0.00002581400,4.72000,4.00000
 0.00002581600,4.64000,4.00000
 0.00002581800,4.72000,3.60000
 0.00002582000,4.64000,3.60000
 0.00002582200,4.56000,3.60000
 0.00002582400,4.72000,4.00000
 0.00002582600,4.56000,4.00000
 0.00002582800,4.72000,3.60000
 0.00002583000,4.64000,3.60000
 0.00002583200,4.72000,3.60000
 0.00002583400,4.72000,4.00000
 0.00002583600,4.64000,4.00000
 0.00002583800,4.72000,3.60000
 0.00002584000,4.72000,4.00000
 0.00002584200,4.72000,3.60000
 0.00002584400,4.72000,3.60000
 0.00002584600,4.64000,4.00000
 0.00002584800,4.72000,4.00000
 0.00002585000,4.72000,4.00000
 0.00002585200,4.72000,3.60000
 0.00002585400,4.72000,3.60000
 0.00002585600,4.72000,4.00000
 0.00002585800,4.72000,4.00000
 0.00002586000,4.72000,4.00000
 0.00002586200,4.72000,3.60000
 0.00002586400,4.72000,4.00000
 0.00002586600,4.64000,4.00000
 0.00002586800,4.56000,4.00000
 0.00002587000,4.72000,4.00000
 0.00002587200,4.72000,4.00000
 0.00002587400,4.72000,4.00000
 0.00002587600,4.72000,3.60000
 0.00002587800,4.72000,4.00000
 0.00002588000,4.64000,4.00000
 0.00002588200,4.64000,4.00000
 0.00002588400,4.64000,3.60000
 0.00002588600,4.64000,3.60000
 0.00002588800,4.64000,3.60000
 0.00002589000,4.56000,4.00000
 0.00002589200,4.64000,3.60000
 0.00002589400,4.72000,3.60000
 0.00002589600,4.72000,3.60000
 0.00002589800,4.72000,3.60000
 0.00002590000,4.64000,4.00000
 0.00002590200,4.72000,3.60000
 0.00002590400,4.72000,4.00000
 0.00002590600,4.64000,3.60000
 0.00002590800,4.72000,3.60000
 0.00002591000,4.64000,4.00000
 0.00002591200,4.72000,4.00000
 0.00002591400,4.56000,4.00000
 0.00002591600,4.72000,3.60000
 0.00002591800,4.72000,3.60000
 0.00002592000,4.72000,3.60000
 0.00002592200,4.72000,4.00000
 0.00002592400,4.72000,3.60000
 0.00002592600,4.72000,3.60000
 0.00002592800,4.64000,3.60000
 0.00002593000,4.72000,3.60000
 0.00002593200,4.72000,4.00000
 0.00002593400,4.72000,3.60000
 0.00002593600,4.72000,4.00000
 0.00002593800,4.64000,3.60000
 0.00002594000,4.64000,4.00000
 0.00002594200,4.72000,4.00000
 0.00002594400,4.64000,3.60000
 0.00002594600,4.56000,4.00000
 0.00002594800,4.64000,4.00000
 0.00002595000,4.64000,4.00000
 0.00002595200,4.64000,3.60000
 0.00002595400,4.56000,3.60000
 0.00002595600,4.56000,3.60000
 0.00002595800,4.64000,4.00000
 0.00002596000,4.64000,3.60000
 0.00002596200,4.72000,3.60000
 0.00002596400,4.72000,3.60000
 0.00002596600,4.64000,3.60000
 0.00002596800,4.64000,4.00000
 0.00002597000,4.64000,3.60000
 0.00002597200,4.64000,3.60000
 0.00002597400,4.72000,3.60000
 0.00002597600,4.64000,3.60000
 0.00002597800,4.64000,4.00000
 0.00002598000,4.72000,4.00000
 0.00002598200,4.64000,3.60000
 0.00002598400,4.72000,3.60000
 0.00002598600,4.64000,3.60000
 0.00002598800,4.72000,3.60000
 0.00002599000,4.72000,4.00000
 0.00002599200,4.72000,3.60000
 0.00002599400,4.72000,3.60000
 0.00002599600,4.72000,4.00000
 0.00002599800,4.72000,3.60000
 0.00002600000,4.72000,4.00000
 0.00002600200,4.72000,3.60000
 0.00002600400,4.56000,4.00000
 0.00002600600,4.64000,4.00000
 0.00002600800,4.56000,4.00000
 0.00002601000,4.56000,4.00000
 0.00002601200,4.56000,4.00000
 0.00002601400,4.64000,4.00000
 0.00002601600,4.72000,3.60000
 0.00002601800,4.72000,4.00000
 0.00002602000,4.64000,3.60000
 0.00002602200,4.72000,4.00000
 0.00002602400,4.72000,4.00000
 0.00002602600,4.64000,3.60000
 0.00002602800,4.72000,3.60000
 0.00002603000,4.72000,3.60000
 0.00002603200,4.64000,3.60000
 0.00002603400,4.72000,4.00000
 0.00002603600,4.72000,4.00000
 0.00002603800,4.80000,3.60000
 0.00002604000,4.72000,4.00000
 0.00002604200,4.72000,3.60000
 0.00002604400,4.72000,4.00000
 0.00002604600,4.72000,4.00000
 0.00002604800,4.72000,3.60000
 0.00002605000,4.64000,4.00000
 0.00002605200,4.72000,4.00000
 0.00002605400,4.72000,4.00000
 0.00002605600,4.72000,3.60000
 0.00002605800,4.64000,3.60000
 0.00002606000,4.72000,4.00000
 0.00002606200,4.72000,4.00000
 0.00002606400,4.64000,3.60000
 0.00002606600,4.64000,3.60000
 0.00002606800,4.64000,4.00000
 0.00002607000,4.72000,4.00000
 0.00002607200,4.64000,4.00000
 0.00002607400,4.64000,3.60000
 0.00002607600,4.64000,4.00000
 0.00002607800,4.72000,4.00000
 0.00002608000,4.72000,4.00000
 0.00002608200,4.56000,4.00000
 0.00002608400,4.64000,4.00000
 0.00002608600,4.72000,4.00000
 0.00002608800,4.64000,3.60000
 0.00002609000,4.56000,4.00000
 0.00002609200,4.72000,4.00000
 0.00002609400,4.64000,4.00000
 0.00002609600,4.72000,3.60000
 0.00002609800,4.72000,3.60000
 0.00002610000,4.64000,3.60000
 0.00002610200,4.72000,4.00000
 0.00002610400,4.72000,4.00000
 0.00002610600,4.72000,3.60000
 0.00002610800,4.72000,4.00000
 0.00002611000,4.64000,3.60000
 0.00002611200,4.72000,4.00000
 0.00002611400,4.64000,4.00000
 0.00002611600,4.72000,3.60000
 0.00002611800,4.72000,4.00000
 0.00002612000,4.72000,4.00000
 0.00002612200,4.64000,4.00000
 0.00002612400,4.72000,4.00000
 0.00002612600,4.72000,3.60000
 0.00002612800,4.64000,3.60000
 0.00002613000,4.56000,4.00000
 0.00002613200,4.56000,4.00000
 0.00002613400,4.72000,4.00000
 0.00002613600,4.64000,3.60000
 0.00002613800,4.64000,3.60000
 0.00002614000,4.64000,4.00000
 0.00002614200,4.64000,4.00000
 0.00002614400,4.64000,4.00000
 0.00002614600,4.64000,3.60000
 0.00002614800,4.72000,3.60000
 0.00002615000,4.64000,4.00000
 0.00002615200,4.56000,4.00000
 0.00002615400,4.72000,4.00000
 0.00002615600,4.64000,4.00000
 0.00002615800,4.72000,3.60000
 0.00002616000,4.72000,4.00000
 0.00002616200,4.64000,4.00000
 0.00002616400,4.56000,4.00000
 0.00002616600,4.64000,4.00000
 0.00002616800,4.72000,3.60000
 0.00002617000,4.72000,4.00000
 0.00002617200,4.64000,3.60000
 0.00002617400,4.72000,4.00000
 0.00002617600,4.64000,4.00000
 0.00002617800,4.72000,3.60000
 0.00002618000,4.64000,3.60000
 0.00002618200,4.64000,3.60000
 0.00002618400,4.64000,4.00000
 0.00002618600,4.64000,4.00000
 0.00002618800,4.56000,3.60000
 0.00002619000,4.64000,3.60000
 0.00002619200,4.64000,4.00000
 0.00002619400,4.64000,4.00000
 0.00002619600,4.64000,3.60000
 0.00002619800,4.64000,3.60000
 0.00002620000,4.64000,3.60000
 0.00002620200,4.64000,4.00000
 0.00002620400,4.56000,3.60000
 0.00002620600,4.72000,3.60000
 0.00002620800,4.72000,4.00000
 0.00002621000,4.56000,3.60000
 0.00002621200,4.72000,4.00000
 0.00002621400,4.56000,3.60000
 0.00002621600,4.72000,3.60000
 0.00002621800,4.72000,4.00000
 0.00002622000,4.64000,3.60000
 0.00002622200,4.72000,4.00000
 0.00002622400,4.72000,4.00000
 0.00002622600,4.64000,3.60000
 0.00002622800,4.64000,4.00000
 0.00002623000,4.72000,3.60000
 0.00002623200,4.64000,4.00000
 0.00002623400,4.72000,4.00000
 0.00002623600,4.72000,4.00000
 0.00002623800,4.72000,4.00000
 0.00002624000,4.64000,4.00000
 0.00002624200,4.72000,4.00000
 0.00002624400,4.72000,3.60000
 0.00002624600,4.72000,4.00000
 0.00002624800,4.64000,4.00000
 0.00002625000,4.56000,4.00000
 0.00002625200,4.56000,4.00000
 0.00002625400,4.72000,3.60000
 0.00002625600,4.64000,3.60000
 0.00002625800,4.56000,4.00000
 0.00002626000,4.48000,4.00000
 0.00002626200,4.64000,4.00000
 0.00002626400,4.64000,4.00000
 0.00002626600,4.64000,3.60000
 0.00002626800,4.56000,3.60000
 0.00002627000,4.64000,4.00000
 0.00002627200,4.64000,4.00000
 0.00002627400,4.72000,4.00000
 0.00002627600,4.72000,3.60000
 0.00002627800,4.64000,3.60000
 0.00002628000,4.72000,4.00000
 0.00002628200,4.56000,4.00000
 0.00002628400,4.72000,3.60000
 0.00002628600,4.80000,3.60000
 0.00002628800,4.72000,3.60000
 0.00002629000,4.64000,4.00000
 0.00002629200,4.72000,4.00000
 0.00002629400,4.72000,3.60000
 0.00002629600,4.72000,3.60000
 0.00002629800,4.64000,3.60000
 0.00002630000,4.64000,4.00000
 0.00002630200,4.72000,4.00000
 0.00002630400,4.72000,4.00000
 0.00002630600,4.72000,3.60000
 0.00002630800,4.64000,3.60000
 0.00002631000,4.72000,4.00000
 0.00002631200,4.72000,4.00000
 0.00002631400,4.56000,4.00000
 0.00002631600,4.72000,3.60000
 0.00002631800,4.72000,3.60000
 0.00002632000,4.64000,3.60000
 0.00002632200,4.64000,4.00000
 0.00002632400,4.64000,4.00000
 0.00002632600,4.64000,3.60000
 0.00002632800,4.72000,4.00000
 0.00002633000,4.64000,3.60000
 0.00002633200,4.64000,3.60000
 0.00002633400,4.72000,4.00000
 0.00002633600,4.72000,4.00000
 0.00002633800,4.64000,4.00000
 0.00002634000,4.64000,4.00000
 0.00002634200,4.64000,3.60000
 0.00002634400,4.72000,3.60000
 0.00002634600,4.72000,4.00000
 0.00002634800,4.64000,3.60000
 0.00002635000,4.64000,4.00000
 0.00002635200,4.72000,4.00000
 0.00002635400,4.64000,3.60000
 0.00002635600,4.72000,3.60000
 0.00002635800,4.64000,3.60000
 0.00002636000,4.64000,3.60000
 0.00002636200,4.72000,4.00000
 0.00002636400,4.64000,3.60000
 0.00002636600,4.72000,3.60000
 0.00002636800,4.72000,4.00000
 0.00002637000,4.56000,3.60000
 0.00002637200,4.64000,3.60000
 0.00002637400,4.56000,3.60000
 0.00002637600,4.72000,3.60000
 0.00002637800,4.56000,4.00000
 0.00002638000,4.56000,3.60000
 0.00002638200,4.72000,3.60000
 0.00002638400,4.64000,3.60000
 0.00002638600,4.64000,3.60000
 0.00002638800,4.64000,4.00000
 0.00002639000,4.64000,3.60000
 0.00002639200,4.56000,4.00000
 0.00002639400,4.64000,3.60000
 0.00002639600,4.64000,4.00000
 0.00002639800,4.72000,4.00000
 0.00002640000,4.72000,4.00000
 0.00002640200,4.64000,4.00000
 0.00002640400,4.64000,4.00000
 0.00002640600,4.72000,4.00000
 0.00002640800,4.72000,4.00000
 0.00002641000,4.56000,4.00000
 0.00002641200,4.72000,4.00000
 0.00002641400,4.64000,4.00000
 0.00002641600,4.72000,3.60000
 0.00002641800,4.72000,4.00000
 0.00002642000,4.56000,3.60000
 0.00002642200,4.72000,4.00000
 0.00002642400,4.72000,4.00000
 0.00002642600,4.64000,3.60000
 0.00002642800,4.64000,4.00000
 0.00002643000,4.64000,3.60000
 0.00002643200,4.64000,3.60000
 0.00002643400,4.56000,4.00000
 0.00002643600,4.72000,3.60000
 0.00002643800,4.64000,4.00000
 0.00002644000,4.64000,3.60000
 0.00002644200,4.56000,3.60000
 0.00002644400,4.64000,3.60000
 0.00002644600,4.64000,3.60000
 0.00002644800,4.56000,3.60000
 0.00002645000,4.56000,3.60000
 0.00002645200,4.56000,4.00000
 0.00002645400,4.64000,3.60000
 0.00002645600,4.56000,3.60000
 0.00002645800,4.56000,3.60000
 0.00002646000,4.64000,4.00000
 0.00002646200,4.64000,4.00000
 0.00002646400,4.64000,3.60000
 0.00002646600,4.72000,3.60000
 0.00002646800,4.64000,3.60000
 0.00002647000,4.72000,4.00000
 0.00002647200,4.72000,4.00000
 0.00002647400,4.72000,3.60000
 0.00002647600,4.56000,4.00000
 0.00002647800,4.72000,3.60000
 0.00002648000,4.72000,4.00000
 0.00002648200,4.72000,4.00000
 0.00002648400,4.64000,3.60000
 0.00002648600,4.64000,4.00000
 0.00002648800,4.64000,4.00000
 0.00002649000,4.64000,4.00000
 0.00002649200,4.72000,3.60000
 0.00002649400,4.72000,3.60000
 0.00002649600,4.64000,3.60000
 0.00002649800,4.56000,4.00000
 0.00002650000,4.64000,4.00000
 0.00002650200,4.64000,3.60000
 0.00002650400,4.64000,3.60000
 0.00002650600,4.64000,3.60000
 0.00002650800,4.56000,4.00000
 0.00002651000,4.64000,4.00000
 0.00002651200,4.56000,4.00000
 0.00002651400,4.64000,3.60000
 0.00002651600,4.64000,4.00000
 0.00002651800,4.64000,4.00000
 0.00002652000,4.64000,4.00000
 0.00002652200,4.72000,4.00000
 0.00002652400,4.64000,3.60000
 0.00002652600,4.72000,4.00000
 0.00002652800,4.72000,4.00000
 0.00002653000,4.72000,4.00000
 0.00002653200,4.72000,4.00000
 0.00002653400,4.64000,3.60000
 0.00002653600,4.72000,3.60000
 0.00002653800,4.72000,4.00000
 0.00002654000,4.72000,3.60000
 0.00002654200,4.64000,4.00000
 0.00002654400,4.72000,4.00000
 0.00002654600,4.64000,3.60000
 0.00002654800,4.64000,4.00000
 0.00002655000,4.64000,3.60000
 0.00002655200,4.72000,3.60000
 0.00002655400,4.64000,4.00000
 0.00002655600,4.72000,3.60000
 0.00002655800,4.64000,4.00000
 0.00002656000,4.56000,4.00000
 0.00002656200,4.56000,3.60000
 0.00002656400,4.56000,3.60000
 0.00002656600,4.64000,3.60000
 0.00002656800,4.64000,3.60000
 0.00002657000,4.56000,4.00000
 0.00002657200,4.56000,4.00000
 0.00002657400,4.64000,3.60000
 0.00002657600,4.56000,3.60000
 0.00002657800,4.64000,3.60000
 0.00002658000,4.64000,3.60000
 0.00002658200,4.64000,4.00000
 0.00002658400,4.64000,4.00000
 0.00002658600,4.64000,3.60000
 0.00002658800,4.64000,3.60000
 0.00002659000,4.72000,3.60000
 0.00002659200,4.72000,4.00000
 0.00002659400,4.64000,4.00000
 0.00002659600,4.64000,4.00000
 0.00002659800,4.64000,3.60000
 0.00002660000,4.64000,4.00000
 0.00002660200,4.64000,4.00000
 0.00002660400,4.72000,3.60000
 0.00002660600,4.56000,4.00000
 0.00002660800,4.64000,4.00000
 0.00002661000,4.72000,4.00000
 0.00002661200,4.72000,3.60000
 0.00002661400,4.72000,3.60000
 0.00002661600,4.72000,4.00000
 0.00002661800,4.56000,4.00000
 0.00002662000,4.72000,4.00000
 0.00002662200,4.72000,3.60000
 0.00002662400,4.56000,3.60000
 0.00002662600,4.64000,4.00000
 0.00002662800,4.56000,4.00000
 0.00002663000,4.64000,4.00000
 0.00002663200,4.64000,4.00000
 0.00002663400,4.64000,3.60000
 0.00002663600,4.64000,4.00000
 0.00002663800,4.56000,4.00000
 0.00002664000,4.72000,4.00000
 0.00002664200,4.64000,4.00000
 0.00002664400,4.64000,3.60000
 0.00002664600,4.72000,4.00000
 0.00002664800,4.72000,4.00000
 0.00002665000,4.64000,4.00000
 0.00002665200,4.64000,4.00000
 0.00002665400,4.72000,3.60000
 0.00002665600,4.72000,3.60000
 0.00002665800,4.72000,4.00000
 0.00002666000,4.64000,4.00000
 0.00002666200,4.72000,4.00000
 0.00002666400,4.64000,4.00000
 0.00002666600,4.64000,3.60000
 0.00002666800,4.56000,4.00000
 0.00002667000,4.72000,4.00000
 0.00002667200,4.72000,4.00000
 0.00002667400,4.64000,4.00000
 0.00002667600,4.64000,3.60000
 0.00002667800,4.72000,4.00000
 0.00002668000,4.64000,4.00000
 0.00002668200,4.56000,4.00000
 0.00002668400,4.56000,3.60000
 0.00002668600,4.64000,3.60000
 0.00002668800,4.72000,3.60000
 0.00002669000,4.56000,4.00000
 0.00002669200,4.64000,3.60000
 0.00002669400,4.48000,3.60000
 0.00002669600,4.64000,3.60000
 0.00002669800,4.64000,3.60000
 0.00002670000,4.56000,3.60000
 0.00002670200,4.64000,3.60000
 0.00002670400,4.64000,4.00000
 0.00002670600,4.72000,3.60000
 0.00002670800,4.56000,3.60000
 0.00002671000,4.64000,3.60000
 0.00002671200,4.64000,4.00000
 0.00002671400,4.64000,4.00000
 0.00002671600,4.56000,3.60000
 0.00002671800,4.56000,3.60000
 0.00002672000,4.72000,3.60000
 0.00002672200,4.64000,4.00000
 0.00002672400,4.64000,3.60000
 0.00002672600,4.64000,3.60000
 0.00002672800,4.64000,3.60000
 0.00002673000,4.64000,3.60000
 0.00002673200,4.72000,3.60000
 0.00002673400,4.72000,3.60000
 0.00002673600,4.64000,4.00000
 0.00002673800,4.64000,3.60000
 0.00002674000,4.64000,4.00000
 0.00002674200,4.72000,3.60000
 0.00002674400,4.64000,3.60000
 0.00002674600,4.56000,4.00000
 0.00002674800,4.56000,4.00000
 0.00002675000,4.64000,4.00000
 0.00002675200,4.64000,3.60000
 0.00002675400,4.64000,3.60000
 0.00002675600,4.56000,4.00000
 0.00002675800,4.64000,4.00000
 0.00002676000,4.72000,4.00000
 0.00002676200,4.72000,3.60000
 0.00002676400,4.64000,3.60000
 0.00002676600,4.64000,4.00000
 0.00002676800,4.56000,4.00000
 0.00002677000,4.56000,4.00000
 0.00002677200,4.72000,3.60000
 0.00002677400,4.72000,3.60000
 0.00002677600,4.72000,3.60000
 0.00002677800,4.72000,4.00000
 0.00002678000,4.64000,4.00000
 0.00002678200,4.72000,3.60000
 0.00002678400,4.64000,3.60000
 0.00002678600,4.64000,3.60000
 0.00002678800,4.64000,4.00000
 0.00002679000,4.72000,4.00000
 0.00002679200,4.64000,4.00000
 0.00002679400,4.64000,3.60000
 0.00002679600,4.56000,4.00000
 0.00002679800,4.64000,4.00000
 0.00002680000,4.64000,4.00000
 0.00002680200,4.64000,4.00000
 0.00002680400,4.56000,4.00000
 0.00002680600,4.64000,4.00000
 0.00002680800,4.64000,4.00000
 0.00002681000,4.56000,4.00000
 0.00002681200,4.56000,3.60000
 0.00002681400,4.56000,4.00000
 0.00002681600,4.64000,3.60000
 0.00002681800,4.56000,4.00000
 0.00002682000,4.56000,3.60000
 0.00002682200,4.56000,3.60000
 0.00002682400,4.64000,4.00000
 0.00002682600,4.56000,3.60000
 0.00002682800,4.72000,3.60000
 0.00002683000,4.64000,3.60000
 0.00002683200,4.64000,3.60000
 0.00002683400,4.64000,4.00000
 0.00002683600,4.64000,3.60000
 0.00002683800,4.72000,3.60000
 0.00002684000,4.72000,4.00000
 0.00002684200,4.56000,3.60000
 0.00002684400,4.72000,3.60000
 0.00002684600,4.72000,3.60000
 0.00002684800,4.56000,3.60000
 0.00002685000,4.64000,4.00000
 0.00002685200,4.64000,4.00000
 0.00002685400,4.72000,3.60000
 0.00002685600,4.72000,3.60000
 0.00002685800,4.64000,3.60000
 0.00002686000,4.64000,4.00000
 0.00002686200,4.72000,4.00000
 0.00002686400,4.64000,3.60000
 0.00002686600,4.64000,3.60000
 0.00002686800,4.64000,4.00000
 0.00002687000,4.64000,4.00000
 0.00002687200,4.64000,3.60000
 0.00002687400,4.64000,3.60000
 0.00002687600,4.56000,4.00000
 0.00002687800,4.64000,4.00000
 0.00002688000,4.56000,4.00000
 0.00002688200,4.56000,3.60000
 0.00002688400,4.64000,4.00000
 0.00002688600,4.64000,4.00000
 0.00002688800,4.64000,3.60000
 0.00002689000,4.64000,4.00000
 0.00002689200,4.64000,3.60000
 0.00002689400,4.72000,4.00000
 0.00002689600,4.72000,4.00000
 0.00002689800,4.64000,3.60000
 0.00002690000,4.56000,4.00000
 0.00002690200,4.72000,3.60000
 0.00002690400,4.64000,3.60000
 0.00002690600,4.64000,4.00000
 0.00002690800,4.64000,4.00000
 0.00002691000,4.64000,4.00000
 0.00002691200,4.72000,4.00000
 0.00002691400,4.64000,3.60000
 0.00002691600,4.72000,3.60000
 0.00002691800,4.72000,4.00000
 0.00002692000,4.64000,4.00000
 0.00002692200,4.64000,4.00000
 0.00002692400,4.64000,4.00000
 0.00002692600,4.64000,3.60000
 0.00002692800,4.72000,4.00000
 0.00002693000,4.56000,4.00000
 0.00002693200,4.56000,4.00000
 0.00002693400,4.72000,4.00000
 0.00002693600,4.56000,3.60000
 0.00002693800,4.64000,4.00000
 0.00002694000,4.56000,4.00000
 0.00002694200,4.64000,4.00000
 0.00002694400,4.64000,4.00000
 0.00002694600,4.64000,3.60000
 0.00002694800,4.64000,3.60000
 0.00002695000,4.64000,4.00000
 0.00002695200,4.56000,4.00000
 0.00002695400,4.64000,4.00000
 0.00002695600,4.64000,3.60000
 0.00002695800,4.72000,3.60000
 0.00002696000,4.72000,4.00000
 0.00002696200,4.64000,4.00000
 0.00002696400,4.64000,4.00000
 0.00002696600,4.72000,3.60000
 0.00002696800,4.72000,3.60000
 0.00002697000,4.72000,4.00000
 0.00002697200,4.64000,4.00000
 0.00002697400,4.72000,4.00000
 0.00002697600,4.72000,4.00000
 0.00002697800,4.56000,3.60000
 0.00002698000,4.56000,4.00000
 0.00002698200,4.64000,4.00000
 0.00002698400,4.72000,3.60000
 0.00002698600,4.72000,4.00000
 0.00002698800,4.64000,3.60000
 0.00002699000,4.64000,4.00000
 0.00002699200,4.64000,4.00000
 0.00002699400,4.56000,3.60000
 0.00002699600,4.56000,3.60000
 0.00002699800,4.64000,3.60000
 0.00002700000,4.64000,3.60000
 0.00002700200,4.64000,4.00000
 0.00002700400,4.64000,4.00000
 0.00002700600,4.56000,3.60000
 0.00002700800,4.56000,4.00000
 0.00002701000,4.56000,3.60000
 0.00002701200,4.56000,3.60000
 0.00002701400,4.64000,4.00000
 0.00002701600,4.56000,4.00000
 0.00002701800,4.64000,4.00000
 0.00002702000,4.56000,3.60000
 0.00002702200,4.64000,3.60000
 0.00002702400,4.72000,4.00000
 0.00002702600,4.56000,4.00000
 0.00002702800,4.56000,3.60000
 0.00002703000,4.64000,3.60000
 0.00002703200,4.72000,3.60000
 0.00002703400,4.72000,4.00000
 0.00002703600,4.64000,3.60000
 0.00002703800,4.64000,3.60000
 0.00002704000,4.72000,4.00000
 0.00002704200,4.72000,3.60000
 0.00002704400,4.72000,3.60000
 0.00002704600,4.72000,3.60000
 0.00002704800,4.64000,4.00000
 0.00002705000,4.64000,4.00000
 0.00002705200,4.64000,4.00000
 0.00002705400,4.64000,3.60000
 0.00002705600,4.56000,3.60000
 0.00002705800,4.56000,4.00000
 0.00002706000,4.56000,4.00000
 0.00002706200,4.64000,4.00000
 0.00002706400,4.64000,3.60000
 0.00002706600,4.64000,3.60000
 0.00002706800,4.64000,4.00000
 0.00002707000,4.56000,4.00000
 0.00002707200,4.72000,4.00000
 0.00002707400,4.72000,3.60000
 0.00002707600,4.64000,3.60000
 0.00002707800,4.64000,4.00000
 0.00002708000,4.72000,4.00000
 0.00002708200,4.64000,4.00000
 0.00002708400,4.64000,4.00000
 0.00002708600,4.72000,3.60000
 0.00002708800,4.64000,3.60000
 0.00002709000,4.72000,4.00000
 0.00002709200,4.64000,4.00000
 0.00002709400,4.72000,4.00000
 0.00002709600,4.64000,4.00000
 0.00002709800,4.64000,3.60000
 0.00002710000,4.56000,4.00000
 0.00002710200,4.64000,4.00000
 0.00002710400,4.56000,4.00000
 0.00002710600,4.64000,4.00000
 0.00002710800,4.56000,4.00000
 0.00002711000,4.72000,4.00000
 0.00002711200,4.72000,4.00000
 0.00002711400,4.64000,4.00000
 0.00002711600,4.64000,3.60000
 0.00002711800,4.56000,4.00000
 0.00002712000,4.64000,4.00000
 0.00002712200,4.56000,4.00000
 0.00002712400,4.56000,3.60000
 0.00002712600,4.56000,3.60000
 0.00002712800,4.64000,3.60000
 0.00002713000,4.64000,4.00000
 0.00002713200,4.64000,3.60000
 0.00002713400,4.64000,3.60000
 0.00002713600,4.72000,4.00000
 0.00002713800,4.64000,3.60000
 0.00002714000,4.56000,4.00000
 0.00002714200,4.64000,3.60000
 0.00002714400,4.64000,4.00000
 0.00002714600,4.56000,4.00000
 0.00002714800,4.72000,3.60000
 0.00002715000,4.64000,4.00000
 0.00002715200,4.64000,3.60000
 0.00002715400,4.56000,4.00000
 0.00002715600,4.72000,3.60000
 0.00002715800,4.64000,3.60000
 0.00002716000,4.72000,3.60000
 0.00002716200,4.64000,3.60000
 0.00002716400,4.64000,4.00000
 0.00002716600,4.72000,3.60000
 0.00002716800,4.72000,3.60000
 0.00002717000,4.64000,3.60000
 0.00002717200,4.64000,4.00000
 0.00002717400,4.72000,4.00000
 0.00002717600,4.56000,4.00000
 0.00002717800,4.56000,3.60000
 0.00002718000,4.56000,4.00000
 0.00002718200,4.64000,4.00000
 0.00002718400,4.64000,3.60000
 0.00002718600,4.64000,4.00000
 0.00002718800,4.64000,4.00000
 0.00002719000,4.64000,4.00000
 0.00002719200,4.64000,4.00000
 0.00002719400,4.64000,3.60000
 0.00002719600,4.64000,3.60000
 0.00002719800,4.56000,4.00000
 0.00002720000,4.56000,3.60000
 0.00002720200,4.56000,4.00000
 0.00002720400,4.56000,3.60000
 0.00002720600,4.64000,3.60000
 0.00002720800,4.72000,3.60000
 0.00002721000,4.64000,3.60000
 0.00002721200,4.72000,4.00000
 0.00002721400,4.64000,3.60000
 0.00002721600,4.72000,3.60000
 0.00002721800,4.64000,3.60000
 0.00002722000,4.64000,3.60000
 0.00002722200,4.72000,4.00000
 0.00002722400,4.72000,4.00000
 0.00002722600,4.64000,3.60000
 0.00002722800,4.64000,4.00000
 0.00002723000,4.64000,3.60000
 0.00002723200,4.64000,3.60000
 0.00002723400,4.64000,4.00000
 0.00002723600,4.64000,4.00000
 0.00002723800,4.72000,4.00000
 0.00002724000,4.72000,4.00000
 0.00002724200,4.56000,3.60000
 0.00002724400,4.64000,4.00000
 0.00002724600,4.64000,4.00000
 0.00002724800,4.64000,3.60000
 0.00002725000,4.56000,4.00000
 0.00002725200,4.56000,4.00000
 0.00002725400,4.56000,4.00000
 0.00002725600,4.64000,3.60000
 0.00002725800,4.56000,3.60000
 0.00002726000,4.56000,3.60000
 0.00002726200,4.56000,4.00000
 0.00002726400,4.72000,3.60000
 0.00002726600,4.64000,3.60000
 0.00002726800,4.64000,3.60000
 0.00002727000,4.64000,3.60000
 0.00002727200,4.64000,4.00000
 0.00002727400,4.64000,3.60000
 0.00002727600,4.72000,3.60000
 0.00002727800,4.72000,3.60000
 0.00002728000,4.64000,4.00000
 0.00002728200,4.64000,4.00000
 0.00002728400,4.64000,4.00000
 0.00002728600,4.72000,3.60000
 0.00002728800,4.64000,4.00000
 0.00002729000,4.56000,4.00000
 0.00002729200,4.64000,4.00000
 0.00002729400,4.64000,4.00000
 0.00002729600,4.72000,3.60000
 0.00002729800,4.64000,4.00000
 0.00002730000,4.64000,3.60000
 0.00002730200,4.72000,4.00000
 0.00002730400,4.56000,4.00000
 0.00002730600,4.64000,3.60000
 0.00002730800,4.56000,4.00000
 0.00002731000,4.64000,3.60000
 0.00002731200,4.56000,4.00000
 0.00002731400,4.56000,4.00000
 0.00002731600,4.56000,4.00000
 0.00002731800,4.56000,4.00000
 0.00002732000,4.72000,3.60000
 0.00002732200,4.64000,4.00000
 0.00002732400,4.64000,3.60000
 0.00002732600,4.64000,4.00000
 0.00002732800,4.72000,4.00000
 0.00002733000,4.64000,3.60000
 0.00002733200,4.64000,3.60000
 0.00002733400,4.72000,3.60000
 0.00002733600,4.64000,4.00000
 0.00002733800,4.56000,4.00000
 0.00002734000,4.64000,4.00000
 0.00002734200,4.64000,3.60000
 0.00002734400,4.56000,3.60000
 0.00002734600,4.64000,4.00000
 0.00002734800,4.64000,3.60000
 0.00002735000,4.64000,4.00000
 0.00002735200,4.64000,4.00000
 0.00002735400,4.64000,3.60000
 0.00002735600,4.64000,4.00000
 0.00002735800,4.56000,3.60000
 0.00002736000,4.64000,4.00000
 0.00002736200,4.64000,4.00000
 0.00002736400,4.64000,3.60000
 0.00002736600,4.64000,4.00000
 0.00002736800,4.64000,3.60000
 0.00002737000,4.64000,4.00000
 0.00002737200,4.64000,4.00000
 0.00002737400,4.64000,3.60000
 0.00002737600,4.64000,4.00000
 0.00002737800,4.64000,3.60000
 0.00002738000,4.56000,4.00000
 0.00002738200,4.64000,4.00000
 0.00002738400,4.64000,4.00000
 0.00002738600,4.64000,4.00000
 0.00002738800,4.64000,4.00000
 0.00002739000,4.72000,4.00000
 0.00002739200,4.72000,4.00000
 0.00002739400,4.64000,4.00000
 0.00002739600,4.56000,4.00000
 0.00002739800,4.64000,4.00000
 0.00002740000,4.64000,4.00000
 0.00002740200,4.72000,4.00000
 0.00002740400,4.56000,4.00000
 0.00002740600,4.64000,4.00000
 0.00002740800,4.72000,4.00000
 0.00002741000,4.64000,4.00000
 0.00002741200,4.64000,3.60000
 0.00002741400,4.56000,4.00000
 0.00002741600,4.56000,3.60000
 0.00002741800,4.56000,4.00000
 0.00002742000,4.56000,3.60000
 0.00002742200,4.64000,3.60000
 0.00002742400,4.64000,3.60000
 0.00002742600,4.64000,3.60000
 0.00002742800,4.64000,3.60000
 0.00002743000,4.56000,3.60000
 0.00002743200,4.56000,3.60000
 0.00002743400,4.56000,3.60000
 0.00002743600,4.56000,3.60000
 0.00002743800,4.64000,3.60000
 0.00002744000,4.56000,3.60000
 0.00002744200,4.56000,3.60000
 0.00002744400,4.56000,4.00000
 0.00002744600,4.64000,3.60000
 0.00002744800,4.72000,3.60000
 0.00002745000,4.64000,3.60000
 0.00002745200,4.64000,3.60000
 0.00002745400,4.64000,4.00000
 0.00002745600,4.64000,3.60000
 0.00002745800,4.56000,3.60000
 0.00002746000,4.72000,3.60000
 0.00002746200,4.64000,3.60000
 0.00002746400,4.64000,3.60000
 0.00002746600,4.64000,3.60000
 0.00002746800,4.64000,4.00000
 0.00002747000,4.72000,3.60000
 0.00002747200,4.72000,3.60000
 0.00002747400,4.56000,3.60000
 0.00002747600,4.64000,4.00000
 0.00002747800,4.72000,4.00000
 0.00002748000,4.64000,3.60000
 0.00002748200,4.72000,3.60000
 0.00002748400,4.64000,4.00000
 0.00002748600,4.56000,4.00000
 0.00002748800,4.64000,3.60000
 0.00002749000,4.48000,3.60000
 0.00002749200,4.56000,3.60000
 0.00002749400,4.64000,4.00000
 0.00002749600,4.48000,3.60000
 0.00002749800,4.56000,3.60000
 0.00002750000,4.56000,4.00000
 0.00002750200,4.64000,3.60000
 0.00002750400,4.64000,4.00000
 0.00002750600,4.56000,3.60000
 0.00002750800,4.64000,3.60000
 0.00002751000,4.64000,4.00000
 0.00002751200,4.64000,3.60000
 0.00002751400,4.64000,4.00000
 0.00002751600,4.64000,3.60000
 0.00002751800,4.72000,3.60000
 0.00002752000,4.64000,3.60000
 0.00002752200,4.64000,3.60000
 0.00002752400,4.72000,4.00000
 0.00002752600,4.72000,3.60000
 0.00002752800,4.64000,4.00000
 0.00002753000,4.72000,3.60000
 0.00002753200,4.56000,4.00000
 0.00002753400,4.72000,4.00000
 0.00002753600,4.64000,4.00000
 0.00002753800,4.72000,4.00000
 0.00002754000,4.64000,4.00000
 0.00002754200,4.72000,4.00000
 0.00002754400,4.72000,4.00000
 0.00002754600,4.64000,4.00000
 0.00002754800,4.56000,3.60000
 0.00002755000,4.72000,4.00000
 0.00002755200,4.64000,3.60000
 0.00002755400,4.48000,4.00000
 0.00002755600,4.56000,4.00000
 0.00002755800,4.56000,3.60000
 0.00002756000,4.64000,3.60000
 0.00002756200,4.56000,3.60000
 0.00002756400,4.64000,3.60000
 0.00002756600,4.56000,4.00000
 0.00002756800,4.56000,3.60000
 0.00002757000,4.64000,3.60000
 0.00002757200,4.64000,3.60000
 0.00002757400,4.56000,3.60000
 0.00002757600,4.56000,3.60000
 0.00002757800,4.56000,3.60000
 0.00002758000,4.72000,3.60000
 0.00002758200,4.64000,3.60000
 0.00002758400,4.64000,3.60000
 0.00002758600,4.64000,3.60000
 0.00002758800,4.64000,4.00000
 0.00002759000,4.64000,3.60000
 0.00002759200,4.72000,3.60000
 0.00002759400,4.56000,3.60000
 0.00002759600,4.64000,4.00000
 0.00002759800,4.64000,4.00000
 0.00002760000,4.56000,3.60000
 0.00002760200,4.56000,3.60000
 0.00002760400,4.72000,4.00000
 0.00002760600,4.64000,4.00000
 0.00002760800,4.64000,3.60000
 0.00002761000,4.64000,3.60000
 0.00002761200,4.64000,3.60000
 0.00002761400,4.64000,4.00000
 0.00002761600,4.56000,4.00000
 0.00002761800,4.48000,3.60000
 0.00002762000,4.56000,4.00000
 0.00002762200,4.48000,3.60000
 0.00002762400,4.64000,3.60000
 0.00002762600,4.56000,4.00000
 0.00002762800,4.64000,3.60000
 0.00002763000,4.56000,4.00000
 0.00002763200,4.64000,3.60000
 0.00002763400,4.64000,3.60000
 0.00002763600,4.64000,3.60000
 0.00002763800,4.64000,3.60000
 0.00002764000,4.72000,3.60000
 0.00002764200,4.64000,3.60000
 0.00002764400,4.64000,4.00000
 0.00002764600,4.64000,3.60000
 0.00002764800,4.64000,4.00000
 0.00002765000,4.72000,3.60000
 0.00002765200,4.64000,4.00000
 0.00002765400,4.72000,4.00000
 0.00002765600,4.56000,4.00000
 0.00002765800,4.64000,4.00000
 0.00002766000,4.64000,4.00000
 0.00002766200,4.72000,4.00000
 0.00002766400,4.64000,4.00000
 0.00002766600,4.72000,4.00000
 0.00002766800,4.56000,3.60000
 0.00002767000,4.72000,4.00000
 0.00002767200,4.56000,4.00000
 0.00002767400,4.64000,4.00000
 0.00002767600,4.64000,4.00000
 0.00002767800,4.64000,3.60000
 0.00002768000,4.64000,4.00000
 0.00002768200,4.56000,4.00000
 0.00002768400,4.64000,3.60000
 0.00002768600,4.64000,4.00000
 0.00002768800,4.56000,3.60000
 0.00002769000,4.64000,4.00000
 0.00002769200,4.64000,4.00000
 0.00002769400,4.64000,3.60000
 0.00002769600,4.64000,3.60000
 0.00002769800,4.56000,3.60000
 0.00002770000,4.72000,4.00000
 0.00002770200,4.72000,4.00000
 0.00002770400,4.64000,3.60000
 0.00002770600,4.56000,3.60000
 0.00002770800,4.72000,4.00000
 0.00002771000,4.72000,4.00000
 0.00002771200,4.64000,3.60000
 0.00002771400,4.56000,3.60000
 0.00002771600,4.56000,4.00000
 0.00002771800,4.64000,4.00000
 0.00002772000,4.72000,3.60000
 0.00002772200,4.64000,3.60000
 0.00002772400,4.64000,4.00000
 0.00002772600,4.64000,4.00000
 0.00002772800,4.64000,4.00000
 0.00002773000,4.56000,3.60000
 0.00002773200,4.64000,3.60000
 0.00002773400,4.72000,4.00000
 0.00002773600,4.72000,3.60000
 0.00002773800,4.56000,4.00000
 0.00002774000,4.56000,4.00000
 0.00002774200,4.56000,3.60000
 0.00002774400,4.64000,3.60000
 0.00002774600,4.56000,3.60000
 0.00002774800,4.64000,3.60000
 0.00002775000,4.64000,4.00000
 0.00002775200,4.64000,4.00000
 0.00002775400,4.64000,3.60000
 0.00002775600,4.64000,3.60000
 0.00002775800,4.56000,3.60000
 0.00002776000,4.72000,4.00000
 0.00002776200,4.64000,4.00000
 0.00002776400,4.64000,4.00000
 0.00002776600,4.64000,3.60000
 0.00002776800,4.72000,4.00000
 0.00002777000,4.72000,4.00000
 0.00002777200,4.64000,4.00000
 0.00002777400,4.72000,4.00000
 0.00002777600,4.64000,4.00000
 0.00002777800,4.56000,4.00000
 0.00002778000,4.72000,4.00000
 0.00002778200,4.56000,4.00000
 0.00002778400,4.72000,3.60000
 0.00002778600,4.72000,4.00000
 0.00002778800,4.72000,3.60000
 0.00002779000,4.72000,4.00000
 0.00002779200,4.64000,3.60000
 0.00002779400,4.64000,3.60000
 0.00002779600,4.56000,4.00000
 0.00002779800,4.72000,3.60000
 0.00002780000,4.56000,4.00000
 0.00002780200,4.64000,3.60000
 0.00002780400,4.64000,4.00000
 0.00002780600,4.56000,4.00000
 0.00002780800,4.64000,4.00000
 0.00002781000,4.64000,4.00000
 0.00002781200,4.56000,3.60000
 0.00002781400,4.56000,4.00000
 0.00002781600,4.56000,4.00000
 0.00002781800,4.48000,4.00000
 0.00002782000,4.56000,4.00000
 0.00002782200,4.56000,3.60000
 0.00002782400,4.72000,3.60000
 0.00002782600,4.64000,4.00000
 0.00002782800,4.64000,3.60000
 0.00002783000,4.56000,4.00000
 0.00002783200,4.72000,3.60000
 0.00002783400,4.64000,3.60000
 0.00002783600,4.64000,3.60000
 0.00002783800,4.72000,3.60000
 0.00002784000,4.64000,4.00000
 0.00002784200,4.64000,3.60000
 0.00002784400,4.64000,4.00000
 0.00002784600,4.64000,3.60000
 0.00002784800,4.64000,3.60000
 0.00002785000,4.56000,4.00000
 0.00002785200,4.64000,3.60000
 0.00002785400,4.64000,4.00000
 0.00002785600,4.72000,3.60000
 0.00002785800,4.56000,3.60000
 0.00002786000,4.56000,4.00000
 0.00002786200,4.56000,3.60000
 0.00002786400,4.56000,3.60000
 0.00002786600,4.64000,3.60000
 0.00002786800,4.56000,3.60000
 0.00002787000,4.56000,4.00000
 0.00002787200,4.56000,4.00000
 0.00002787400,4.64000,3.60000
 0.00002787600,4.64000,3.60000
 0.00002787800,4.64000,3.60000
 0.00002788000,4.72000,4.00000
 0.00002788200,4.64000,4.00000
 0.00002788400,4.64000,4.00000
 0.00002788600,4.72000,3.60000
 0.00002788800,4.72000,3.60000
 0.00002789000,4.64000,4.00000
 0.00002789200,4.64000,4.00000
 0.00002789400,4.72000,4.00000
 0.00002789600,4.64000,4.00000
 0.00002789800,4.72000,3.60000
 0.00002790000,4.64000,4.00000
 0.00002790200,4.72000,4.00000
 0.00002790400,4.64000,4.00000
 0.00002790600,4.56000,4.00000
 0.00002790800,4.56000,3.60000
 0.00002791000,4.64000,4.00000
 0.00002791200,4.64000,3.60000
 0.00002791400,4.64000,4.00000
 0.00002791600,4.64000,3.60000
 0.00002791800,4.64000,3.60000
 0.00002792000,4.72000,4.00000
 0.00002792200,4.64000,3.60000
 0.00002792400,4.64000,3.60000
 0.00002792600,4.64000,3.60000
 0.00002792800,4.72000,4.00000
 0.00002793000,4.56000,4.00000
 0.00002793200,4.64000,3.60000
 0.00002793400,4.64000,3.60000
 0.00002793600,4.64000,4.00000
 0.00002793800,4.64000,4.00000
 0.00002794000,4.56000,4.00000
 0.00002794200,4.64000,3.60000
 0.00002794400,4.64000,4.00000
 0.00002794600,4.64000,4.00000
 0.00002794800,4.56000,3.60000
 0.00002795000,4.64000,4.00000
 0.00002795200,4.56000,3.60000
 0.00002795400,4.64000,4.00000
 0.00002795600,4.72000,3.60000
 0.00002795800,4.64000,3.60000
 0.00002796000,4.72000,3.60000
 0.00002796200,4.64000,3.60000
 0.00002796400,4.72000,3.60000
 0.00002796600,4.72000,3.60000
 0.00002796800,4.72000,3.60000
 0.00002797000,4.72000,3.60000
 0.00002797200,4.64000,4.00000
 0.00002797400,4.72000,3.60000
 0.00002797600,4.64000,4.00000
 0.00002797800,4.72000,3.60000
 0.00002798000,4.56000,4.00000
 0.00002798200,4.56000,4.00000
 0.00002798400,4.72000,4.00000
 0.00002798600,4.64000,4.00000
 0.00002798800,4.64000,3.60000
 0.00002799000,4.64000,4.00000
 0.00002799200,4.56000,4.00000
 0.00002799400,4.56000,4.00000
 0.00002799600,4.64000,3.60000
 0.00002799800,4.64000,3.60000
